ID,AwardID,ExtraAwardID,ActType,Param,IsTeamLeader,remarks,ProfessionLimit,DungeonTeamProLimit,
编号,奖励ID,额外附加奖励ID（配自己也不会无限循环，只会触发一次）,活动类型（读TimeLimitActivityTable表里ActType，每个活动对应一个独立的Type）,参数（和TimeLimitActivity表的OpenParam对应，与活动类型共同作用，同时配代表或，只需要一个就另外一个配0即可）,队长是否可以获得额外奖励（这个配置为1则不用配活动类型）,备注,"职业限定（填允许的职业ID,参考ProfessionTable的ID",副本中队伍特定职业限制（非助战）,
1,3100010,8057021,4,,,简单委托任务礼包,,,
2,3100020,8057021,4,,,简单委托任务礼包,,,
3,3100030,8057021,4,,,简单委托任务礼包,,,
4,3100040,8057021,4,,,简单委托任务礼包,,,
5,3100050,8057021,4,,,简单委托任务礼包,,,
6,3100060,8057021,4,,,简单委托任务礼包,,,
7,3100070,8057021,4,,,简单委托任务礼包,,,
8,3100080,8057021,4,,,简单委托任务礼包,,,
9,3100090,8057021,4,,,简单委托任务礼包,,,
10,3110010,8057024,4,,,困难委托任务礼包,,,
11,3110020,8057024,4,,,困难委托任务礼包,,,
12,3110030,8057024,4,,,困难委托任务礼包,,,
13,3110040,8057024,4,,,困难委托任务礼包,,,
14,3110050,8057024,4,,,困难委托任务礼包,,,
15,3110060,8057024,4,,,困难委托任务礼包,,,
16,3110070,8057024,4,,,困难委托任务礼包,,,
17,3110080,8057024,4,,,困难委托任务礼包,,,
18,3110090,8057024,4,,,困难委托任务礼包,,,
19,3150050,8057025,4,,,40点委托任务,,,
20,3120010,8057024,4,,,圣歌,,,
21,3130010,8057025,4,,,迷雾,,,
22,5410010,8057026,4,,,mini参与奖--摇滚蝗虫--1洞首饰包--615版本,,,
23,5410020,8057026,4,,,mini参与奖--蛙王--1洞首饰包--615版本,,,
24,5410030,8057026,4,,,mini参与奖--蓝疯兔--1洞首饰包--615版本,,,
25,5410040,8057026,4,,,mini参与奖--波利之王--1洞首饰包--615版本,,,
26,5410050,8057026,4,,,mini参与奖--大脚熊mini--1洞首饰包--615版本,,,
27,5410060,8057026,4,,,mini参与奖--巧克猴--1洞首饰包--615版本,,,
28,5410070,8057026,4,,,mini参与奖--龙蝇--1洞首饰包--615版本,,,
29,5410080,8057026,4,,,mini参与奖--深海人鱼--1洞首饰包--615版本,,,
30,5410090,8057026,4,,,mini参与奖--蜗牛王--1洞首饰包--615版本,,,
31,5410100,8057026,4,,,mini参与奖--流浪之狼--1洞首饰包--615版本,,,
32,5410110,8057026,4,,,mini参与奖--狂暴蚁后--1洞首饰包--615版本,,,
33,5410120,8057026,4,,,mini参与奖--幽灵波利--1洞首饰包--615版本,,,
34,5410130,8057026,4,,,mini参与奖--君主魔碑--1洞首饰包--615版本,,,
35,5410140,8057026,4,,,mini参与奖--地狱梦魇--1洞首饰包--615版本,,,
36,5410150,8057026,4,,,mini参与奖--狂暴月夜猫--1洞首饰包--615版本,,,
37,5410160,8057026,4,,,mini参与奖--远古海神--1洞首饰包--615版本,,,
38,5410170,8057026,4,,,mini参与奖--狮鹫兽--1洞首饰包--615版本,,,
39,5410180,8057026,4,,,mini参与奖--暗黑祭司--1洞首饰包--615版本,,,
40,5410190,8057026,4,,,mini参与奖--犬妖首领--1洞首饰包--615版本,,,
41,5410200,8057026,4,,,mini参与奖--安毕斯--1洞首饰包--615版本,,,
42,3210010,8057021,4,,,海姆普通,,,
43,3210060,8057021,4,,,海姆困难,,,
44,3300050,8057027,4,,,无限塔5层,,,
45,3300100,8057027,4,,,无限塔10层,,,
46,3300150,8057027,4,,,无限塔15层,,,
47,3300200,8057027,4,,,无限塔20层,,,
48,3300250,8057027,4,,,无限塔25层,,,
49,3300300,8057027,4,,,无限塔30层,,,
50,3300350,8057027,4,,,无限塔35层,,,
51,3300400,8057027,4,,,无限塔40层,,,
52,3300450,8057027,4,,,无限塔45层,,,
53,3300500,8057027,4,,,无限塔50层,,,
54,3200010,8057021,4,,,北森迷宫主题副本首通奖励包（30级）---615版本,,,
55,3200020,8057021,4,,,下水道主题副本首通奖励包（40级）---615版本,,,
56,3200030,8057021,4,,,海盗船长主题副本首通奖励包（50级）---615版本,,,
57,3200040,8057021,4,,,吉芬暗影主题副本首通奖励包（55级）---615版本,,,
58,3200050,8057021,4,,,蚂蚁洞主题副本首通奖励包（60级）---615版本,,,
59,3200060,8057021,4,,,金字塔主题副本首通奖励包（65级）---615版本,,,
60,3200070,8057021,4,,,H7首通奖励包---615版本,,,
61,3630010,8057027,4,,,极限挑战,,,
62,3630020,8057027,4,,,极限挑战,,,
63,3630030,8057027,4,,,极限挑战,,,
64,6300010,8057027,4,,,奇闻,,,
65,6200020,8057027,4,,,公会狩猎简单难度--615版本,,,
66,6200030,8057027,4,,,公会狩猎普通难度--615版本,,,
67,6200040,8057027,4,,,公会狩猎困难难度--615版本,,,
68,3410010,8057021,4,,,擂台,,,
69,3410020,8057021,4,,,擂台,,,
70,3410030,8057021,4,,,擂台,,,
71,3410040,8057021,4,,,擂台,,,
72,3410050,8057021,4,,,擂台,,,
73,3410060,8057021,4,,,擂台,,,
74,5220010,8057027,4,,,MVP参与,,,
75,5220020,8057027,4,,,MVP参与,,,
76,5220030,8057027,4,,,MVP参与,,,
77,5220040,8057027,4,,,MVP参与,,,
78,5220050,8057027,4,,,MVP参与,,,
79,5220060,8057027,4,,,MVP参与,,,
80,5220070,8057027,4,,,MVP参与,,,
81,5220080,8057027,4,,,MVP参与,,,
82,5220090,8057027,4,,,MVP参与,,,
83,5220100,8057027,4,,,MVP参与,,,
84,5220110,8057027,4,,,MVP参与,,,
85,5220120,8057027,4,,,MVP参与,,,
86,5220130,8057027,4,,,MVP参与,,,
87,5220140,8057027,4,,,MVP参与,,,
88,5220150,8057027,4,,,MVP参与,,,
89,5220160,8057027,4,,,MVP参与,,,
90,5220170,8057027,4,,,MVP参与,,,
91,5220690,8057027,4,,,MVP参与,,,
92,5220700,8057027,4,,,MVP参与,,,
93,5220710,8057027,4,,,MVP参与,,,
94,5220720,8057027,4,,,MVP参与,,,
95,5220730,8057027,4,,,MVP参与,,,
96,5220740,8057027,4,,,MVP参与,,,
97,5220750,8057027,4,,,MVP参与,,,
98,5220760,8057027,4,,,MVP参与,,,
99,5220770,8057027,4,,,MVP参与,,,
100,5220780,8057027,4,,,MVP参与,,,
101,5220790,8057027,4,,,MVP参与,,,
102,5220800,8057027,4,,,MVP参与,,,
103,5220810,8057027,4,,,MVP参与,,,
104,5220820,8057027,4,,,MVP参与,,,
105,5220830,8057027,4,,,MVP参与,,,
106,5220840,8057027,4,,,MVP参与,,,
107,5220850,8057027,4,,,MVP参与,,,
108,5220860,8057027,4,,,MVP参与,,,
109,5220870,8057027,4,,,MVP参与,,,
110,5220880,8057027,4,,,MVP参与,,,
111,5220890,8057027,4,,,MVP参与,,,
112,5220900,8057027,4,,,MVP参与,,,
113,5220910,8057027,4,,,MVP参与,,,
114,5220920,8057027,4,,,MVP参与,,,
115,5220930,8057027,4,,,MVP参与,,,
116,5220940,8057027,4,,,MVP参与,,,
117,5220950,8057027,4,,,MVP参与,,,
118,5220960,8057027,4,,,MVP参与,,,
119,5220970,8057027,4,,,MVP参与,,,
120,5220980,8057027,4,,,MVP参与,,,
121,5220990,8057027,4,,,MVP参与,,,
122,5221000,8057027,4,,,MVP参与,,,
123,5221010,8057027,4,,,MVP参与,,,
124,5221020,8057027,4,,,MVP参与,,,
125,3120010,8057022,,,1,圣歌翻牌,,,
126,3130010,8057022,,,1,迷雾翻牌,,,
127,3300050,8057022,,,1,无限塔5层,,,
128,3300100,8057022,,,1,无尽之塔10层,,,
129,3300150,8057022,,,1,无限塔15层,,,
130,3300200,8057022,,,1,无限塔20层,,,
131,3300250,8057022,,,1,无限塔25层,,,
132,3300300,8057022,,,1,无限塔30层,,,
133,3300350,8057022,,,1,无限塔35层,,,
134,3300400,8057022,,,1,无限塔40层,,,
135,3300450,8057022,,,1,无限塔45层,,,
136,3300500,8057022,,,1,无限塔50层,,,
137,3200010,8057022,,,1,北方异变之森剧情,,,
138,3200020,8057022,,,1,普隆德拉下水道剧情,,,
139,3200030,8057022,,,1,德瑞克幽灵船剧情,,,
140,3200040,8057022,,,1,吉芬地下暗影剧情,,,
141,3200050,8057022,,,1,蚂蚁地狱巢穴剧情,,,
142,3200060,8057022,,,1,金字塔大冒险剧情,,,
143,3200070,8057022,,,1,达纳托斯之战剧情,,,
144,3630010,8057022,,,1,极限挑战1星奖励,,,
145,3630020,8057022,,,1,极限挑战2星奖励,,,
146,3630030,8057022,,,1,极限挑战3星奖励,,,
147,6200030,8057022,,,1,公会狩猎普通,,,
148,6200040,8057022,,,1,公会狩猎困难,,,
149,3400010,8057022,,,1,战场胜利,,,
150,3400020,8057022,,,1,战场失败,,,
151,3210040,8057022,,,1,海姆普通,,,
152,3210090,8057022,,,1,海姆困难,,,
153,8000260,8000690,,301,,圣歌协同之证--助战,,,
154,8000270,8000700,,301,,迷雾之森协同之证--助战,,,
155,8000280,8000770,,301,,主题本普通协同之证--助战,,,
156,8000290,8000780,,301,,主题本困难协同之证--助战,,,
157,8000300,8000720,,301,,无限塔3、8协同之证--助战,,,
158,8000310,8000730,,301,,无限塔5、10协同之证--助战,,,
159,8000330,8000740,,301,,极限挑战*协同之证--助战,,,
160,8000340,8000750,,301,,极限挑战**协同之证--助战,,,
161,8000350,8000760,,301,,极限挑战***协同之证--助战,,,
162,8000570,8000790,,301,,剧情本30难度,,,
163,8000580,8000800,,301,,剧情本40难度,,,
164,8000590,8000810,,301,,剧情本50难度,,,
165,8000600,8000820,,301,,剧情本60难度,,,
166,8000610,8000830,,301,,剧情本65难度,,,
167,8000620,8000840,,301,,剧情本70难度,,,
168,8000630,8000850,,301,,剧情本75难度,,,
169,8000640,8000860,,301,,剧情本80难度,,,
170,8000650,8000870,,301,,剧情本85难度,,,
171,3400010,3440010,,302,,战场胜利,,,
172,3400020,3440020,,302,,战场失败,,,
173,3410010,3450010,,302,,擂台1层,,,
174,3410020,3450020,,302,,擂台2层,,,
175,3410030,3450030,,302,,擂台3层,,,
176,3410040,3450040,,302,,擂台4层,,,
177,3410050,3450050,,302,,擂台5层,,,
178,3410060,3450060,,302,,擂台6层,,,
179,3410070,3450070,,302,,擂台7层,,,
180,3410080,3450080,,302,,擂台8层,,,
181,3630010,3630040,,303,,极限挑战1星奖励,,,
182,3630020,3630050,,303,,极限挑战2星奖励,,,
183,3630030,3630060,,303,,极限挑战3星奖励,,,
184,3110080,8200160,,305,,物种天然,,,
185,3110090,8200160,,305,,高级魔物研究,,,
186,3100050,8200150,,305,,收集道具,,,
187,3110050,8200160,,305,,贸易传说手记|喷泉舞蹈会20点,,,
188,3110020,8200160,,305,,白羽团历练,,,
189,3150050,8200170,,305,,喷泉舞蹈会40点,,,
190,3120010,8200160,,305,,圣歌试炼,,,
191,3100010,8200150,,305,,教国谍影,,,
192,3100020,8200150,,305,,灵巧试炼,,,
193,3130020,8200170,,305,,迷雾之森,,,
194,3110060,8200160,,305,,魔物试炼,,,
195,3100090,8200150,,305,,点火把,,,
196,3110080,8200550,,305,,物种天然,,,
197,3110090,8200550,,305,,高级魔物研究,,,
198,3100050,8200540,,305,,收集道具,,,
199,3110050,8200550,,305,,贸易传说手记|喷泉舞蹈会20点,,,
200,3110020,8200550,,305,,白羽团历练,,,
201,3150050,8200560,,305,,喷泉舞蹈会40点,,,
202,3120010,8200550,,305,,圣歌试炼,,,
203,3100010,8200540,,305,,教国谍影,,,
204,3100020,8200540,,305,,灵巧试炼,,,
205,3130020,8200560,,305,,迷雾之森,,,
206,3110060,8200550,,305,,魔物试炼,,,
207,3100090,8200540,,305,,点火把,,,
208,8200600,8200640,,305,,秋夕节精英兔子参与奖,,,
209,8200610,8200650,,305,,秋夕节精英兔子伤害随即奖,,,
210,8200620,8200500,,305,,精英兔子死亡后采集奖,,,
211,8200630,8200510,,305,,小兔子奖,,,
212,5100010,8200260,,305,,野怪额外掉落秋夕节材料,,,
213,5100020,8200260,,305,,野怪额外掉落秋夕节材料,,,
214,5100030,8200260,,305,,野怪额外掉落秋夕节材料,,,
215,5100040,8200260,,305,,野怪额外掉落秋夕节材料,,,
216,5100050,8200260,,305,,野怪额外掉落秋夕节材料,,,
217,5100060,8200260,,305,,野怪额外掉落秋夕节材料,,,
218,5100070,8200260,,305,,野怪额外掉落秋夕节材料,,,
219,5100080,8200260,,305,,野怪额外掉落秋夕节材料,,,
220,5100090,8200260,,305,,野怪额外掉落秋夕节材料,,,
221,5100100,8200260,,305,,野怪额外掉落秋夕节材料,,,
222,5100110,8200260,,305,,野怪额外掉落秋夕节材料,,,
223,5100120,8200260,,305,,野怪额外掉落秋夕节材料,,,
224,5100130,8200260,,305,,野怪额外掉落秋夕节材料,,,
225,5100140,8200260,,305,,野怪额外掉落秋夕节材料,,,
226,5100150,8200260,,305,,野怪额外掉落秋夕节材料,,,
227,5100160,8200260,,305,,野怪额外掉落秋夕节材料,,,
228,5100170,8200260,,305,,野怪额外掉落秋夕节材料,,,
229,5100180,8200260,,305,,野怪额外掉落秋夕节材料,,,
230,5100190,8200260,,305,,野怪额外掉落秋夕节材料,,,
231,5100200,8200260,,305,,野怪额外掉落秋夕节材料,,,
232,5100210,8200260,,305,,野怪额外掉落秋夕节材料,,,
233,5100220,8200260,,305,,野怪额外掉落秋夕节材料,,,
234,5100230,8200260,,305,,野怪额外掉落秋夕节材料,,,
235,5100240,8200260,,305,,野怪额外掉落秋夕节材料,,,
236,5100250,8200260,,305,,野怪额外掉落秋夕节材料,,,
237,5100260,8200260,,305,,野怪额外掉落秋夕节材料,,,
238,5100270,8200260,,305,,野怪额外掉落秋夕节材料,,,
239,5100280,8200260,,305,,野怪额外掉落秋夕节材料,,,
240,5100290,8200260,,305,,野怪额外掉落秋夕节材料,,,
241,5100300,8200260,,305,,野怪额外掉落秋夕节材料,,,
242,5100310,8200260,,305,,野怪额外掉落秋夕节材料,,,
243,5100320,8200260,,305,,野怪额外掉落秋夕节材料,,,
244,5100330,8200260,,305,,野怪额外掉落秋夕节材料,,,
245,5100340,8200260,,305,,野怪额外掉落秋夕节材料,,,
246,5100350,8200260,,305,,野怪额外掉落秋夕节材料,,,
247,5100360,8200260,,305,,野怪额外掉落秋夕节材料,,,
248,5100370,8200260,,305,,野怪额外掉落秋夕节材料,,,
249,5100380,8200260,,305,,野怪额外掉落秋夕节材料,,,
250,5100390,8200260,,305,,野怪额外掉落秋夕节材料,,,
251,5100400,8200260,,305,,野怪额外掉落秋夕节材料,,,
252,5100410,8200260,,305,,野怪额外掉落秋夕节材料,,,
253,5100420,8200260,,305,,野怪额外掉落秋夕节材料,,,
254,5100430,8200260,,305,,野怪额外掉落秋夕节材料,,,
255,5100440,8200260,,305,,野怪额外掉落秋夕节材料,,,
256,5100450,8200260,,305,,野怪额外掉落秋夕节材料,,,
257,5100460,8200260,,305,,野怪额外掉落秋夕节材料,,,
258,5100470,8200260,,305,,野怪额外掉落秋夕节材料,,,
259,5100480,8200260,,305,,野怪额外掉落秋夕节材料,,,
260,5100490,8200260,,305,,野怪额外掉落秋夕节材料,,,
261,5100500,8200260,,305,,野怪额外掉落秋夕节材料,,,
262,5100510,8200260,,305,,野怪额外掉落秋夕节材料,,,
263,5100520,8200260,,305,,野怪额外掉落秋夕节材料,,,
264,5100530,8200260,,305,,野怪额外掉落秋夕节材料,,,
265,5100540,8200260,,305,,野怪额外掉落秋夕节材料,,,
266,5100550,8200260,,305,,野怪额外掉落秋夕节材料,,,
267,5100560,8200260,,305,,野怪额外掉落秋夕节材料,,,
268,5100570,8200260,,305,,野怪额外掉落秋夕节材料,,,
269,5100580,8200260,,305,,野怪额外掉落秋夕节材料,,,
270,5100590,8200260,,305,,野怪额外掉落秋夕节材料,,,
271,5100600,8200260,,305,,野怪额外掉落秋夕节材料,,,
272,5100610,8200260,,305,,野怪额外掉落秋夕节材料,,,
273,5100620,8200260,,305,,野怪额外掉落秋夕节材料,,,
274,5100630,8200260,,305,,野怪额外掉落秋夕节材料,,,
275,5100640,8200260,,305,,野怪额外掉落秋夕节材料,,,
276,5100650,8200260,,305,,野怪额外掉落秋夕节材料,,,
277,5100660,8200260,,305,,野怪额外掉落秋夕节材料,,,
278,5100670,8200260,,305,,野怪额外掉落秋夕节材料,,,
279,5100680,8200260,,305,,野怪额外掉落秋夕节材料,,,
280,5100690,8200260,,305,,野怪额外掉落秋夕节材料,,,
281,5100700,8200260,,305,,野怪额外掉落秋夕节材料,,,
282,5100710,8200260,,305,,野怪额外掉落秋夕节材料,,,
283,5100720,8200260,,305,,野怪额外掉落秋夕节材料,,,
284,5100730,8200260,,305,,野怪额外掉落秋夕节材料,,,
285,5100740,8200260,,305,,野怪额外掉落秋夕节材料,,,
286,5100750,8200260,,305,,野怪额外掉落秋夕节材料,,,
287,5100760,8200260,,305,,野怪额外掉落秋夕节材料,,,
288,5100770,8200260,,305,,野怪额外掉落秋夕节材料,,,
289,5100780,8200260,,305,,野怪额外掉落秋夕节材料,,,
290,5100790,8200260,,305,,野怪额外掉落秋夕节材料,,,
291,5100800,8200260,,305,,野怪额外掉落秋夕节材料,,,
292,5100810,8200260,,305,,野怪额外掉落秋夕节材料,,,
293,5100820,8200260,,305,,野怪额外掉落秋夕节材料,,,
294,5100830,8200260,,305,,野怪额外掉落秋夕节材料,,,
295,5100840,8200260,,305,,野怪额外掉落秋夕节材料,,,
296,5100850,8200260,,305,,野怪额外掉落秋夕节材料,,,
297,5100860,8200260,,305,,野怪额外掉落秋夕节材料,,,
298,5100870,8200260,,305,,野怪额外掉落秋夕节材料,,,
299,5100880,8200260,,305,,野怪额外掉落秋夕节材料,,,
300,5100890,8200260,,305,,野怪额外掉落秋夕节材料,,,
301,5100900,8200260,,305,,野怪额外掉落秋夕节材料,,,
302,5100910,8200260,,305,,野怪额外掉落秋夕节材料,,,
303,5100920,8200260,,305,,野怪额外掉落秋夕节材料,,,
304,5100930,8200260,,305,,野怪额外掉落秋夕节材料,,,
305,5100940,8200260,,305,,野怪额外掉落秋夕节材料,,,
306,5100950,8200260,,305,,野怪额外掉落秋夕节材料,,,
307,5100960,8200260,,305,,野怪额外掉落秋夕节材料,,,
308,5100970,8200260,,305,,野怪额外掉落秋夕节材料,,,
309,5100980,8200260,,305,,野怪额外掉落秋夕节材料,,,
310,5100990,8200260,,305,,野怪额外掉落秋夕节材料,,,
311,5101000,8200260,,305,,野怪额外掉落秋夕节材料,,,
312,5101010,8200260,,305,,野怪额外掉落秋夕节材料,,,
313,5101020,8200260,,305,,野怪额外掉落秋夕节材料,,,
314,5101030,8200260,,305,,野怪额外掉落秋夕节材料,,,
315,5101040,8200260,,305,,野怪额外掉落秋夕节材料,,,
316,5101050,8200260,,305,,野怪额外掉落秋夕节材料,,,
317,5101060,8200260,,305,,野怪额外掉落秋夕节材料,,,
318,5101070,8200260,,305,,野怪额外掉落秋夕节材料,,,
319,5101080,8200260,,305,,野怪额外掉落秋夕节材料,,,
320,5101090,8200260,,305,,野怪额外掉落秋夕节材料,,,
321,5101100,8200260,,305,,野怪额外掉落秋夕节材料,,,
322,5101110,8200260,,305,,野怪额外掉落秋夕节材料,,,
323,5101120,8200260,,305,,野怪额外掉落秋夕节材料,,,
324,5101130,8200260,,305,,野怪额外掉落秋夕节材料,,,
325,5101140,8200260,,305,,野怪额外掉落秋夕节材料,,,
326,5101150,8200260,,305,,野怪额外掉落秋夕节材料,,,
327,5101160,8200260,,305,,野怪额外掉落秋夕节材料,,,
328,5101170,8200260,,305,,野怪额外掉落秋夕节材料,,,
329,5101180,8200260,,305,,野怪额外掉落秋夕节材料,,,
330,5101190,8200260,,305,,野怪额外掉落秋夕节材料,,,
331,5101200,8200260,,305,,野怪额外掉落秋夕节材料,,,
332,5101210,8200260,,305,,野怪额外掉落秋夕节材料,,,
333,5101220,8200260,,305,,野怪额外掉落秋夕节材料,,,
334,5101230,8200260,,305,,野怪额外掉落秋夕节材料,,,
335,5101240,8200260,,305,,野怪额外掉落秋夕节材料,,,
336,5101250,8200260,,305,,野怪额外掉落秋夕节材料,,,
337,5101260,8200260,,305,,野怪额外掉落秋夕节材料,,,
338,5101270,8200260,,305,,野怪额外掉落秋夕节材料,,,
339,5101280,8200260,,305,,野怪额外掉落秋夕节材料,,,
340,5101290,8200260,,305,,野怪额外掉落秋夕节材料,,,
341,5101300,8200260,,305,,野怪额外掉落秋夕节材料,,,
342,5101310,8200260,,305,,野怪额外掉落秋夕节材料,,,
343,5101320,8200260,,305,,野怪额外掉落秋夕节材料,,,
344,5101330,8200260,,305,,野怪额外掉落秋夕节材料,,,
345,5101340,8200260,,305,,野怪额外掉落秋夕节材料,,,
346,5101350,8200260,,305,,野怪额外掉落秋夕节材料,,,
347,5101360,8200260,,305,,野怪额外掉落秋夕节材料,,,
348,5101370,8200260,,305,,野怪额外掉落秋夕节材料,,,
349,5101380,8200260,,305,,野怪额外掉落秋夕节材料,,,
350,5101390,8200260,,305,,野怪额外掉落秋夕节材料,,,
351,5101400,8200260,,305,,野怪额外掉落秋夕节材料,,,
352,5101410,8200260,,305,,野怪额外掉落秋夕节材料,,,
353,5101420,8200260,,305,,野怪额外掉落秋夕节材料,,,
354,5101430,8200260,,305,,野怪额外掉落秋夕节材料,,,
355,5101440,8200260,,305,,野怪额外掉落秋夕节材料,,,
356,5101450,8200260,,305,,野怪额外掉落秋夕节材料,,,
357,5101460,8200260,,305,,野怪额外掉落秋夕节材料,,,
358,5101470,8200260,,305,,野怪额外掉落秋夕节材料,,,
359,5101480,8200260,,305,,野怪额外掉落秋夕节材料,,,
360,5101490,8200260,,305,,深海电鳗,,,
361,5101500,8200260,,305,,酱缸章鱼,,,
362,5101510,8200260,,305,,赛杜拉,,,
363,5101520,8200260,,305,,狄奥斯,,,
364,5101530,8200260,,305,,雪熊,,,
365,5101540,8200260,,305,,狂暴大脚熊,,,
366,5101550,8200260,,305,,愤怒波波利,,,
367,5101560,8200260,,305,,狂暴螳螂,,,
368,5101570,8200260,,305,,迅捷螳螂,,,
369,5101580,8200260,,305,,狂暴克瑞米,,,
370,5101590,8200260,,305,,小巴风特,,,
371,3300010,3305020,,306,,无限塔1层,,,
372,3300020,3305020,,306,,无限塔2层,,,
373,3300030,3305030,,306,,无限塔3层,,,
374,3300040,3305020,,306,,无限塔4层,,,
375,3300050,3305040,,306,,无限塔5层,,,
376,3300060,3305020,,306,,无限塔6层,,,
377,3300070,3305020,,306,,无限塔7层,,,
378,3300080,3305030,,306,,无限塔8层,,,
379,3300090,3305020,,306,,无限塔9层,,,
380,3300100,3305040,,306,,无限塔10层,,,
381,3300110,3305020,,306,,无限塔11层,,,
382,3300120,3305020,,306,,无限塔12层,,,
383,3300130,3305030,,306,,无限塔13层,,,
384,3300140,3305020,,306,,无限塔14层,,,
385,3300150,3305040,,306,,无限塔15层,,,
386,3300160,3305020,,306,,无限塔16层,,,
387,3300170,3305020,,306,,无限塔17层,,,
388,3300180,3305030,,306,,无限塔18层,,,
389,3300190,3305020,,306,,无限塔19层,,,
390,3300200,3305040,,306,,无限塔20层,,,
391,3300210,3305020,,306,,无限塔21层,,,
392,3300220,3305020,,306,,无限塔22层,,,
393,3300230,3305030,,306,,无限塔23层,,,
394,3300240,3305020,,306,,无限塔24层,,,
395,3300250,3305040,,306,,无限塔25层,,,
396,3300260,3305020,,306,,无限塔26层,,,
397,3300270,3305020,,306,,无限塔27层,,,
398,3300280,3305030,,306,,无限塔28层,,,
399,3300290,3305020,,306,,无限塔29层,,,
400,3300300,3305040,,306,,无限塔30层,,,
401,3300310,3305020,,306,,无限塔31层,,,
402,3300320,3305020,,306,,无限塔32层,,,
403,3300330,3305030,,306,,无限塔33层,,,
404,3300340,3305020,,306,,无限塔34层,,,
405,3300350,3305040,,306,,无限塔35层,,,
406,3300360,3305020,,306,,无限塔36层,,,
407,3300370,3305020,,306,,无限塔37层,,,
408,3300380,3305030,,306,,无限塔38层,,,
409,3300390,3305020,,306,,无限塔39层,,,
410,3300400,3305040,,306,,无限塔40层,,,
411,3300410,3305020,,306,,无限塔41层,,,
412,3300420,3305020,,306,,无限塔42层,,,
413,3300430,3305030,,306,,无限塔43层,,,
414,3300440,3305020,,306,,无限塔44层,,,
415,3300450,3305040,,306,,无限塔45层,,,
416,3300460,3305020,,306,,无限塔46层,,,
417,3300470,3305020,,306,,无限塔47层,,,
418,3300480,3305030,,306,,无限塔48层,,,
419,3300490,3305020,,306,,无限塔49层,,,
420,3300500,3305040,,306,,无限塔50层,,,
421,3300050,3305070,,306,,无限塔5层,,,
422,3300100,3305070,,306,,无限塔10层,,,
423,3300150,3305050,,306,,无限塔15层,,,
424,3300200,3305050,,306,,无限塔20层,,,
425,3300250,3305050,,306,,无限塔25层,,,
426,3300300,3305050,,306,,无限塔30层,,,
427,3300350,3305050,,306,,无限塔35层,,,
428,3300400,3305050,,306,,无限塔40层,,,
429,3300450,3305050,,306,,无限塔45层,,,
430,3300500,3305050,,306,,无限塔50层,,,
431,3300030,3305060,,306,,无限塔3层,,,
432,3300080,3305060,,306,,无限塔8层,,,
433,3300130,3305060,,306,,无限塔13层,,,
434,3300180,3305060,,306,,无限塔18层,,,
435,3300230,3305060,,306,,无限塔23层,,,
436,3300280,3305060,,306,,无限塔28层,,,
437,3300330,3305060,,306,,无限塔33层,,,
438,3300380,3305060,,306,,无限塔38层,,,
439,3300430,3305060,,306,,无限塔43层,,,
440,3300480,3305060,,306,,无限塔48层,,,
441,3100010,8210110,,307,,简单委托任务礼包,,,
442,3100020,8210110,,307,,简单委托任务礼包,,,
443,3100030,8210110,,307,,简单委托任务礼包,,,
444,3100040,8210110,,307,,简单委托任务礼包,,,
445,3100050,8210110,,307,,简单委托任务礼包,,,
446,3100060,8210110,,307,,简单委托任务礼包,,,
447,3100070,8210110,,307,,简单委托任务礼包,,,
448,3100080,8210110,,307,,简单委托任务礼包,,,
449,3100090,8210110,,307,,简单委托任务礼包,,,
450,3110010,8210120,,307,,困难委托任务礼包,,,
451,3110020,8210120,,307,,困难委托任务礼包,,,
452,3110030,8210120,,307,,困难委托任务礼包,,,
453,3110040,8210120,,307,,困难委托任务礼包,,,
454,3110050,8210120,,307,,困难委托任务礼包,,,
455,3110060,8210120,,307,,困难委托任务礼包,,,
456,3110070,8210120,,307,,困难委托任务礼包,,,
457,3110080,8210120,,307,,困难委托任务礼包,,,
458,3110090,8210120,,307,,困难委托任务礼包,,,
459,3150050,8210130,,307,,40点委托任务,,,
460,3120010,8210120,,307,,圣歌,,,
461,3130010,8210130,,307,,迷雾,,,
462,5100010,8210140,,307,,野怪掉落南瓜币,,,
463,5100020,8210140,,307,,野怪掉落南瓜币,,,
464,5100030,8210140,,307,,野怪掉落南瓜币,,,
465,5100040,8210140,,307,,野怪掉落南瓜币,,,
466,5100050,8210140,,307,,野怪掉落南瓜币,,,
467,5100060,8210140,,307,,野怪掉落南瓜币,,,
468,5100070,8210140,,307,,野怪掉落南瓜币,,,
469,5100080,8210140,,307,,野怪掉落南瓜币,,,
470,5100090,8210140,,307,,野怪掉落南瓜币,,,
471,5100100,8210140,,307,,野怪掉落南瓜币,,,
472,5100110,8210140,,307,,野怪掉落南瓜币,,,
473,5100120,8210140,,307,,野怪掉落南瓜币,,,
474,5100130,8210140,,307,,野怪掉落南瓜币,,,
475,5100140,8210140,,307,,野怪掉落南瓜币,,,
476,5100150,8210140,,307,,野怪掉落南瓜币,,,
477,5100160,8210140,,307,,野怪掉落南瓜币,,,
478,5100170,8210140,,307,,野怪掉落南瓜币,,,
479,5100180,8210140,,307,,野怪掉落南瓜币,,,
480,5100190,8210140,,307,,野怪掉落南瓜币,,,
481,5100200,8210140,,307,,野怪掉落南瓜币,,,
482,5100210,8210140,,307,,野怪掉落南瓜币,,,
483,5100220,8210140,,307,,野怪掉落南瓜币,,,
484,5100230,8210140,,307,,野怪掉落南瓜币,,,
485,5100240,8210140,,307,,野怪掉落南瓜币,,,
486,5100250,8210140,,307,,野怪掉落南瓜币,,,
487,5100260,8210140,,307,,野怪掉落南瓜币,,,
488,5100270,8210140,,307,,野怪掉落南瓜币,,,
489,5100280,8210140,,307,,野怪掉落南瓜币,,,
490,5100290,8210140,,307,,野怪掉落南瓜币,,,
491,5100300,8210140,,307,,野怪掉落南瓜币,,,
492,5100310,8210140,,307,,野怪掉落南瓜币,,,
493,5100320,8210140,,307,,野怪掉落南瓜币,,,
494,5100330,8210140,,307,,野怪掉落南瓜币,,,
495,5100340,8210140,,307,,野怪掉落南瓜币,,,
496,5100350,8210140,,307,,野怪掉落南瓜币,,,
497,5100360,8210140,,307,,野怪掉落南瓜币,,,
498,5100370,8210140,,307,,野怪掉落南瓜币,,,
499,5100380,8210140,,307,,野怪掉落南瓜币,,,
500,5100390,8210140,,307,,野怪掉落南瓜币,,,
501,5100400,8210140,,307,,野怪掉落南瓜币,,,
502,5100410,8210140,,307,,野怪掉落南瓜币,,,
503,5100420,8210140,,307,,野怪掉落南瓜币,,,
504,5100430,8210140,,307,,野怪掉落南瓜币,,,
505,5100440,8210140,,307,,野怪掉落南瓜币,,,
506,5100450,8210140,,307,,野怪掉落南瓜币,,,
507,5100460,8210140,,307,,野怪掉落南瓜币,,,
508,5100470,8210140,,307,,野怪掉落南瓜币,,,
509,5100480,8210140,,307,,野怪掉落南瓜币,,,
510,5100490,8210140,,307,,野怪掉落南瓜币,,,
511,5100500,8210140,,307,,野怪掉落南瓜币,,,
512,5100510,8210140,,307,,野怪掉落南瓜币,,,
513,5100520,8210140,,307,,野怪掉落南瓜币,,,
514,5100530,8210140,,307,,野怪掉落南瓜币,,,
515,5100540,8210140,,307,,野怪掉落南瓜币,,,
516,5100550,8210140,,307,,野怪掉落南瓜币,,,
517,5100560,8210140,,307,,野怪掉落南瓜币,,,
518,5100570,8210140,,307,,野怪掉落南瓜币,,,
519,5100580,8210140,,307,,野怪掉落南瓜币,,,
520,5100590,8210140,,307,,野怪掉落南瓜币,,,
521,5100600,8210140,,307,,野怪掉落南瓜币,,,
522,5100610,8210140,,307,,野怪掉落南瓜币,,,
523,5100620,8210140,,307,,野怪掉落南瓜币,,,
524,5100630,8210140,,307,,野怪掉落南瓜币,,,
525,5100640,8210140,,307,,野怪掉落南瓜币,,,
526,5100650,8210140,,307,,野怪掉落南瓜币,,,
527,5100660,8210140,,307,,野怪掉落南瓜币,,,
528,5100670,8210140,,307,,野怪掉落南瓜币,,,
529,5100680,8210140,,307,,野怪掉落南瓜币,,,
530,5100690,8210140,,307,,野怪掉落南瓜币,,,
531,5100700,8210140,,307,,野怪掉落南瓜币,,,
532,5100710,8210140,,307,,野怪掉落南瓜币,,,
533,5100720,8210140,,307,,野怪掉落南瓜币,,,
534,5100730,8210140,,307,,野怪掉落南瓜币,,,
535,5100740,8210140,,307,,野怪掉落南瓜币,,,
536,5100750,8210140,,307,,野怪掉落南瓜币,,,
537,5100760,8210140,,307,,野怪掉落南瓜币,,,
538,5100770,8210140,,307,,野怪掉落南瓜币,,,
539,5100780,8210140,,307,,野怪掉落南瓜币,,,
540,5100790,8210140,,307,,野怪掉落南瓜币,,,
541,5100800,8210140,,307,,野怪掉落南瓜币,,,
542,5100810,8210140,,307,,野怪掉落南瓜币,,,
543,5100820,8210140,,307,,野怪掉落南瓜币,,,
544,5100830,8210140,,307,,野怪掉落南瓜币,,,
545,5100840,8210140,,307,,野怪掉落南瓜币,,,
546,5100850,8210140,,307,,野怪掉落南瓜币,,,
547,5100860,8210140,,307,,野怪掉落南瓜币,,,
548,5100870,8210140,,307,,野怪掉落南瓜币,,,
549,5100880,8210140,,307,,野怪掉落南瓜币,,,
550,5100890,8210140,,307,,野怪掉落南瓜币,,,
551,5100900,8210140,,307,,野怪掉落南瓜币,,,
552,5100910,8210140,,307,,野怪掉落南瓜币,,,
553,5100920,8210140,,307,,野怪掉落南瓜币,,,
554,5100930,8210140,,307,,野怪掉落南瓜币,,,
555,5100940,8210140,,307,,野怪掉落南瓜币,,,
556,5100950,8210140,,307,,野怪掉落南瓜币,,,
557,5100960,8210140,,307,,野怪掉落南瓜币,,,
558,5100970,8210140,,307,,野怪掉落南瓜币,,,
559,5100980,8210140,,307,,野怪掉落南瓜币,,,
560,5100990,8210140,,307,,野怪掉落南瓜币,,,
561,5101000,8210140,,307,,野怪掉落南瓜币,,,
562,5101010,8210140,,307,,野怪掉落南瓜币,,,
563,5101020,8210140,,307,,野怪掉落南瓜币,,,
564,5101030,8210140,,307,,野怪掉落南瓜币,,,
565,5101040,8210140,,307,,野怪掉落南瓜币,,,
566,5101050,8210140,,307,,野怪掉落南瓜币,,,
567,5101060,8210140,,307,,野怪掉落南瓜币,,,
568,5101070,8210140,,307,,野怪掉落南瓜币,,,
569,5101080,8210140,,307,,野怪掉落南瓜币,,,
570,5101090,8210140,,307,,野怪掉落南瓜币,,,
571,5101100,8210140,,307,,野怪掉落南瓜币,,,
572,5101110,8210140,,307,,野怪掉落南瓜币,,,
573,5101120,8210140,,307,,野怪掉落南瓜币,,,
574,5101130,8210140,,307,,野怪掉落南瓜币,,,
575,5101140,8210140,,307,,野怪掉落南瓜币,,,
576,5101150,8210140,,307,,野怪掉落南瓜币,,,
577,5101160,8210140,,307,,野怪掉落南瓜币,,,
578,5101170,8210140,,307,,野怪掉落南瓜币,,,
579,5101180,8210140,,307,,野怪掉落南瓜币,,,
580,5101190,8210140,,307,,野怪掉落南瓜币,,,
581,5101200,8210140,,307,,野怪掉落南瓜币,,,
582,5101210,8210140,,307,,野怪掉落南瓜币,,,
583,5101220,8210140,,307,,野怪掉落南瓜币,,,
584,5101230,8210140,,307,,野怪掉落南瓜币,,,
585,5101240,8210140,,307,,野怪掉落南瓜币,,,
586,5101250,8210140,,307,,野怪掉落南瓜币,,,
587,5101260,8210140,,307,,野怪掉落南瓜币,,,
588,5101270,8210140,,307,,野怪掉落南瓜币,,,
589,5101280,8210140,,307,,野怪掉落南瓜币,,,
590,5101290,8210140,,307,,野怪掉落南瓜币,,,
591,5101300,8210140,,307,,野怪掉落南瓜币,,,
592,5101310,8210140,,307,,野怪掉落南瓜币,,,
593,5101320,8210140,,307,,野怪掉落南瓜币,,,
594,5101330,8210140,,307,,野怪掉落南瓜币,,,
595,5101340,8210140,,307,,野怪掉落南瓜币,,,
596,5101350,8210140,,307,,野怪掉落南瓜币,,,
597,5101360,8210140,,307,,野怪掉落南瓜币,,,
598,5101370,8210140,,307,,野怪掉落南瓜币,,,
599,5101380,8210140,,307,,野怪掉落南瓜币,,,
600,5101390,8210140,,307,,野怪掉落南瓜币,,,
601,5101400,8210140,,307,,野怪掉落南瓜币,,,
602,5101410,8210140,,307,,野怪掉落南瓜币,,,
603,5101420,8210140,,307,,野怪掉落南瓜币,,,
604,5101430,8210140,,307,,野怪掉落南瓜币,,,
605,5101440,8210140,,307,,野怪掉落南瓜币,,,
606,5101450,8210140,,307,,野怪掉落南瓜币,,,
607,5101460,8210140,,307,,野怪掉落南瓜币,,,
608,5101470,8210140,,307,,野怪掉落南瓜币,,,
609,5101480,8210140,,307,,野怪掉落南瓜币,,,
610,5101490,8210140,,307,,野怪掉落南瓜币,,,
611,5101500,8210140,,307,,野怪掉落南瓜币,,,
612,5101510,8210140,,307,,野怪掉落南瓜币,,,
613,5101520,8210140,,307,,野怪掉落南瓜币,,,
614,5101530,8210140,,307,,野怪掉落南瓜币,,,
615,5101540,8210140,,307,,野怪掉落南瓜币,,,
616,5101550,8210140,,307,,野怪掉落南瓜币,,,
617,5101560,8210140,,307,,野怪掉落南瓜币,,,
618,5101570,8210140,,307,,野怪掉落南瓜币,,,
619,5101580,8210140,,307,,野怪掉落南瓜币,,,
620,5101590,8210140,,307,,野怪掉落南瓜币,,,
621,6100010,8210180,,308,,宴会吃菜奖励,,,
622,3100010,8210210,,310,,简单委托任务礼包+100万铜币,7211|7212|7201|7202,,
623,3100020,8210210,,310,,简单委托任务礼包+100万铜币,7211|7212|7201|7202,,
624,3100030,8210210,,310,,简单委托任务礼包+100万铜币,7211|7212|7201|7202,,
625,3100040,8210210,,310,,简单委托任务礼包+100万铜币,7211|7212|7201|7202,,
626,3100050,8210210,,310,,简单委托任务礼包+100万铜币,7211|7212|7201|7202,,
627,3100060,8210210,,310,,简单委托任务礼包+100万铜币,7211|7212|7201|7202,,
628,3100070,8210210,,310,,简单委托任务礼包+100万铜币,7211|7212|7201|7202,,
629,3100080,8210210,,310,,简单委托任务礼包+100万铜币,7211|7212|7201|7202,,
630,3100090,8210210,,310,,简单委托任务礼包+100万铜币,7211|7212|7201|7202,,
631,3110010,8210190,,310,,困难委托任务礼包+200万铜币,7211|7212|7201|7202,,
632,3110020,8210190,,310,,困难委托任务礼包+200万铜币,7211|7212|7201|7202,,
633,3110030,8210190,,310,,困难委托任务礼包+200万铜币,7211|7212|7201|7202,,
634,3110040,8210190,,310,,困难委托任务礼包+200万铜币,7211|7212|7201|7202,,
635,3110050,8210190,,310,,困难委托任务礼包+200万铜币,7211|7212|7201|7202,,
636,3110060,8210190,,310,,困难委托任务礼包+200万铜币,7211|7212|7201|7202,,
637,3110070,8210190,,310,,困难委托任务礼包+200万铜币,7211|7212|7201|7202,,
638,3110080,8210190,,310,,困难委托任务礼包+200万铜币,7211|7212|7201|7202,,
639,3110090,8210190,,310,,困难委托任务礼包+200万铜币,7211|7212|7201|7202,,
640,3150050,8210200,,310,,40点委托任务+200万铜币,7211|7212|7201|7202,,
641,3120010,8210190,,310,,圣歌+200万铜币,7211|7212|7201|7202,,
642,3130010,8210200,,310,,迷雾+200万铜币,7211|7212|7201|7202,,
643,8000260,8000690,,310,,圣歌协同之证--助战,,7211|7212|7201|7202,新职业福利
644,8000270,8000700,,310,,迷雾之森协同之证--助战,,7211|7212|7201|7202,新职业福利
645,8000280,8000770,,310,,主题本普通协同之证--助战,,7211|7212|7201|7202,新职业福利
646,8000290,8000780,,310,,主题本困难协同之证--助战,,7211|7212|7201|7202,新职业福利
647,8000300,8000720,,310,,无限塔3、8协同之证--助战,,7211|7212|7201|7202,新职业福利
648,8000310,8000730,,310,,无限塔5、10协同之证--助战,,7211|7212|7201|7202,新职业福利
649,8000330,8000740,,310,,极限挑战*协同之证--助战,,7211|7212|7201|7202,新职业福利
650,8000340,8000750,,310,,极限挑战**协同之证--助战,,7211|7212|7201|7202,新职业福利
651,8000350,8000760,,310,,极限挑战***协同之证--助战,,7211|7212|7201|7202,新职业福利
652,8000570,8000790,,310,,剧情本30难度,,7211|7212|7201|7202,新职业福利
653,8000580,8000800,,310,,剧情本40难度,,7211|7212|7201|7202,新职业福利
654,8000590,8000810,,310,,剧情本50难度,,7211|7212|7201|7202,新职业福利
655,8000600,8000820,,310,,剧情本60难度,,7211|7212|7201|7202,新职业福利
656,8000610,8000830,,310,,剧情本65难度,,7211|7212|7201|7202,新职业福利
657,8000620,8000840,,310,,剧情本70难度,,7211|7212|7201|7202,新职业福利
658,8000630,8000850,,310,,剧情本75难度,,7211|7212|7201|7202,新职业福利
659,8000640,8000860,,310,,剧情本80难度,,7211|7212|7201|7202,新职业福利
660,8000650,8000870,,310,,剧情本85难度,,7211|7212|7201|7202,新职业福利
661,8001000,8000870,,310,,剧情本90难度,,7211|7212|7201|7202,新职业福利
662,3500010,8550290,,311,,附魔行动额外野怪奖励,,,
663,3500020,8550290,,311,,附魔行动额外野怪奖励,,,
664,3500030,8550290,,311,,附魔行动额外野怪奖励,,,
665,3500040,8550290,,311,,附魔行动额外野怪奖励,,,
666,3500050,8550290,,311,,附魔行动额外野怪奖励,,,
667,3500060,8550290,,311,,附魔行动额外野怪奖励,,,
668,3500070,8550290,,311,,附魔行动额外野怪奖励,,,
669,3500080,8550290,,311,,附魔行动额外野怪奖励,,,
670,3500090,8550290,,311,,附魔行动额外野怪奖励,,,
671,3500100,8550290,,311,,附魔行动额外野怪奖励,,,
672,3500110,8550290,,311,,附魔行动额外野怪奖励,,,
673,3500120,8550290,,311,,附魔行动额外野怪奖励,,,
674,3500130,8550290,,311,,附魔行动额外野怪奖励,,,
675,3500140,8550290,,311,,附魔行动额外野怪奖励,,,
676,3500150,8550290,,311,,附魔行动额外野怪奖励,,,
677,3500160,8550290,,311,,附魔行动额外野怪奖励,,,
678,3500170,8550290,,311,,附魔行动额外野怪奖励,,,
679,3500180,8550290,,311,,附魔行动额外野怪奖励,,,
680,3500190,8550290,,311,,附魔行动额外野怪奖励,,,
681,3500200,8550290,,311,,附魔行动额外野怪奖励,,,
682,3500210,8550290,,311,,附魔行动额外野怪奖励,,,
683,3500220,8550290,,311,,附魔行动额外野怪奖励,,,
684,3500230,8550290,,311,,附魔行动额外野怪奖励,,,
685,3500240,8550290,,311,,附魔行动额外野怪奖励,,,
686,3500250,8550290,,311,,附魔行动额外野怪奖励,,,
687,3500260,8550290,,311,,附魔行动额外野怪奖励,,,
688,3500270,8550290,,311,,附魔行动额外野怪奖励,,,
689,3500280,8550290,,311,,附魔行动额外野怪奖励,,,
690,3500290,8550290,,311,,附魔行动额外野怪奖励,,,
691,3500300,8550290,,311,,附魔行动额外野怪奖励,,,
692,3500310,8550290,,311,,附魔行动额外野怪奖励,,,
693,3500320,8550290,,311,,附魔行动额外野怪奖励,,,
694,3500330,8550290,,311,,附魔行动额外野怪奖励,,,
695,3500340,8550290,,311,,附魔行动额外野怪奖励,,,
696,3500350,8550290,,311,,附魔行动额外野怪奖励,,,
697,3500360,8550290,,311,,附魔行动额外野怪奖励,,,
698,3500370,8550290,,311,,附魔行动额外野怪奖励,,,
699,3500380,8550290,,311,,附魔行动额外野怪奖励,,,
700,3500390,8550290,,311,,附魔行动额外野怪奖励,,,
701,3500400,8550290,,311,,附魔行动额外野怪奖励,,,
702,3500410,8550290,,311,,附魔行动额外野怪奖励,,,
703,3500420,8550290,,311,,附魔行动额外野怪奖励,,,
704,3500430,8550290,,311,,附魔行动额外野怪奖励,,,
705,3500440,8550290,,311,,附魔行动额外野怪奖励,,,
706,3500450,8550290,,311,,附魔行动额外野怪奖励,,,
707,3510010,8550290,,311,,附魔行动额外野怪奖励,,,
708,3510020,8550290,,311,,附魔行动额外野怪奖励,,,
709,3510030,8550290,,311,,附魔行动额外野怪奖励,,,
710,3510040,8550290,,311,,附魔行动额外野怪奖励,,,
711,3510050,8550290,,311,,附魔行动额外野怪奖励,,,
712,3510060,8550290,,311,,附魔行动额外野怪奖励,,,
713,3510070,8550290,,311,,附魔行动额外野怪奖励,,,
714,3510080,8550290,,311,,附魔行动额外野怪奖励,,,
715,3510090,8550290,,311,,附魔行动额外野怪奖励,,,
716,3510100,8550290,,311,,附魔行动额外野怪奖励,,,
717,3510110,8550290,,311,,附魔行动额外野怪奖励,,,
718,3510120,8550290,,311,,附魔行动额外野怪奖励,,,
719,3510130,8550290,,311,,附魔行动额外野怪奖励,,,
720,3510140,8550290,,311,,附魔行动额外野怪奖励,,,
721,3510150,8550290,,311,,附魔行动额外野怪奖励,,,
722,3510160,8550290,,311,,附魔行动额外野怪奖励,,,
723,3510170,8550290,,311,,附魔行动额外野怪奖励,,,
724,3510180,8550290,,311,,附魔行动额外野怪奖励,,,
725,3510190,8550290,,311,,附魔行动额外野怪奖励,,,
726,3510200,8550290,,311,,附魔行动额外野怪奖励,,,
727,3510210,8550290,,311,,附魔行动额外野怪奖励,,,
728,3510220,8550290,,311,,附魔行动额外野怪奖励,,,
729,3510230,8550290,,311,,附魔行动额外野怪奖励,,,
730,3510240,8550290,,311,,附魔行动额外野怪奖励,,,
731,3510250,8550290,,311,,附魔行动额外野怪奖励,,,
732,3510260,8550290,,311,,附魔行动额外野怪奖励,,,
733,3510270,8550290,,311,,附魔行动额外野怪奖励,,,
734,3510280,8550290,,311,,附魔行动额外野怪奖励,,,
735,3510290,8550290,,311,,附魔行动额外野怪奖励,,,
736,3510300,8550290,,311,,附魔行动额外野怪奖励,,,
737,3510310,8550290,,311,,附魔行动额外野怪奖励,,,
738,3510320,8550290,,311,,附魔行动额外野怪奖励,,,
739,3510330,8550290,,311,,附魔行动额外野怪奖励,,,
740,3510340,8550290,,311,,附魔行动额外野怪奖励,,,
741,3510350,8550290,,311,,附魔行动额外野怪奖励,,,
742,3510360,8550290,,311,,附魔行动额外野怪奖励,,,
743,3510370,8550290,,311,,附魔行动额外野怪奖励,,,
744,3510380,8550290,,311,,附魔行动额外野怪奖励,,,
745,3510390,8550290,,311,,附魔行动额外野怪奖励,,,
746,3510400,8550290,,311,,附魔行动额外野怪奖励,,,
747,3510410,8550290,,311,,附魔行动额外野怪奖励,,,
748,3510420,8550290,,311,,附魔行动额外野怪奖励,,,
749,3510430,8550290,,311,,附魔行动额外野怪奖励,,,
750,3510440,8550290,,311,,附魔行动额外野怪奖励,,,
751,3510450,8550290,,311,,附魔行动额外野怪奖励,,,
752,3520010,8550170,,311,,附魔行动额外野怪奖励,,,
753,3520020,8550170,,311,,附魔行动额外野怪奖励,,,
754,3520030,8550170,,311,,附魔行动额外野怪奖励,,,
755,3520040,8550170,,311,,附魔行动额外野怪奖励,,,
756,3520050,8550170,,311,,附魔行动额外野怪奖励,,,
757,3520060,8550170,,311,,附魔行动额外野怪奖励,,,
758,3520070,8550170,,311,,附魔行动额外野怪奖励,,,
759,3520080,8550170,,311,,附魔行动额外野怪奖励,,,
760,3520090,8550170,,311,,附魔行动额外野怪奖励,,,
761,3520100,8550170,,311,,附魔行动额外野怪奖励,,,
762,3520110,8550180,,311,,附魔行动额外野怪奖励,,,
763,3520120,8550180,,311,,附魔行动额外野怪奖励,,,
764,3520130,8550180,,311,,附魔行动额外野怪奖励,,,
765,3520140,8550180,,311,,附魔行动额外野怪奖励,,,
766,3520150,8550180,,311,,附魔行动额外野怪奖励,,,
767,3520160,8550180,,311,,附魔行动额外野怪奖励,,,
768,3520170,8550180,,311,,附魔行动额外野怪奖励,,,
769,3520180,8550180,,311,,附魔行动额外野怪奖励,,,
770,3520190,8550180,,311,,附魔行动额外野怪奖励,,,
771,3520200,8550180,,311,,附魔行动额外野怪奖励,,,
772,3520210,8550190,,311,,附魔行动额外野怪奖励,,,
773,3520220,8550190,,311,,附魔行动额外野怪奖励,,,
774,3520230,8550190,,311,,附魔行动额外野怪奖励,,,
775,3520240,8550190,,311,,附魔行动额外野怪奖励,,,
776,3520250,8550190,,311,,附魔行动额外野怪奖励,,,
777,3520260,8550190,,311,,附魔行动额外野怪奖励,,,
778,3520270,8550190,,311,,附魔行动额外野怪奖励,,,
779,3520280,8550190,,311,,附魔行动额外野怪奖励,,,
780,3520290,8550190,,311,,附魔行动额外野怪奖励,,,
781,3520300,8550190,,311,,附魔行动额外野怪奖励,,,
782,3520310,8550200,,311,,附魔行动额外野怪奖励,,,
783,3520320,8550200,,311,,附魔行动额外野怪奖励,,,
784,3520330,8550200,,311,,附魔行动额外野怪奖励,,,
785,3520340,8550200,,311,,附魔行动额外野怪奖励,,,
786,3520350,8550200,,311,,附魔行动额外野怪奖励,,,
787,3520360,8550200,,311,,附魔行动额外野怪奖励,,,
788,3520370,8550200,,311,,附魔行动额外野怪奖励,,,
789,3520380,8550200,,311,,附魔行动额外野怪奖励,,,
790,3520390,8550200,,311,,附魔行动额外野怪奖励,,,
791,3520400,8550200,,311,,附魔行动额外野怪奖励,,,
792,3520410,8550200,,311,,附魔行动额外野怪奖励,,,
793,3520420,8550200,,311,,附魔行动额外野怪奖励,,,
794,3520430,8550200,,311,,附魔行动额外野怪奖励,,,
795,3520440,8550200,,311,,附魔行动额外野怪奖励,,,
796,3520450,8550200,,311,,附魔行动额外野怪奖励,,,
797,3530010,8550210,,311,,附魔行动额外野怪奖励,,,
798,3530020,8550210,,311,,附魔行动额外野怪奖励,,,
799,3530030,8550210,,311,,附魔行动额外野怪奖励,,,
800,3530040,8550210,,311,,附魔行动额外野怪奖励,,,
801,3530050,8550210,,311,,附魔行动额外野怪奖励,,,
802,3530060,8550210,,311,,附魔行动额外野怪奖励,,,
803,3530070,8550210,,311,,附魔行动额外野怪奖励,,,
804,3530080,8550210,,311,,附魔行动额外野怪奖励,,,
805,3530090,8550210,,311,,附魔行动额外野怪奖励,,,
806,3530100,8550210,,311,,附魔行动额外野怪奖励,,,
807,3530110,8550220,,311,,附魔行动额外野怪奖励,,,
808,3530120,8550220,,311,,附魔行动额外野怪奖励,,,
809,3530130,8550220,,311,,附魔行动额外野怪奖励,,,
810,3530140,8550220,,311,,附魔行动额外野怪奖励,,,
811,3530150,8550220,,311,,附魔行动额外野怪奖励,,,
812,3530160,8550220,,311,,附魔行动额外野怪奖励,,,
813,3530170,8550220,,311,,附魔行动额外野怪奖励,,,
814,3530180,8550220,,311,,附魔行动额外野怪奖励,,,
815,3530190,8550220,,311,,附魔行动额外野怪奖励,,,
816,3530200,8550220,,311,,附魔行动额外野怪奖励,,,
817,3530210,8550230,,311,,附魔行动额外野怪奖励,,,
818,3530220,8550230,,311,,附魔行动额外野怪奖励,,,
819,3530230,8550230,,311,,附魔行动额外野怪奖励,,,
820,3530240,8550230,,311,,附魔行动额外野怪奖励,,,
821,3530250,8550230,,311,,附魔行动额外野怪奖励,,,
822,3530260,8550230,,311,,附魔行动额外野怪奖励,,,
823,3530270,8550230,,311,,附魔行动额外野怪奖励,,,
824,3530280,8550230,,311,,附魔行动额外野怪奖励,,,
825,3530290,8550230,,311,,附魔行动额外野怪奖励,,,
826,3530300,8550230,,311,,附魔行动额外野怪奖励,,,
827,3530310,8550240,,311,,附魔行动额外野怪奖励,,,
828,3530320,8550240,,311,,附魔行动额外野怪奖励,,,
829,3530330,8550240,,311,,附魔行动额外野怪奖励,,,
830,3530340,8550240,,311,,附魔行动额外野怪奖励,,,
831,3530350,8550240,,311,,附魔行动额外野怪奖励,,,
832,3530360,8550240,,311,,附魔行动额外野怪奖励,,,
833,3530370,8550240,,311,,附魔行动额外野怪奖励,,,
834,3530380,8550240,,311,,附魔行动额外野怪奖励,,,
835,3530390,8550240,,311,,附魔行动额外野怪奖励,,,
836,3530400,8550240,,311,,附魔行动额外野怪奖励,,,
837,3530410,8550240,,311,,附魔行动额外野怪奖励,,,
838,3530420,8550240,,311,,附魔行动额外野怪奖励,,,
839,3530430,8550240,,311,,附魔行动额外野怪奖励,,,
840,3530440,8550240,,311,,附魔行动额外野怪奖励,,,
841,3530450,8550240,,311,,附魔行动额外野怪奖励,,,
842,3540010,8550180,,311,,附魔行动额外野怪奖励,,,
843,3540020,8550180,,311,,附魔行动额外野怪奖励,,,
844,3540030,8550180,,311,,附魔行动额外野怪奖励,,,
845,3540040,8550180,,311,,附魔行动额外野怪奖励,,,
846,3540050,8550180,,311,,附魔行动额外野怪奖励,,,
847,3540060,8550180,,311,,附魔行动额外野怪奖励,,,
848,3540070,8550180,,311,,附魔行动额外野怪奖励,,,
849,3540080,8550180,,311,,附魔行动额外野怪奖励,,,
850,3540090,8550180,,311,,附魔行动额外野怪奖励,,,
851,3540100,8550180,,311,,附魔行动额外野怪奖励,,,
852,3540110,8550230,,311,,附魔行动额外野怪奖励,,,
853,3540120,8550230,,311,,附魔行动额外野怪奖励,,,
854,3540130,8550230,,311,,附魔行动额外野怪奖励,,,
855,3540140,8550230,,311,,附魔行动额外野怪奖励,,,
856,3540150,8550230,,311,,附魔行动额外野怪奖励,,,
857,3540160,8550230,,311,,附魔行动额外野怪奖励,,,
858,3540170,8550230,,311,,附魔行动额外野怪奖励,,,
859,3540180,8550230,,311,,附魔行动额外野怪奖励,,,
860,3540190,8550230,,311,,附魔行动额外野怪奖励,,,
861,3540200,8550230,,311,,附魔行动额外野怪奖励,,,
862,3540210,8550200,,311,,附魔行动额外野怪奖励,,,
863,3540220,8550200,,311,,附魔行动额外野怪奖励,,,
864,3540230,8550200,,311,,附魔行动额外野怪奖励,,,
865,3540240,8550200,,311,,附魔行动额外野怪奖励,,,
866,3540250,8550200,,311,,附魔行动额外野怪奖励,,,
867,3540260,8550200,,311,,附魔行动额外野怪奖励,,,
868,3540270,8550200,,311,,附魔行动额外野怪奖励,,,
869,3540280,8550200,,311,,附魔行动额外野怪奖励,,,
870,3540290,8550200,,311,,附魔行动额外野怪奖励,,,
871,3540300,8550200,,311,,附魔行动额外野怪奖励,,,
872,3540310,8550280,,311,,附魔行动额外野怪奖励,,,
873,3540320,8550280,,311,,附魔行动额外野怪奖励,,,
874,3540330,8550280,,311,,附魔行动额外野怪奖励,,,
875,3540340,8550280,,311,,附魔行动额外野怪奖励,,,
876,3540350,8550280,,311,,附魔行动额外野怪奖励,,,
877,3540360,8550280,,311,,附魔行动额外野怪奖励,,,
878,3540370,8550280,,311,,附魔行动额外野怪奖励,,,
879,3540380,8550280,,311,,附魔行动额外野怪奖励,,,
880,3540390,8550280,,311,,附魔行动额外野怪奖励,,,
881,3540400,8550280,,311,,附魔行动额外野怪奖励,,,
882,3540410,8550280,,311,,附魔行动额外野怪奖励,,,
883,3540420,8550280,,311,,附魔行动额外野怪奖励,,,
884,3540430,8550280,,311,,附魔行动额外野怪奖励,,,
885,3540440,8550280,,311,,附魔行动额外野怪奖励,,,
886,3540450,8550280,,311,,附魔行动额外野怪奖励,,,
887,3550010,8550290,,311,,附魔行动额外野怪奖励,,,
888,3550020,8550290,,311,,附魔行动额外野怪奖励,,,
889,3550030,8550290,,311,,附魔行动额外野怪奖励,,,
890,3550040,8550290,,311,,附魔行动额外野怪奖励,,,
891,3550050,8550290,,311,,附魔行动额外野怪奖励,,,
892,3550060,8550290,,311,,附魔行动额外野怪奖励,,,
893,3550070,8550290,,311,,附魔行动额外野怪奖励,,,
894,3550080,8550290,,311,,附魔行动额外野怪奖励,,,
895,3550090,8550290,,311,,附魔行动额外野怪奖励,,,
896,3550100,8550290,,311,,附魔行动额外野怪奖励,,,
897,3550110,8550290,,311,,附魔行动额外野怪奖励,,,
898,3550120,8550290,,311,,附魔行动额外野怪奖励,,,
899,3550130,8550290,,311,,附魔行动额外野怪奖励,,,
900,3550140,8550290,,311,,附魔行动额外野怪奖励,,,
901,3550150,8550290,,311,,附魔行动额外野怪奖励,,,
902,3550160,8550290,,311,,附魔行动额外野怪奖励,,,
903,3550170,8550290,,311,,附魔行动额外野怪奖励,,,
904,3550180,8550290,,311,,附魔行动额外野怪奖励,,,
905,3550190,8550290,,311,,附魔行动额外野怪奖励,,,
906,3550200,8550290,,311,,附魔行动额外野怪奖励,,,
907,3550210,8550290,,311,,附魔行动额外野怪奖励,,,
908,3550220,8550290,,311,,附魔行动额外野怪奖励,,,
909,3550230,8550290,,311,,附魔行动额外野怪奖励,,,
910,3550240,8550290,,311,,附魔行动额外野怪奖励,,,
911,3550250,8550290,,311,,附魔行动额外野怪奖励,,,
912,3550260,8550290,,311,,附魔行动额外野怪奖励,,,
913,3550270,8550290,,311,,附魔行动额外野怪奖励,,,
914,3550280,8550290,,311,,附魔行动额外野怪奖励,,,
915,3550290,8550290,,311,,附魔行动额外野怪奖励,,,
916,3550300,8550290,,311,,附魔行动额外野怪奖励,,,
917,3550310,8550290,,311,,附魔行动额外野怪奖励,,,
918,3550320,8550290,,311,,附魔行动额外野怪奖励,,,
919,3550330,8550290,,311,,附魔行动额外野怪奖励,,,
920,3550340,8550290,,311,,附魔行动额外野怪奖励,,,
921,3550350,8550290,,311,,附魔行动额外野怪奖励,,,
922,3550360,8550290,,311,,附魔行动额外野怪奖励,,,
923,3550370,8550290,,311,,附魔行动额外野怪奖励,,,
924,3550380,8550290,,311,,附魔行动额外野怪奖励,,,
925,3550390,8550290,,311,,附魔行动额外野怪奖励,,,
926,3550400,8550290,,311,,附魔行动额外野怪奖励,,,
927,3550410,8550290,,311,,附魔行动额外野怪奖励,,,
928,3550420,8550290,,311,,附魔行动额外野怪奖励,,,
929,3550430,8550290,,311,,附魔行动额外野怪奖励,,,
930,3550440,8550290,,311,,附魔行动额外野怪奖励,,,
931,3550450,8550290,,311,,附魔行动额外野怪奖励,,,
932,3560010,8550290,,311,,附魔行动额外野怪奖励,,,
933,3560020,8550290,,311,,附魔行动额外野怪奖励,,,
934,3560030,8550290,,311,,附魔行动额外野怪奖励,,,
935,3560040,8550290,,311,,附魔行动额外野怪奖励,,,
936,3560050,8550290,,311,,附魔行动额外野怪奖励,,,
937,3560060,8550290,,311,,附魔行动额外野怪奖励,,,
938,3560070,8550290,,311,,附魔行动额外野怪奖励,,,
939,3560080,8550290,,311,,附魔行动额外野怪奖励,,,
940,3560090,8550290,,311,,附魔行动额外野怪奖励,,,
941,3560100,8550290,,311,,附魔行动额外野怪奖励,,,
942,3560110,8550290,,311,,附魔行动额外野怪奖励,,,
943,3560120,8550290,,311,,附魔行动额外野怪奖励,,,
944,3560130,8550290,,311,,附魔行动额外野怪奖励,,,
945,3560140,8550290,,311,,附魔行动额外野怪奖励,,,
946,3560150,8550290,,311,,附魔行动额外野怪奖励,,,
947,3560160,8550290,,311,,附魔行动额外野怪奖励,,,
948,3560170,8550290,,311,,附魔行动额外野怪奖励,,,
949,3560180,8550290,,311,,附魔行动额外野怪奖励,,,
950,3560190,8550290,,311,,附魔行动额外野怪奖励,,,
951,3560200,8550290,,311,,附魔行动额外野怪奖励,,,
952,3560210,8550290,,311,,附魔行动额外野怪奖励,,,
953,3560220,8550290,,311,,附魔行动额外野怪奖励,,,
954,3560230,8550290,,311,,附魔行动额外野怪奖励,,,
955,3560240,8550290,,311,,附魔行动额外野怪奖励,,,
956,3560250,8550290,,311,,附魔行动额外野怪奖励,,,
957,3560260,8550290,,311,,附魔行动额外野怪奖励,,,
958,3560270,8550290,,311,,附魔行动额外野怪奖励,,,
959,3560280,8550290,,311,,附魔行动额外野怪奖励,,,
960,3560290,8550290,,311,,附魔行动额外野怪奖励,,,
961,3560300,8550290,,311,,附魔行动额外野怪奖励,,,
962,3560310,8550290,,311,,附魔行动额外野怪奖励,,,
963,3560320,8550290,,311,,附魔行动额外野怪奖励,,,
964,3560330,8550290,,311,,附魔行动额外野怪奖励,,,
965,3560340,8550290,,311,,附魔行动额外野怪奖励,,,
966,3560350,8550290,,311,,附魔行动额外野怪奖励,,,
967,3560360,8550290,,311,,附魔行动额外野怪奖励,,,
968,3560370,8550290,,311,,附魔行动额外野怪奖励,,,
969,3560380,8550290,,311,,附魔行动额外野怪奖励,,,
970,3560390,8550290,,311,,附魔行动额外野怪奖励,,,
971,3560400,8550290,,311,,附魔行动额外野怪奖励,,,
972,3560410,8550290,,311,,附魔行动额外野怪奖励,,,
973,3560420,8550290,,311,,附魔行动额外野怪奖励,,,
974,3560430,8550290,,311,,附魔行动额外野怪奖励,,,
975,3560440,8550290,,311,,附魔行动额外野怪奖励,,,
976,3560450,8550290,,311,,附魔行动额外野怪奖励,,,
977,3570010,8550170,,311,,附魔行动额外野怪奖励,,,
978,3570020,8550170,,311,,附魔行动额外野怪奖励,,,
979,3570030,8550170,,311,,附魔行动额外野怪奖励,,,
980,3570040,8550170,,311,,附魔行动额外野怪奖励,,,
981,3570050,8550170,,311,,附魔行动额外野怪奖励,,,
982,3570060,8550170,,311,,附魔行动额外野怪奖励,,,
983,3570070,8550170,,311,,附魔行动额外野怪奖励,,,
984,3570080,8550170,,311,,附魔行动额外野怪奖励,,,
985,3570090,8550170,,311,,附魔行动额外野怪奖励,,,
986,3570100,8550170,,311,,附魔行动额外野怪奖励,,,
987,3570110,8550180,,311,,附魔行动额外野怪奖励,,,
988,3570120,8550180,,311,,附魔行动额外野怪奖励,,,
989,3570130,8550180,,311,,附魔行动额外野怪奖励,,,
990,3570140,8550180,,311,,附魔行动额外野怪奖励,,,
991,3570150,8550180,,311,,附魔行动额外野怪奖励,,,
992,3570160,8550180,,311,,附魔行动额外野怪奖励,,,
993,3570170,8550180,,311,,附魔行动额外野怪奖励,,,
994,3570180,8550180,,311,,附魔行动额外野怪奖励,,,
995,3570190,8550180,,311,,附魔行动额外野怪奖励,,,
996,3570200,8550180,,311,,附魔行动额外野怪奖励,,,
997,3570210,8550190,,311,,附魔行动额外野怪奖励,,,
998,3570220,8550190,,311,,附魔行动额外野怪奖励,,,
999,3570230,8550190,,311,,附魔行动额外野怪奖励,,,
1000,3570240,8550190,,311,,附魔行动额外野怪奖励,,,
1001,3570250,8550190,,311,,附魔行动额外野怪奖励,,,
1002,3570260,8550190,,311,,附魔行动额外野怪奖励,,,
1003,3570270,8550190,,311,,附魔行动额外野怪奖励,,,
1004,3570280,8550190,,311,,附魔行动额外野怪奖励,,,
1005,3570290,8550190,,311,,附魔行动额外野怪奖励,,,
1006,3570300,8550190,,311,,附魔行动额外野怪奖励,,,
1007,3570310,8550200,,311,,附魔行动额外野怪奖励,,,
1008,3570320,8550200,,311,,附魔行动额外野怪奖励,,,
1009,3570330,8550200,,311,,附魔行动额外野怪奖励,,,
1010,3570340,8550200,,311,,附魔行动额外野怪奖励,,,
1011,3570350,8550200,,311,,附魔行动额外野怪奖励,,,
1012,3570360,8550200,,311,,附魔行动额外野怪奖励,,,
1013,3570370,8550200,,311,,附魔行动额外野怪奖励,,,
1014,3570380,8550200,,311,,附魔行动额外野怪奖励,,,
1015,3570390,8550200,,311,,附魔行动额外野怪奖励,,,
1016,3570400,8550200,,311,,附魔行动额外野怪奖励,,,
1017,3570410,8550200,,311,,附魔行动额外野怪奖励,,,
1018,3570420,8550200,,311,,附魔行动额外野怪奖励,,,
1019,3570430,8550200,,311,,附魔行动额外野怪奖励,,,
1020,3570440,8550200,,311,,附魔行动额外野怪奖励,,,
1021,3570450,8550200,,311,,附魔行动额外野怪奖励,,,
1022,3580010,8550210,,311,,附魔行动额外野怪奖励,,,
1023,3580020,8550210,,311,,附魔行动额外野怪奖励,,,
1024,3580030,8550210,,311,,附魔行动额外野怪奖励,,,
1025,3580040,8550210,,311,,附魔行动额外野怪奖励,,,
1026,3580050,8550210,,311,,附魔行动额外野怪奖励,,,
1027,3580060,8550210,,311,,附魔行动额外野怪奖励,,,
1028,3580070,8550210,,311,,附魔行动额外野怪奖励,,,
1029,3580080,8550210,,311,,附魔行动额外野怪奖励,,,
1030,3580090,8550210,,311,,附魔行动额外野怪奖励,,,
1031,3580100,8550210,,311,,附魔行动额外野怪奖励,,,
1032,3580110,8550220,,311,,附魔行动额外野怪奖励,,,
1033,3580120,8550220,,311,,附魔行动额外野怪奖励,,,
1034,3580130,8550220,,311,,附魔行动额外野怪奖励,,,
1035,3580140,8550220,,311,,附魔行动额外野怪奖励,,,
1036,3580150,8550220,,311,,附魔行动额外野怪奖励,,,
1037,3580160,8550220,,311,,附魔行动额外野怪奖励,,,
1038,3580170,8550220,,311,,附魔行动额外野怪奖励,,,
1039,3580180,8550220,,311,,附魔行动额外野怪奖励,,,
1040,3580190,8550220,,311,,附魔行动额外野怪奖励,,,
1041,3580200,8550220,,311,,附魔行动额外野怪奖励,,,
1042,3580210,8550230,,311,,附魔行动额外野怪奖励,,,
1043,3580220,8550230,,311,,附魔行动额外野怪奖励,,,
1044,3580230,8550230,,311,,附魔行动额外野怪奖励,,,
1045,3580240,8550230,,311,,附魔行动额外野怪奖励,,,
1046,3580250,8550230,,311,,附魔行动额外野怪奖励,,,
1047,3580260,8550230,,311,,附魔行动额外野怪奖励,,,
1048,3580270,8550230,,311,,附魔行动额外野怪奖励,,,
1049,3580280,8550230,,311,,附魔行动额外野怪奖励,,,
1050,3580290,8550230,,311,,附魔行动额外野怪奖励,,,
1051,3580300,8550230,,311,,附魔行动额外野怪奖励,,,
1052,3580310,8550240,,311,,附魔行动额外野怪奖励,,,
1053,3580320,8550240,,311,,附魔行动额外野怪奖励,,,
1054,3580330,8550240,,311,,附魔行动额外野怪奖励,,,
1055,3580340,8550240,,311,,附魔行动额外野怪奖励,,,
1056,3580350,8550240,,311,,附魔行动额外野怪奖励,,,
1057,3580360,8550240,,311,,附魔行动额外野怪奖励,,,
1058,3580370,8550240,,311,,附魔行动额外野怪奖励,,,
1059,3580380,8550240,,311,,附魔行动额外野怪奖励,,,
1060,3580390,8550240,,311,,附魔行动额外野怪奖励,,,
1061,3580400,8550240,,311,,附魔行动额外野怪奖励,,,
1062,3580410,8550240,,311,,附魔行动额外野怪奖励,,,
1063,3580420,8550240,,311,,附魔行动额外野怪奖励,,,
1064,3580430,8550240,,311,,附魔行动额外野怪奖励,,,
1065,3580440,8550240,,311,,附魔行动额外野怪奖励,,,
1066,3580450,8550240,,311,,附魔行动额外野怪奖励,,,
1067,3590010,8550180,,311,,附魔行动额外野怪奖励,,,
1068,3590020,8550180,,311,,附魔行动额外野怪奖励,,,
1069,3590030,8550180,,311,,附魔行动额外野怪奖励,,,
1070,3590040,8550180,,311,,附魔行动额外野怪奖励,,,
1071,3590050,8550180,,311,,附魔行动额外野怪奖励,,,
1072,3590060,8550180,,311,,附魔行动额外野怪奖励,,,
1073,3590070,8550180,,311,,附魔行动额外野怪奖励,,,
1074,3590080,8550180,,311,,附魔行动额外野怪奖励,,,
1075,3590090,8550180,,311,,附魔行动额外野怪奖励,,,
1076,3590100,8550180,,311,,附魔行动额外野怪奖励,,,
1077,3590110,8550230,,311,,附魔行动额外野怪奖励,,,
1078,3590120,8550230,,311,,附魔行动额外野怪奖励,,,
1079,3590130,8550230,,311,,附魔行动额外野怪奖励,,,
1080,3590140,8550230,,311,,附魔行动额外野怪奖励,,,
1081,3590150,8550230,,311,,附魔行动额外野怪奖励,,,
1082,3590160,8550230,,311,,附魔行动额外野怪奖励,,,
1083,3590170,8550230,,311,,附魔行动额外野怪奖励,,,
1084,3590180,8550230,,311,,附魔行动额外野怪奖励,,,
1085,3590190,8550230,,311,,附魔行动额外野怪奖励,,,
1086,3590200,8550230,,311,,附魔行动额外野怪奖励,,,
1087,3590210,8550200,,311,,附魔行动额外野怪奖励,,,
1088,3590220,8550200,,311,,附魔行动额外野怪奖励,,,
1089,3590230,8550200,,311,,附魔行动额外野怪奖励,,,
1090,3590240,8550200,,311,,附魔行动额外野怪奖励,,,
1091,3590250,8550200,,311,,附魔行动额外野怪奖励,,,
1092,3590260,8550200,,311,,附魔行动额外野怪奖励,,,
1093,3590270,8550200,,311,,附魔行动额外野怪奖励,,,
1094,3590280,8550200,,311,,附魔行动额外野怪奖励,,,
1095,3590290,8550200,,311,,附魔行动额外野怪奖励,,,
1096,3590300,8550200,,311,,附魔行动额外野怪奖励,,,
1097,3590310,8550280,,311,,附魔行动额外野怪奖励,,,
1098,3590320,8550280,,311,,附魔行动额外野怪奖励,,,
1099,3590330,8550280,,311,,附魔行动额外野怪奖励,,,
1100,3590340,8550280,,311,,附魔行动额外野怪奖励,,,
1101,3590350,8550280,,311,,附魔行动额外野怪奖励,,,
1102,3590360,8550280,,311,,附魔行动额外野怪奖励,,,
1103,3590370,8550280,,311,,附魔行动额外野怪奖励,,,
1104,3590380,8550280,,311,,附魔行动额外野怪奖励,,,
1105,3590390,8550280,,311,,附魔行动额外野怪奖励,,,
1106,3590400,8550280,,311,,附魔行动额外野怪奖励,,,
1107,3590410,8550280,,311,,附魔行动额外野怪奖励,,,
1108,3590420,8550280,,311,,附魔行动额外野怪奖励,,,
1109,3590430,8550280,,311,,附魔行动额外野怪奖励,,,
1110,3590440,8550280,,311,,附魔行动额外野怪奖励,,,
1111,3590450,8550280,,311,,附魔行动额外野怪奖励,,,
1112,5100010,8570020,,309,,野怪掉落圣诞礼盒,,,
1113,5100020,8570020,,309,,野怪掉落圣诞礼盒,,,
1114,5100030,8570020,,309,,野怪掉落圣诞礼盒,,,
1115,5100040,8570020,,309,,野怪掉落圣诞礼盒,,,
1116,5100050,8570020,,309,,野怪掉落圣诞礼盒,,,
1117,5100060,8570020,,309,,野怪掉落圣诞礼盒,,,
1118,5100070,8570020,,309,,野怪掉落圣诞礼盒,,,
1119,5100080,8570020,,309,,野怪掉落圣诞礼盒,,,
1120,5100090,8570020,,309,,野怪掉落圣诞礼盒,,,
1121,5100100,8570020,,309,,野怪掉落圣诞礼盒,,,
1122,5100110,8570020,,309,,野怪掉落圣诞礼盒,,,
1123,5100120,8570020,,309,,野怪掉落圣诞礼盒,,,
1124,5100130,8570020,,309,,野怪掉落圣诞礼盒,,,
1125,5100140,8570020,,309,,野怪掉落圣诞礼盒,,,
1126,5100150,8570020,,309,,野怪掉落圣诞礼盒,,,
1127,5100160,8570020,,309,,野怪掉落圣诞礼盒,,,
1128,5100170,8570020,,309,,野怪掉落圣诞礼盒,,,
1129,5100180,8570020,,309,,野怪掉落圣诞礼盒,,,
1130,5100190,8570020,,309,,野怪掉落圣诞礼盒,,,
1131,5100200,8570020,,309,,野怪掉落圣诞礼盒,,,
1132,5100210,8570020,,309,,野怪掉落圣诞礼盒,,,
1133,5100220,8570020,,309,,野怪掉落圣诞礼盒,,,
1134,5100230,8570020,,309,,野怪掉落圣诞礼盒,,,
1135,5100240,8570020,,309,,野怪掉落圣诞礼盒,,,
1136,5100250,8570020,,309,,野怪掉落圣诞礼盒,,,
1137,5100260,8570020,,309,,野怪掉落圣诞礼盒,,,
1138,5100270,8570020,,309,,野怪掉落圣诞礼盒,,,
1139,5100280,8570020,,309,,野怪掉落圣诞礼盒,,,
1140,5100290,8570020,,309,,野怪掉落圣诞礼盒,,,
1141,5100300,8570020,,309,,野怪掉落圣诞礼盒,,,
1142,5100310,8570020,,309,,野怪掉落圣诞礼盒,,,
1143,5100320,8570020,,309,,野怪掉落圣诞礼盒,,,
1144,5100330,8570020,,309,,野怪掉落圣诞礼盒,,,
1145,5100340,8570020,,309,,野怪掉落圣诞礼盒,,,
1146,5100350,8570020,,309,,野怪掉落圣诞礼盒,,,
1147,5100360,8570020,,309,,野怪掉落圣诞礼盒,,,
1148,5100370,8570020,,309,,野怪掉落圣诞礼盒,,,
1149,5100380,8570020,,309,,野怪掉落圣诞礼盒,,,
1150,5100390,8570020,,309,,野怪掉落圣诞礼盒,,,
1151,5100400,8570020,,309,,野怪掉落圣诞礼盒,,,
1152,5100410,8570020,,309,,野怪掉落圣诞礼盒,,,
1153,5100420,8570020,,309,,野怪掉落圣诞礼盒,,,
1154,5100430,8570020,,309,,野怪掉落圣诞礼盒,,,
1155,5100440,8570020,,309,,野怪掉落圣诞礼盒,,,
1156,5100450,8570020,,309,,野怪掉落圣诞礼盒,,,
1157,5100460,8570020,,309,,野怪掉落圣诞礼盒,,,
1158,5100470,8570020,,309,,野怪掉落圣诞礼盒,,,
1159,5100480,8570020,,309,,野怪掉落圣诞礼盒,,,
1160,5100490,8570020,,309,,野怪掉落圣诞礼盒,,,
1161,5100500,8570020,,309,,野怪掉落圣诞礼盒,,,
1162,5100510,8570020,,309,,野怪掉落圣诞礼盒,,,
1163,5100520,8570020,,309,,野怪掉落圣诞礼盒,,,
1164,5100530,8570020,,309,,野怪掉落圣诞礼盒,,,
1165,5100540,8570020,,309,,野怪掉落圣诞礼盒,,,
1166,5100550,8570020,,309,,野怪掉落圣诞礼盒,,,
1167,5100560,8570020,,309,,野怪掉落圣诞礼盒,,,
1168,5100570,8570020,,309,,野怪掉落圣诞礼盒,,,
1169,5100580,8570020,,309,,野怪掉落圣诞礼盒,,,
1170,5100590,8570020,,309,,野怪掉落圣诞礼盒,,,
1171,5100600,8570020,,309,,野怪掉落圣诞礼盒,,,
1172,5100610,8570020,,309,,野怪掉落圣诞礼盒,,,
1173,5100620,8570020,,309,,野怪掉落圣诞礼盒,,,
1174,5100630,8570020,,309,,野怪掉落圣诞礼盒,,,
1175,5100640,8570020,,309,,野怪掉落圣诞礼盒,,,
1176,5100650,8570020,,309,,野怪掉落圣诞礼盒,,,
1177,5100660,8570020,,309,,野怪掉落圣诞礼盒,,,
1178,5100670,8570020,,309,,野怪掉落圣诞礼盒,,,
1179,5100680,8570020,,309,,野怪掉落圣诞礼盒,,,
1180,5100690,8570020,,309,,野怪掉落圣诞礼盒,,,
1181,5100700,8570020,,309,,野怪掉落圣诞礼盒,,,
1182,5100710,8570020,,309,,野怪掉落圣诞礼盒,,,
1183,5100720,8570020,,309,,野怪掉落圣诞礼盒,,,
1184,5100730,8570020,,309,,野怪掉落圣诞礼盒,,,
1185,5100740,8570020,,309,,野怪掉落圣诞礼盒,,,
1186,5100750,8570020,,309,,野怪掉落圣诞礼盒,,,
1187,5100760,8570020,,309,,野怪掉落圣诞礼盒,,,
1188,5100770,8570020,,309,,野怪掉落圣诞礼盒,,,
1189,5100780,8570020,,309,,野怪掉落圣诞礼盒,,,
1190,5100790,8570020,,309,,野怪掉落圣诞礼盒,,,
1191,5100800,8570020,,309,,野怪掉落圣诞礼盒,,,
1192,5100810,8570020,,309,,野怪掉落圣诞礼盒,,,
1193,5100820,8570020,,309,,野怪掉落圣诞礼盒,,,
1194,5100830,8570020,,309,,野怪掉落圣诞礼盒,,,
1195,5100840,8570020,,309,,野怪掉落圣诞礼盒,,,
1196,5100850,8570020,,309,,野怪掉落圣诞礼盒,,,
1197,5100860,8570020,,309,,野怪掉落圣诞礼盒,,,
1198,5100870,8570020,,309,,野怪掉落圣诞礼盒,,,
1199,5100880,8570020,,309,,野怪掉落圣诞礼盒,,,
1200,5100890,8570020,,309,,野怪掉落圣诞礼盒,,,
1201,5100900,8570020,,309,,野怪掉落圣诞礼盒,,,
1202,5100910,8570020,,309,,野怪掉落圣诞礼盒,,,
1203,5100920,8570020,,309,,野怪掉落圣诞礼盒,,,
1204,5100930,8570020,,309,,野怪掉落圣诞礼盒,,,
1205,5100940,8570020,,309,,野怪掉落圣诞礼盒,,,
1206,5100950,8570020,,309,,野怪掉落圣诞礼盒,,,
1207,5100960,8570020,,309,,野怪掉落圣诞礼盒,,,
1208,5100970,8570020,,309,,野怪掉落圣诞礼盒,,,
1209,5100980,8570020,,309,,野怪掉落圣诞礼盒,,,
1210,5100990,8570020,,309,,野怪掉落圣诞礼盒,,,
1211,5101000,8570020,,309,,野怪掉落圣诞礼盒,,,
1212,5101010,8570020,,309,,野怪掉落圣诞礼盒,,,
1213,5101020,8570020,,309,,野怪掉落圣诞礼盒,,,
1214,5101030,8570020,,309,,野怪掉落圣诞礼盒,,,
1215,5101040,8570020,,309,,野怪掉落圣诞礼盒,,,
1216,5101050,8570020,,309,,野怪掉落圣诞礼盒,,,
1217,5101060,8570020,,309,,野怪掉落圣诞礼盒,,,
1218,5101070,8570020,,309,,野怪掉落圣诞礼盒,,,
1219,5101080,8570020,,309,,野怪掉落圣诞礼盒,,,
1220,5101090,8570020,,309,,野怪掉落圣诞礼盒,,,
1221,5101100,8570020,,309,,野怪掉落圣诞礼盒,,,
1222,5101110,8570020,,309,,野怪掉落圣诞礼盒,,,
1223,5101120,8570020,,309,,野怪掉落圣诞礼盒,,,
1224,5101130,8570020,,309,,野怪掉落圣诞礼盒,,,
1225,5101140,8570020,,309,,野怪掉落圣诞礼盒,,,
1226,5101150,8570020,,309,,野怪掉落圣诞礼盒,,,
1227,5101160,8570020,,309,,野怪掉落圣诞礼盒,,,
1228,5101170,8570020,,309,,野怪掉落圣诞礼盒,,,
1229,5101180,8570020,,309,,野怪掉落圣诞礼盒,,,
1230,5101190,8570020,,309,,野怪掉落圣诞礼盒,,,
1231,5101200,8570020,,309,,野怪掉落圣诞礼盒,,,
1232,5101210,8570020,,309,,野怪掉落圣诞礼盒,,,
1233,5101220,8570020,,309,,野怪掉落圣诞礼盒,,,
1234,5101230,8570020,,309,,野怪掉落圣诞礼盒,,,
1235,5101240,8570020,,309,,野怪掉落圣诞礼盒,,,
1236,5101250,8570020,,309,,野怪掉落圣诞礼盒,,,
1237,5101260,8570020,,309,,野怪掉落圣诞礼盒,,,
1238,5101270,8570020,,309,,野怪掉落圣诞礼盒,,,
1239,5101280,8570020,,309,,野怪掉落圣诞礼盒,,,
1240,5101290,8570020,,309,,野怪掉落圣诞礼盒,,,
1241,5101300,8570020,,309,,野怪掉落圣诞礼盒,,,
1242,5101310,8570020,,309,,野怪掉落圣诞礼盒,,,
1243,5101320,8570020,,309,,野怪掉落圣诞礼盒,,,
1244,5101330,8570020,,309,,野怪掉落圣诞礼盒,,,
1245,5101340,8570020,,309,,野怪掉落圣诞礼盒,,,
1246,5101350,8570020,,309,,野怪掉落圣诞礼盒,,,
1247,5101360,8570020,,309,,野怪掉落圣诞礼盒,,,
1248,5101370,8570020,,309,,野怪掉落圣诞礼盒,,,
1249,5101380,8570020,,309,,野怪掉落圣诞礼盒,,,
1250,5101390,8570020,,309,,野怪掉落圣诞礼盒,,,
1251,5101400,8570020,,309,,野怪掉落圣诞礼盒,,,
1252,5101410,8570020,,309,,野怪掉落圣诞礼盒,,,
1253,5101420,8570020,,309,,野怪掉落圣诞礼盒,,,
1254,5101430,8570020,,309,,野怪掉落圣诞礼盒,,,
1255,5101440,8570020,,309,,野怪掉落圣诞礼盒,,,
1256,5101450,8570020,,309,,野怪掉落圣诞礼盒,,,
1257,5101460,8570020,,309,,野怪掉落圣诞礼盒,,,
1258,5101470,8570020,,309,,野怪掉落圣诞礼盒,,,
1259,5101480,8570020,,309,,野怪掉落圣诞礼盒,,,
1260,5101490,8570020,,309,,野怪掉落圣诞礼盒,,,
1261,5101500,8570020,,309,,野怪掉落圣诞礼盒,,,
1262,5101510,8570020,,309,,野怪掉落圣诞礼盒,,,
1263,5101520,8570020,,309,,野怪掉落圣诞礼盒,,,
1264,5101530,8570020,,309,,野怪掉落圣诞礼盒,,,
1265,5101540,8570020,,309,,野怪掉落圣诞礼盒,,,
1266,5101550,8570020,,309,,野怪掉落圣诞礼盒,,,
1267,5101560,8570020,,309,,野怪掉落圣诞礼盒,,,
1268,5101570,8570020,,309,,野怪掉落圣诞礼盒,,,
1269,5101580,8570020,,309,,野怪掉落圣诞礼盒,,,
1270,5101590,8570020,,309,,野怪掉落圣诞礼盒,,,
1271,5101600,8570020,,309,,野怪掉落圣诞礼盒,,,
1272,5101610,8570020,,309,,野怪掉落圣诞礼盒,,,
1273,5101620,8570020,,309,,野怪掉落圣诞礼盒,,,
1274,5101630,8570020,,309,,野怪掉落圣诞礼盒,,,
1275,5101640,8570020,,309,,野怪掉落圣诞礼盒,,,
1276,5101650,8570020,,309,,野怪掉落圣诞礼盒,,,
1277,5101660,8570020,,309,,野怪掉落圣诞礼盒,,,
1278,5101670,8570020,,309,,野怪掉落圣诞礼盒,,,
1279,5101680,8570020,,309,,野怪掉落圣诞礼盒,,,
1280,5101690,8570020,,309,,野怪掉落圣诞礼盒,,,
1281,5101700,8570020,,309,,野怪掉落圣诞礼盒,,,
1282,5101710,8570020,,309,,野怪掉落圣诞礼盒,,,
1283,5101720,8570020,,309,,野怪掉落圣诞礼盒,,,
1284,5101730,8570020,,309,,野怪掉落圣诞礼盒,,,
1285,5101740,8570020,,309,,野怪掉落圣诞礼盒,,,
1286,5101750,8570020,,309,,野怪掉落圣诞礼盒,,,
1287,5101760,8570020,,309,,野怪掉落圣诞礼盒,,,
1288,5101770,8570020,,309,,野怪掉落圣诞礼盒,,,
1289,5101780,8570020,,309,,野怪掉落圣诞礼盒,,,
1290,5101790,8570020,,309,,野怪掉落圣诞礼盒,,,
1291,5100290,8570170,,312,,测试野外掉落上限热更,,,
1292,5100010,8600140,,314,,野怪掉春节饭票,,,
1293,5100020,8600140,,314,,野怪掉春节饭票,,,
1294,5100030,8600140,,314,,野怪掉春节饭票,,,
1295,5100040,8600140,,314,,野怪掉春节饭票,,,
1296,5100050,8600140,,314,,野怪掉春节饭票,,,
1297,5100060,8600140,,314,,野怪掉春节饭票,,,
1298,5100070,8600140,,314,,野怪掉春节饭票,,,
1299,5100080,8600140,,314,,野怪掉春节饭票,,,
1300,5100090,8600140,,314,,野怪掉春节饭票,,,
1301,5100100,8600140,,314,,野怪掉春节饭票,,,
1302,5100110,8600140,,314,,野怪掉春节饭票,,,
1303,5100120,8600140,,314,,野怪掉春节饭票,,,
1304,5100130,8600140,,314,,野怪掉春节饭票,,,
1305,5100140,8600140,,314,,野怪掉春节饭票,,,
1306,5100150,8600140,,314,,野怪掉春节饭票,,,
1307,5100160,8600140,,314,,野怪掉春节饭票,,,
1308,5100170,8600140,,314,,野怪掉春节饭票,,,
1309,5100180,8600140,,314,,野怪掉春节饭票,,,
1310,5100190,8600140,,314,,野怪掉春节饭票,,,
1311,5100200,8600140,,314,,野怪掉春节饭票,,,
1312,5100210,8600140,,314,,野怪掉春节饭票,,,
1313,5100220,8600140,,314,,野怪掉春节饭票,,,
1314,5100230,8600140,,314,,野怪掉春节饭票,,,
1315,5100240,8600140,,314,,野怪掉春节饭票,,,
1316,5100250,8600140,,314,,野怪掉春节饭票,,,
1317,5100260,8600140,,314,,野怪掉春节饭票,,,
1318,5100270,8600140,,314,,野怪掉春节饭票,,,
1319,5100280,8600140,,314,,野怪掉春节饭票,,,
1320,5100290,8600140,,314,,野怪掉春节饭票,,,
1321,5100300,8600140,,314,,野怪掉春节饭票,,,
1322,5100310,8600140,,314,,野怪掉春节饭票,,,
1323,5100320,8600140,,314,,野怪掉春节饭票,,,
1324,5100330,8600140,,314,,野怪掉春节饭票,,,
1325,5100340,8600140,,314,,野怪掉春节饭票,,,
1326,5100350,8600140,,314,,野怪掉春节饭票,,,
1327,5100360,8600140,,314,,野怪掉春节饭票,,,
1328,5100370,8600140,,314,,野怪掉春节饭票,,,
1329,5100380,8600140,,314,,野怪掉春节饭票,,,
1330,5100390,8600140,,314,,野怪掉春节饭票,,,
1331,5100400,8600140,,314,,野怪掉春节饭票,,,
1332,5100410,8600140,,314,,野怪掉春节饭票,,,
1333,5100420,8600140,,314,,野怪掉春节饭票,,,
1334,5100430,8600140,,314,,野怪掉春节饭票,,,
1335,5100440,8600140,,314,,野怪掉春节饭票,,,
1336,5100450,8600140,,314,,野怪掉春节饭票,,,
1337,5100460,8600140,,314,,野怪掉春节饭票,,,
1338,5100470,8600140,,314,,野怪掉春节饭票,,,
1339,5100480,8600140,,314,,野怪掉春节饭票,,,
1340,5100490,8600140,,314,,野怪掉春节饭票,,,
1341,5100500,8600140,,314,,野怪掉春节饭票,,,
1342,5100510,8600140,,314,,野怪掉春节饭票,,,
1343,5100520,8600140,,314,,野怪掉春节饭票,,,
1344,5100530,8600140,,314,,野怪掉春节饭票,,,
1345,5100540,8600140,,314,,野怪掉春节饭票,,,
1346,5100550,8600140,,314,,野怪掉春节饭票,,,
1347,5100560,8600140,,314,,野怪掉春节饭票,,,
1348,5100570,8600140,,314,,野怪掉春节饭票,,,
1349,5100580,8600140,,314,,野怪掉春节饭票,,,
1350,5100590,8600140,,314,,野怪掉春节饭票,,,
1351,5100600,8600140,,314,,野怪掉春节饭票,,,
1352,5100610,8600140,,314,,野怪掉春节饭票,,,
1353,5100620,8600140,,314,,野怪掉春节饭票,,,
1354,5100630,8600140,,314,,野怪掉春节饭票,,,
1355,5100640,8600140,,314,,野怪掉春节饭票,,,
1356,5100650,8600140,,314,,野怪掉春节饭票,,,
1357,5100660,8600140,,314,,野怪掉春节饭票,,,
1358,5100670,8600140,,314,,野怪掉春节饭票,,,
1359,5100680,8600140,,314,,野怪掉春节饭票,,,
1360,5100690,8600140,,314,,野怪掉春节饭票,,,
1361,5100700,8600140,,314,,野怪掉春节饭票,,,
1362,5100710,8600140,,314,,野怪掉春节饭票,,,
1363,5100720,8600140,,314,,野怪掉春节饭票,,,
1364,5100730,8600140,,314,,野怪掉春节饭票,,,
1365,5100740,8600140,,314,,野怪掉春节饭票,,,
1366,5100750,8600140,,314,,野怪掉春节饭票,,,
1367,5100760,8600140,,314,,野怪掉春节饭票,,,
1368,5100770,8600140,,314,,野怪掉春节饭票,,,
1369,5100780,8600140,,314,,野怪掉春节饭票,,,
1370,5100790,8600140,,314,,野怪掉春节饭票,,,
1371,5100800,8600140,,314,,野怪掉春节饭票,,,
1372,5100810,8600140,,314,,野怪掉春节饭票,,,
1373,5100820,8600140,,314,,野怪掉春节饭票,,,
1374,5100830,8600140,,314,,野怪掉春节饭票,,,
1375,5100840,8600140,,314,,野怪掉春节饭票,,,
1376,5100850,8600140,,314,,野怪掉春节饭票,,,
1377,5100860,8600140,,314,,野怪掉春节饭票,,,
1378,5100870,8600140,,314,,野怪掉春节饭票,,,
1379,5100880,8600140,,314,,野怪掉春节饭票,,,
1380,5100890,8600140,,314,,野怪掉春节饭票,,,
1381,5100900,8600140,,314,,野怪掉春节饭票,,,
1382,5100910,8600140,,314,,野怪掉春节饭票,,,
1383,5100920,8600140,,314,,野怪掉春节饭票,,,
1384,5100930,8600140,,314,,野怪掉春节饭票,,,
1385,5100940,8600140,,314,,野怪掉春节饭票,,,
1386,5100950,8600140,,314,,野怪掉春节饭票,,,
1387,5100960,8600140,,314,,野怪掉春节饭票,,,
1388,5100970,8600140,,314,,野怪掉春节饭票,,,
1389,5100980,8600140,,314,,野怪掉春节饭票,,,
1390,5100990,8600140,,314,,野怪掉春节饭票,,,
1391,5101000,8600140,,314,,野怪掉春节饭票,,,
1392,5101010,8600140,,314,,野怪掉春节饭票,,,
1393,5101020,8600140,,314,,野怪掉春节饭票,,,
1394,5101030,8600140,,314,,野怪掉春节饭票,,,
1395,5101040,8600140,,314,,野怪掉春节饭票,,,
1396,5101050,8600140,,314,,野怪掉春节饭票,,,
1397,5101060,8600140,,314,,野怪掉春节饭票,,,
1398,5101070,8600140,,314,,野怪掉春节饭票,,,
1399,5101080,8600140,,314,,野怪掉春节饭票,,,
1400,5101090,8600140,,314,,野怪掉春节饭票,,,
1401,5101100,8600140,,314,,野怪掉春节饭票,,,
1402,5101110,8600140,,314,,野怪掉春节饭票,,,
1403,5101120,8600140,,314,,野怪掉春节饭票,,,
1404,5101130,8600140,,314,,野怪掉春节饭票,,,
1405,5101140,8600140,,314,,野怪掉春节饭票,,,
1406,5101150,8600140,,314,,野怪掉春节饭票,,,
1407,5101160,8600140,,314,,野怪掉春节饭票,,,
1408,5101170,8600140,,314,,野怪掉春节饭票,,,
1409,5101180,8600140,,314,,野怪掉春节饭票,,,
1410,5101190,8600140,,314,,野怪掉春节饭票,,,
1411,5101200,8600140,,314,,野怪掉春节饭票,,,
1412,5101210,8600140,,314,,野怪掉春节饭票,,,
1413,5101220,8600140,,314,,野怪掉春节饭票,,,
1414,5101230,8600140,,314,,野怪掉春节饭票,,,
1415,5101240,8600140,,314,,野怪掉春节饭票,,,
1416,5101250,8600140,,314,,野怪掉春节饭票,,,
1417,5101260,8600140,,314,,野怪掉春节饭票,,,
1418,5101270,8600140,,314,,野怪掉春节饭票,,,
1419,5101280,8600140,,314,,野怪掉春节饭票,,,
1420,5101290,8600140,,314,,野怪掉春节饭票,,,
1421,5101300,8600140,,314,,野怪掉春节饭票,,,
1422,5101310,8600140,,314,,野怪掉春节饭票,,,
1423,5101320,8600140,,314,,野怪掉春节饭票,,,
1424,5101330,8600140,,314,,野怪掉春节饭票,,,
1425,5101340,8600140,,314,,野怪掉春节饭票,,,
1426,5101350,8600140,,314,,野怪掉春节饭票,,,
1427,5101360,8600140,,314,,野怪掉春节饭票,,,
1428,5101370,8600140,,314,,野怪掉春节饭票,,,
1429,5101380,8600140,,314,,野怪掉春节饭票,,,
1430,5101390,8600140,,314,,野怪掉春节饭票,,,
1431,5101400,8600140,,314,,野怪掉春节饭票,,,
1432,5101410,8600140,,314,,野怪掉春节饭票,,,
1433,5101420,8600140,,314,,野怪掉春节饭票,,,
1434,5101430,8600140,,314,,野怪掉春节饭票,,,
1435,5101440,8600140,,314,,野怪掉春节饭票,,,
1436,5101450,8600140,,314,,野怪掉春节饭票,,,
1437,5101460,8600140,,314,,野怪掉春节饭票,,,
1438,5101470,8600140,,314,,野怪掉春节饭票,,,
1439,5101480,8600140,,314,,野怪掉春节饭票,,,
1440,5101490,8600140,,314,,野怪掉春节饭票,,,
1441,5101500,8600140,,314,,野怪掉春节饭票,,,
1442,5101510,8600140,,314,,野怪掉春节饭票,,,
1443,5101520,8600140,,314,,野怪掉春节饭票,,,
1444,5101530,8600140,,314,,野怪掉春节饭票,,,
1445,5101540,8600140,,314,,野怪掉春节饭票,,,
1446,5101550,8600140,,314,,野怪掉春节饭票,,,
1447,5101560,8600140,,314,,野怪掉春节饭票,,,
1448,5101570,8600140,,314,,野怪掉春节饭票,,,
1449,5101580,8600140,,314,,野怪掉春节饭票,,,
1450,5101590,8600140,,314,,野怪掉春节饭票,,,
1451,5101600,8600140,,314,,野怪掉春节饭票,,,
1452,5101610,8600140,,314,,野怪掉春节饭票,,,
1453,5101620,8600140,,314,,野怪掉春节饭票,,,
1454,5101630,8600140,,314,,野怪掉春节饭票,,,
1455,5101640,8600140,,314,,野怪掉春节饭票,,,
1456,5101650,8600140,,314,,野怪掉春节饭票,,,
1457,5101660,8600140,,314,,野怪掉春节饭票,,,
1458,5101670,8600140,,314,,野怪掉春节饭票,,,
1459,5101680,8600140,,314,,野怪掉春节饭票,,,
1460,5101690,8600140,,314,,野怪掉春节饭票,,,
1461,5101700,8600140,,314,,野怪掉春节饭票,,,
1462,5101710,8600140,,314,,野怪掉春节饭票,,,
1463,5101720,8600140,,314,,野怪掉春节饭票,,,
1464,5101730,8600140,,314,,野怪掉春节饭票,,,
1465,5101740,8600140,,314,,野怪掉春节饭票,,,
1466,5101750,8600140,,314,,野怪掉春节饭票,,,
1467,5101760,8600140,,314,,野怪掉春节饭票,,,
1468,5101770,8600140,,314,,野怪掉春节饭票,,,
1469,5101780,8600140,,314,,野怪掉春节饭票,,,
1470,5101790,8600140,,314,,野怪掉春节饭票,,,
1471,3100010,8600160,,314,,简单委托任务礼包,,,
1472,3100020,8600160,,314,,简单委托任务礼包,,,
1473,3100030,8600160,,314,,简单委托任务礼包,,,
1474,3100040,8600160,,314,,简单委托任务礼包,,,
1475,3100050,8600160,,314,,简单委托任务礼包,,,
1476,3100060,8600160,,314,,简单委托任务礼包,,,
1477,3100070,8600160,,314,,简单委托任务礼包,,,
1478,3100080,8600160,,314,,简单委托任务礼包,,,
1479,3100090,8600160,,314,,简单委托任务礼包,,,
1480,3110010,8600170,,314,,困难委托任务礼包,,,
1481,3110020,8600170,,314,,困难委托任务礼包,,,
1482,3110030,8600170,,314,,困难委托任务礼包,,,
1483,3110040,8600170,,314,,困难委托任务礼包,,,
1484,3110050,8600170,,314,,困难委托任务礼包,,,
1485,3110060,8600170,,314,,困难委托任务礼包,,,
1486,3110070,8600170,,314,,困难委托任务礼包,,,
1487,3110080,8600170,,314,,困难委托任务礼包,,,
1488,3110090,8600170,,314,,困难委托任务礼包,,,
1489,3150050,8600180,,314,,40点委托任务,,,
1490,3120010,8600170,,314,,圣歌,,,
1491,3130010,8600180,,314,,迷雾,,,
1492,5100010,8800010,,315,,野怪紫卡结晶释放,,,
1493,5100020,8800010,,315,,野怪紫卡结晶释放,,,
1494,5100030,8800010,,315,,野怪紫卡结晶释放,,,
1495,5100040,8800010,,315,,野怪紫卡结晶释放,,,
1496,5100050,8800010,,315,,野怪紫卡结晶释放,,,
1497,5100060,8800010,,315,,野怪紫卡结晶释放,,,
1498,5100070,8800010,,315,,野怪紫卡结晶释放,,,
1499,5100080,8800010,,315,,野怪紫卡结晶释放,,,
1500,5100090,8800010,,315,,野怪紫卡结晶释放,,,
1501,5100100,8800010,,315,,野怪紫卡结晶释放,,,
1502,5100110,8800010,,315,,野怪紫卡结晶释放,,,
1503,5100120,8800010,,315,,野怪紫卡结晶释放,,,
1504,5100130,8800010,,315,,野怪紫卡结晶释放,,,
1505,5100140,8800010,,315,,野怪紫卡结晶释放,,,
1506,5100150,8800010,,315,,野怪紫卡结晶释放,,,
1507,5100160,8800010,,315,,野怪紫卡结晶释放,,,
1508,5100170,8800010,,315,,野怪紫卡结晶释放,,,
1509,5100180,8800010,,315,,野怪紫卡结晶释放,,,
1510,5100190,8800010,,315,,野怪紫卡结晶释放,,,
1511,5100200,8800010,,315,,野怪紫卡结晶释放,,,
1512,5100210,8800010,,315,,野怪紫卡结晶释放,,,
1513,5100220,8800010,,315,,野怪紫卡结晶释放,,,
1514,5100230,8800010,,315,,野怪紫卡结晶释放,,,
1515,5100240,8800010,,315,,野怪紫卡结晶释放,,,
1516,5100250,8800010,,315,,野怪紫卡结晶释放,,,
1517,5100260,8800010,,315,,野怪紫卡结晶释放,,,
1518,5100270,8800010,,315,,野怪紫卡结晶释放,,,
1519,5100280,8800010,,315,,野怪紫卡结晶释放,,,
1520,5100290,8800010,,315,,野怪紫卡结晶释放,,,
1521,5100300,8800010,,315,,野怪紫卡结晶释放,,,
1522,5100310,8800010,,315,,野怪紫卡结晶释放,,,
1523,5100320,8800010,,315,,野怪紫卡结晶释放,,,
1524,5100330,8800010,,315,,野怪紫卡结晶释放,,,
1525,5100340,8800010,,315,,野怪紫卡结晶释放,,,
1526,5100350,8800010,,315,,野怪紫卡结晶释放,,,
1527,5100360,8800010,,315,,野怪紫卡结晶释放,,,
1528,5100370,8800010,,315,,野怪紫卡结晶释放,,,
1529,5100380,8800010,,315,,野怪紫卡结晶释放,,,
1530,5100390,8800010,,315,,野怪紫卡结晶释放,,,
1531,5100400,8800010,,315,,野怪紫卡结晶释放,,,
1532,5100410,8800010,,315,,野怪紫卡结晶释放,,,
1533,5100420,8800010,,315,,野怪紫卡结晶释放,,,
1534,5100430,8800010,,315,,野怪紫卡结晶释放,,,
1535,5100440,8800010,,315,,野怪紫卡结晶释放,,,
1536,5100450,8800010,,315,,野怪紫卡结晶释放,,,
1537,5100460,8800010,,315,,野怪紫卡结晶释放,,,
1538,5100470,8800010,,315,,野怪紫卡结晶释放,,,
1539,5100480,8800010,,315,,野怪紫卡结晶释放,,,
1540,5100490,8800010,,315,,野怪紫卡结晶释放,,,
1541,5100500,8800010,,315,,野怪紫卡结晶释放,,,
1542,5100510,8800010,,315,,野怪紫卡结晶释放,,,
1543,5100520,8800010,,315,,野怪紫卡结晶释放,,,
1544,5100530,8800010,,315,,野怪紫卡结晶释放,,,
1545,5100540,8800010,,315,,野怪紫卡结晶释放,,,
1546,5100550,8800010,,315,,野怪紫卡结晶释放,,,
1547,5100560,8800010,,315,,野怪紫卡结晶释放,,,
1548,5100570,8800010,,315,,野怪紫卡结晶释放,,,
1549,5100580,8800010,,315,,野怪紫卡结晶释放,,,
1550,5100590,8800010,,315,,野怪紫卡结晶释放,,,
1551,5100600,8800010,,315,,野怪紫卡结晶释放,,,
1552,5100610,8800010,,315,,野怪紫卡结晶释放,,,
1553,5100620,8800010,,315,,野怪紫卡结晶释放,,,
1554,5100630,8800010,,315,,野怪紫卡结晶释放,,,
1555,5100640,8800010,,315,,野怪紫卡结晶释放,,,
1556,5100650,8800010,,315,,野怪紫卡结晶释放,,,
1557,5100660,8800010,,315,,野怪紫卡结晶释放,,,
1558,5100670,8800010,,315,,野怪紫卡结晶释放,,,
1559,5100680,8800010,,315,,野怪紫卡结晶释放,,,
1560,5100690,8800010,,315,,野怪紫卡结晶释放,,,
1561,5100700,8800010,,315,,野怪紫卡结晶释放,,,
1562,5100710,8800010,,315,,野怪紫卡结晶释放,,,
1563,5100720,8800010,,315,,野怪紫卡结晶释放,,,
1564,5100730,8800010,,315,,野怪紫卡结晶释放,,,
1565,5100740,8800010,,315,,野怪紫卡结晶释放,,,
1566,5100750,8800010,,315,,野怪紫卡结晶释放,,,
1567,5100760,8800010,,315,,野怪紫卡结晶释放,,,
1568,5100770,8800010,,315,,野怪紫卡结晶释放,,,
1569,5100780,8800010,,315,,野怪紫卡结晶释放,,,
1570,5100790,8800010,,315,,野怪紫卡结晶释放,,,
1571,5100800,8800010,,315,,野怪紫卡结晶释放,,,
1572,5100810,8800010,,315,,野怪紫卡结晶释放,,,
1573,5100820,8800010,,315,,野怪紫卡结晶释放,,,
1574,5100830,8800010,,315,,野怪紫卡结晶释放,,,
1575,5100840,8800010,,315,,野怪紫卡结晶释放,,,
1576,5100850,8800010,,315,,野怪紫卡结晶释放,,,
1577,5100860,8800010,,315,,野怪紫卡结晶释放,,,
1578,5100870,8800010,,315,,野怪紫卡结晶释放,,,
1579,5100880,8800010,,315,,野怪紫卡结晶释放,,,
1580,5100890,8800010,,315,,野怪紫卡结晶释放,,,
1581,5100900,8800010,,315,,野怪紫卡结晶释放,,,
1582,5100910,8800010,,315,,野怪紫卡结晶释放,,,
1583,5100920,8800010,,315,,野怪紫卡结晶释放,,,
1584,5100930,8800010,,315,,野怪紫卡结晶释放,,,
1585,5100940,8800010,,315,,野怪紫卡结晶释放,,,
1586,5100950,8800010,,315,,野怪紫卡结晶释放,,,
1587,5100960,8800010,,315,,野怪紫卡结晶释放,,,
1588,5100970,8800010,,315,,野怪紫卡结晶释放,,,
1589,5100980,8800010,,315,,野怪紫卡结晶释放,,,
1590,5100990,8800010,,315,,野怪紫卡结晶释放,,,
1591,5101000,8800010,,315,,野怪紫卡结晶释放,,,
1592,5101010,8800010,,315,,野怪紫卡结晶释放,,,
1593,5101020,8800010,,315,,野怪紫卡结晶释放,,,
1594,5101030,8800010,,315,,野怪紫卡结晶释放,,,
1595,5101040,8800010,,315,,野怪紫卡结晶释放,,,
1596,5101050,8800010,,315,,野怪紫卡结晶释放,,,
1597,5101060,8800010,,315,,野怪紫卡结晶释放,,,
1598,5101070,8800010,,315,,野怪紫卡结晶释放,,,
1599,5101080,8800010,,315,,野怪紫卡结晶释放,,,
1600,5101090,8800010,,315,,野怪紫卡结晶释放,,,
1601,5101100,8800010,,315,,野怪紫卡结晶释放,,,
1602,5101110,8800010,,315,,野怪紫卡结晶释放,,,
1603,5101120,8800010,,315,,野怪紫卡结晶释放,,,
1604,5101130,8800010,,315,,野怪紫卡结晶释放,,,
1605,5101140,8800010,,315,,野怪紫卡结晶释放,,,
1606,5101150,8800010,,315,,野怪紫卡结晶释放,,,
1607,5101160,8800010,,315,,野怪紫卡结晶释放,,,
1608,5101170,8800010,,315,,野怪紫卡结晶释放,,,
1609,5101180,8800010,,315,,野怪紫卡结晶释放,,,
1610,5101190,8800010,,315,,野怪紫卡结晶释放,,,
1611,5101200,8800010,,315,,野怪紫卡结晶释放,,,
1612,5101210,8800010,,315,,野怪紫卡结晶释放,,,
1613,5101220,8800010,,315,,野怪紫卡结晶释放,,,
1614,5101230,8800010,,315,,野怪紫卡结晶释放,,,
1615,5101240,8800010,,315,,野怪紫卡结晶释放,,,
1616,5101250,8800010,,315,,野怪紫卡结晶释放,,,
1617,5101260,8800010,,315,,野怪紫卡结晶释放,,,
1618,5101270,8800010,,315,,野怪紫卡结晶释放,,,
1619,5101280,8800010,,315,,野怪紫卡结晶释放,,,
1620,5101290,8800010,,315,,野怪紫卡结晶释放,,,
1621,5101300,8800010,,315,,野怪紫卡结晶释放,,,
1622,5101310,8800010,,315,,野怪紫卡结晶释放,,,
1623,5101320,8800010,,315,,野怪紫卡结晶释放,,,
1624,5101330,8800010,,315,,野怪紫卡结晶释放,,,
1625,5101340,8800010,,315,,野怪紫卡结晶释放,,,
1626,5101350,8800010,,315,,野怪紫卡结晶释放,,,
1627,5101360,8800010,,315,,野怪紫卡结晶释放,,,
1628,5101370,8800010,,315,,野怪紫卡结晶释放,,,
1629,5101380,8800010,,315,,野怪紫卡结晶释放,,,
1630,5101390,8800010,,315,,野怪紫卡结晶释放,,,
1631,5101400,8800010,,315,,野怪紫卡结晶释放,,,
1632,5101410,8800010,,315,,野怪紫卡结晶释放,,,
1633,5101420,8800010,,315,,野怪紫卡结晶释放,,,
1634,5101430,8800010,,315,,野怪紫卡结晶释放,,,
1635,5101440,8800010,,315,,野怪紫卡结晶释放,,,
1636,5101450,8800010,,315,,野怪紫卡结晶释放,,,
1637,5101460,8800010,,315,,野怪紫卡结晶释放,,,
1638,5101470,8800010,,315,,野怪紫卡结晶释放,,,
1639,5101480,8800010,,315,,野怪紫卡结晶释放,,,
1640,5101490,8800010,,315,,野怪紫卡结晶释放,,,
1641,5101500,8800010,,315,,野怪紫卡结晶释放,,,
1642,5101510,8800010,,315,,野怪紫卡结晶释放,,,
1643,5101520,8800010,,315,,野怪紫卡结晶释放,,,
1644,5101530,8800010,,315,,野怪紫卡结晶释放,,,
1645,5101540,8800010,,315,,野怪紫卡结晶释放,,,
1646,5101550,8800010,,315,,野怪紫卡结晶释放,,,
1647,5101560,8800010,,315,,野怪紫卡结晶释放,,,
1648,5101570,8800010,,315,,野怪紫卡结晶释放,,,
1649,5101580,8800010,,315,,野怪紫卡结晶释放,,,
1650,5101590,8800010,,315,,野怪紫卡结晶释放,,,
1651,5101600,8800010,,315,,野怪紫卡结晶释放,,,
1652,5101610,8800010,,315,,野怪紫卡结晶释放,,,
1653,5101620,8800010,,315,,野怪紫卡结晶释放,,,
1654,5101630,8800010,,315,,野怪紫卡结晶释放,,,
1655,5101640,8800010,,315,,野怪紫卡结晶释放,,,
1656,5101650,8800010,,315,,野怪紫卡结晶释放,,,
1657,5101660,8800010,,315,,野怪紫卡结晶释放,,,
1658,5101670,8800010,,315,,野怪紫卡结晶释放,,,
1659,5101680,8800010,,315,,野怪紫卡结晶释放,,,
1660,5101690,8800010,,315,,野怪紫卡结晶释放,,,
1661,5101700,8800010,,315,,野怪紫卡结晶释放,,,
1662,5101710,8800010,,315,,野怪紫卡结晶释放,,,
1663,5101720,8800010,,315,,野怪紫卡结晶释放,,,
1664,5101730,8800010,,315,,野怪紫卡结晶释放,,,
1665,5101740,8800010,,315,,野怪紫卡结晶释放,,,
1666,5101750,8800010,,315,,野怪紫卡结晶释放,,,
1667,5101760,8800010,,315,,野怪紫卡结晶释放,,,
1668,5101770,8800010,,315,,野怪紫卡结晶释放,,,
1669,5101780,8800010,,315,,野怪紫卡结晶释放,,,
1670,5101790,8800010,,315,,野怪紫卡结晶释放,,,
1671,5101800,8800010,,315,,野怪紫卡结晶释放,,,
1672,5101810,8800010,,315,,野怪紫卡结晶释放,,,
1673,5101820,8800010,,315,,野怪紫卡结晶释放,,,
1674,5101830,8800010,,315,,野怪紫卡结晶释放,,,
1675,5101840,8800010,,315,,野怪紫卡结晶释放,,,
1676,5101850,8800010,,315,,野怪紫卡结晶释放,,,
1677,5101860,8800010,,315,,野怪紫卡结晶释放,,,
1678,5101870,8800010,,315,,野怪紫卡结晶释放,,,
1679,5101880,8800010,,315,,野怪紫卡结晶释放,,,
1680,5101890,8800010,,315,,野怪紫卡结晶释放,,,
1681,5101900,8800010,,315,,野怪紫卡结晶释放,,,
1682,5101910,8800010,,315,,野怪紫卡结晶释放,,,
1683,5101920,8800010,,315,,野怪紫卡结晶释放,,,
1684,5101930,8800010,,315,,野怪紫卡结晶释放,,,
1685,5101940,8800010,,315,,野怪紫卡结晶释放,,,
1686,5101950,8800010,,315,,野怪紫卡结晶释放,,,
1687,5101960,8800010,,315,,野怪紫卡结晶释放,,,
1688,5101970,8800010,,315,,野怪紫卡结晶释放,,,
1689,5101980,8800010,,315,,野怪紫卡结晶释放,,,
1690,5101990,8800010,,315,,野怪紫卡结晶释放,,,
1691,5102000,8800010,,315,,野怪紫卡结晶释放,,,
1692,5102010,8800010,,315,,野怪紫卡结晶释放,,,
1693,5100010,8800020,,317,,野怪掉落时装币,,,
1694,5100020,8800020,,317,,野怪掉落时装币,,,
1695,5100030,8800020,,317,,野怪掉落时装币,,,
1696,5100040,8800020,,317,,野怪掉落时装币,,,
1697,5100050,8800020,,317,,野怪掉落时装币,,,
1698,5100060,8800020,,317,,野怪掉落时装币,,,
1699,5100070,8800020,,317,,野怪掉落时装币,,,
1700,5100080,8800020,,317,,野怪掉落时装币,,,
1701,5100090,8800020,,317,,野怪掉落时装币,,,
1702,5100100,8800020,,317,,野怪掉落时装币,,,
1703,5100110,8800020,,317,,野怪掉落时装币,,,
1704,5100120,8800020,,317,,野怪掉落时装币,,,
1705,5100130,8800020,,317,,野怪掉落时装币,,,
1706,5100140,8800020,,317,,野怪掉落时装币,,,
1707,5100150,8800020,,317,,野怪掉落时装币,,,
1708,5100160,8800020,,317,,野怪掉落时装币,,,
1709,5100170,8800020,,317,,野怪掉落时装币,,,
1710,5100180,8800020,,317,,野怪掉落时装币,,,
1711,5100190,8800020,,317,,野怪掉落时装币,,,
1712,5100200,8800020,,317,,野怪掉落时装币,,,
1713,5100210,8800020,,317,,野怪掉落时装币,,,
1714,5100220,8800020,,317,,野怪掉落时装币,,,
1715,5100230,8800020,,317,,野怪掉落时装币,,,
1716,5100240,8800020,,317,,野怪掉落时装币,,,
1717,5100250,8800020,,317,,野怪掉落时装币,,,
1718,5100260,8800020,,317,,野怪掉落时装币,,,
1719,5100270,8800020,,317,,野怪掉落时装币,,,
1720,5100280,8800020,,317,,野怪掉落时装币,,,
1721,5100290,8800020,,317,,野怪掉落时装币,,,
1722,5100300,8800020,,317,,野怪掉落时装币,,,
1723,5100310,8800020,,317,,野怪掉落时装币,,,
1724,5100320,8800020,,317,,野怪掉落时装币,,,
1725,5100330,8800020,,317,,野怪掉落时装币,,,
1726,5100340,8800020,,317,,野怪掉落时装币,,,
1727,5100350,8800020,,317,,野怪掉落时装币,,,
1728,5100360,8800020,,317,,野怪掉落时装币,,,
1729,5100370,8800020,,317,,野怪掉落时装币,,,
1730,5100380,8800020,,317,,野怪掉落时装币,,,
1731,5100390,8800020,,317,,野怪掉落时装币,,,
1732,5100400,8800020,,317,,野怪掉落时装币,,,
1733,5100410,8800020,,317,,野怪掉落时装币,,,
1734,5100420,8800020,,317,,野怪掉落时装币,,,
1735,5100430,8800020,,317,,野怪掉落时装币,,,
1736,5100440,8800020,,317,,野怪掉落时装币,,,
1737,5100450,8800020,,317,,野怪掉落时装币,,,
1738,5100460,8800020,,317,,野怪掉落时装币,,,
1739,5100470,8800020,,317,,野怪掉落时装币,,,
1740,5100480,8800020,,317,,野怪掉落时装币,,,
1741,5100490,8800020,,317,,野怪掉落时装币,,,
1742,5100500,8800020,,317,,野怪掉落时装币,,,
1743,5100510,8800020,,317,,野怪掉落时装币,,,
1744,5100520,8800020,,317,,野怪掉落时装币,,,
1745,5100530,8800020,,317,,野怪掉落时装币,,,
1746,5100540,8800020,,317,,野怪掉落时装币,,,
1747,5100550,8800020,,317,,野怪掉落时装币,,,
1748,5100560,8800020,,317,,野怪掉落时装币,,,
1749,5100570,8800020,,317,,野怪掉落时装币,,,
1750,5100580,8800020,,317,,野怪掉落时装币,,,
1751,5100590,8800020,,317,,野怪掉落时装币,,,
1752,5100600,8800020,,317,,野怪掉落时装币,,,
1753,5100610,8800020,,317,,野怪掉落时装币,,,
1754,5100620,8800020,,317,,野怪掉落时装币,,,
1755,5100630,8800020,,317,,野怪掉落时装币,,,
1756,5100640,8800020,,317,,野怪掉落时装币,,,
1757,5100650,8800020,,317,,野怪掉落时装币,,,
1758,5100660,8800020,,317,,野怪掉落时装币,,,
1759,5100670,8800020,,317,,野怪掉落时装币,,,
1760,5100680,8800020,,317,,野怪掉落时装币,,,
1761,5100690,8800020,,317,,野怪掉落时装币,,,
1762,5100700,8800020,,317,,野怪掉落时装币,,,
1763,5100710,8800020,,317,,野怪掉落时装币,,,
1764,5100720,8800020,,317,,野怪掉落时装币,,,
1765,5100730,8800020,,317,,野怪掉落时装币,,,
1766,5100740,8800020,,317,,野怪掉落时装币,,,
1767,5100750,8800020,,317,,野怪掉落时装币,,,
1768,5100760,8800020,,317,,野怪掉落时装币,,,
1769,5100770,8800020,,317,,野怪掉落时装币,,,
1770,5100780,8800020,,317,,野怪掉落时装币,,,
1771,5100790,8800020,,317,,野怪掉落时装币,,,
1772,5100800,8800020,,317,,野怪掉落时装币,,,
1773,5100810,8800020,,317,,野怪掉落时装币,,,
1774,5100820,8800020,,317,,野怪掉落时装币,,,
1775,5100830,8800020,,317,,野怪掉落时装币,,,
1776,5100840,8800020,,317,,野怪掉落时装币,,,
1777,5100850,8800020,,317,,野怪掉落时装币,,,
1778,5100860,8800020,,317,,野怪掉落时装币,,,
1779,5100870,8800020,,317,,野怪掉落时装币,,,
1780,5100880,8800020,,317,,野怪掉落时装币,,,
1781,5100890,8800020,,317,,野怪掉落时装币,,,
1782,5100900,8800020,,317,,野怪掉落时装币,,,
1783,5100910,8800020,,317,,野怪掉落时装币,,,
1784,5100920,8800020,,317,,野怪掉落时装币,,,
1785,5100930,8800020,,317,,野怪掉落时装币,,,
1786,5100940,8800020,,317,,野怪掉落时装币,,,
1787,5100950,8800020,,317,,野怪掉落时装币,,,
1788,5100960,8800020,,317,,野怪掉落时装币,,,
1789,5100970,8800020,,317,,野怪掉落时装币,,,
1790,5100980,8800020,,317,,野怪掉落时装币,,,
1791,5100990,8800020,,317,,野怪掉落时装币,,,
1792,5101000,8800020,,317,,野怪掉落时装币,,,
1793,5101010,8800020,,317,,野怪掉落时装币,,,
1794,5101020,8800020,,317,,野怪掉落时装币,,,
1795,5101030,8800020,,317,,野怪掉落时装币,,,
1796,5101040,8800020,,317,,野怪掉落时装币,,,
1797,5101050,8800020,,317,,野怪掉落时装币,,,
1798,5101060,8800020,,317,,野怪掉落时装币,,,
1799,5101070,8800020,,317,,野怪掉落时装币,,,
1800,5101080,8800020,,317,,野怪掉落时装币,,,
1801,5101090,8800020,,317,,野怪掉落时装币,,,
1802,5101100,8800020,,317,,野怪掉落时装币,,,
1803,5101110,8800020,,317,,野怪掉落时装币,,,
1804,5101120,8800020,,317,,野怪掉落时装币,,,
1805,5101130,8800020,,317,,野怪掉落时装币,,,
1806,5101140,8800020,,317,,野怪掉落时装币,,,
1807,5101150,8800020,,317,,野怪掉落时装币,,,
1808,5101160,8800020,,317,,野怪掉落时装币,,,
1809,5101170,8800020,,317,,野怪掉落时装币,,,
1810,5101180,8800020,,317,,野怪掉落时装币,,,
1811,5101190,8800020,,317,,野怪掉落时装币,,,
1812,5101200,8800020,,317,,野怪掉落时装币,,,
1813,5101210,8800020,,317,,野怪掉落时装币,,,
1814,5101220,8800020,,317,,野怪掉落时装币,,,
1815,5101230,8800020,,317,,野怪掉落时装币,,,
1816,5101240,8800020,,317,,野怪掉落时装币,,,
1817,5101250,8800020,,317,,野怪掉落时装币,,,
1818,5101260,8800020,,317,,野怪掉落时装币,,,
1819,5101270,8800020,,317,,野怪掉落时装币,,,
1820,5101280,8800020,,317,,野怪掉落时装币,,,
1821,5101290,8800020,,317,,野怪掉落时装币,,,
1822,5101300,8800020,,317,,野怪掉落时装币,,,
1823,5101310,8800020,,317,,野怪掉落时装币,,,
1824,5101320,8800020,,317,,野怪掉落时装币,,,
1825,5101330,8800020,,317,,野怪掉落时装币,,,
1826,5101340,8800020,,317,,野怪掉落时装币,,,
1827,5101350,8800020,,317,,野怪掉落时装币,,,
1828,5101360,8800020,,317,,野怪掉落时装币,,,
1829,5101370,8800020,,317,,野怪掉落时装币,,,
1830,5101380,8800020,,317,,野怪掉落时装币,,,
1831,5101390,8800020,,317,,野怪掉落时装币,,,
1832,5101400,8800020,,317,,野怪掉落时装币,,,
1833,5101410,8800020,,317,,野怪掉落时装币,,,
1834,5101420,8800020,,317,,野怪掉落时装币,,,
1835,5101430,8800020,,317,,野怪掉落时装币,,,
1836,5101440,8800020,,317,,野怪掉落时装币,,,
1837,5101450,8800020,,317,,野怪掉落时装币,,,
1838,5101460,8800020,,317,,野怪掉落时装币,,,
1839,5101470,8800020,,317,,野怪掉落时装币,,,
1840,5101480,8800020,,317,,野怪掉落时装币,,,
1841,5101490,8800020,,317,,野怪掉落时装币,,,
1842,5101500,8800020,,317,,野怪掉落时装币,,,
1843,5101510,8800020,,317,,野怪掉落时装币,,,
1844,5101520,8800020,,317,,野怪掉落时装币,,,
1845,5101530,8800020,,317,,野怪掉落时装币,,,
1846,5101540,8800020,,317,,野怪掉落时装币,,,
1847,5101550,8800020,,317,,野怪掉落时装币,,,
1848,5101560,8800020,,317,,野怪掉落时装币,,,
1849,5101570,8800020,,317,,野怪掉落时装币,,,
1850,5101580,8800020,,317,,野怪掉落时装币,,,
1851,5101590,8800020,,317,,野怪掉落时装币,,,
1852,5101600,8800020,,317,,野怪掉落时装币,,,
1853,5101610,8800020,,317,,野怪掉落时装币,,,
1854,5101620,8800020,,317,,野怪掉落时装币,,,
1855,5101630,8800020,,317,,野怪掉落时装币,,,
1856,5101640,8800020,,317,,野怪掉落时装币,,,
1857,5101650,8800020,,317,,野怪掉落时装币,,,
1858,5101660,8800020,,317,,野怪掉落时装币,,,
1859,5101670,8800020,,317,,野怪掉落时装币,,,
1860,5101680,8800020,,317,,野怪掉落时装币,,,
1861,5101690,8800020,,317,,野怪掉落时装币,,,
1862,5101700,8800020,,317,,野怪掉落时装币,,,
1863,5101710,8800020,,317,,野怪掉落时装币,,,
1864,5101720,8800020,,317,,野怪掉落时装币,,,
1865,5101730,8800020,,317,,野怪掉落时装币,,,
1866,5101740,8800020,,317,,野怪掉落时装币,,,
1867,5101750,8800020,,317,,野怪掉落时装币,,,
1868,5101760,8800020,,317,,野怪掉落时装币,,,
1869,5101770,8800020,,317,,野怪掉落时装币,,,
1870,5101780,8800020,,317,,野怪掉落时装币,,,
1871,5101790,8800020,,317,,野怪掉落时装币,,,
1872,5101800,8800020,,317,,野怪掉落时装币,,,
1873,5101810,8800020,,317,,野怪掉落时装币,,,
1874,5101820,8800020,,317,,野怪掉落时装币,,,
1875,5101830,8800020,,317,,野怪掉落时装币,,,
1876,5101840,8800020,,317,,野怪掉落时装币,,,
1877,5101850,8800020,,317,,野怪掉落时装币,,,
1878,5101860,8800020,,317,,野怪掉落时装币,,,
1879,5101870,8800020,,317,,野怪掉落时装币,,,
1880,5101880,8800020,,317,,野怪掉落时装币,,,
1881,5101890,8800020,,317,,野怪掉落时装币,,,
1882,5101900,8800020,,317,,野怪掉落时装币,,,
1883,5101910,8800020,,317,,野怪掉落时装币,,,
1884,5101920,8800020,,317,,野怪掉落时装币,,,
1885,5101930,8800020,,317,,野怪掉落时装币,,,
1886,5101940,8800020,,317,,野怪掉落时装币,,,
1887,5101950,8800020,,317,,野怪掉落时装币,,,
1888,5101960,8800020,,317,,野怪掉落时装币,,,
1889,5101970,8800020,,317,,野怪掉落时装币,,,
1890,5101980,8800020,,317,,野怪掉落时装币,,,
1891,5101990,8800020,,317,,野怪掉落时装币,,,
1892,5102000,8800020,,317,,野怪掉落时装币,,,
1893,5102010,8800020,,317,,野怪掉落时装币,,,
1894,5102020,8800020,,317,,野怪掉落时装币,,,
1895,5102030,8800020,,317,,野怪掉落时装币,,,
1896,5102040,8800020,,317,,野怪掉落时装币,,,
1897,5102050,8800020,,317,,野怪掉落时装币,,,
1898,5102060,8800020,,317,,野怪掉落时装币,,,
1899,5102070,8800020,,317,,野怪掉落时装币,,,
1900,5102080,8800020,,317,,野怪掉落时装币,,,
1901,5102090,8800020,,317,,野怪掉落时装币,,,
1902,5102100,8800020,,317,,野怪掉落时装币,,,
1903,5102110,8800020,,317,,野怪掉落时装币,,,
1904,5102120,8800020,,317,,野怪掉落时装币,,,
1905,5102130,8800020,,317,,野怪掉落时装币,,,
1906,5100010,8580140,,320,,日本上线牛排布丁,,,
1907,5100020,8580140,,320,,日本上线牛排布丁,,,
1908,5100030,8580140,,320,,日本上线牛排布丁,,,
1909,5100040,8580140,,320,,日本上线牛排布丁,,,
1910,5100050,8580140,,320,,日本上线牛排布丁,,,
1911,5100060,8580140,,320,,日本上线牛排布丁,,,
1912,5100070,8580140,,320,,日本上线牛排布丁,,,
1913,5100080,8580140,,320,,日本上线牛排布丁,,,
1914,5100090,8580140,,320,,日本上线牛排布丁,,,
1915,5100100,8580140,,320,,日本上线牛排布丁,,,
1916,5100110,8580140,,320,,日本上线牛排布丁,,,
1917,5100120,8580140,,320,,日本上线牛排布丁,,,
1918,5100130,8580140,,320,,日本上线牛排布丁,,,
1919,5100140,8580140,,320,,日本上线牛排布丁,,,
1920,5100150,8580140,,320,,日本上线牛排布丁,,,
1921,5100160,8580140,,320,,日本上线牛排布丁,,,
1922,5100170,8580140,,320,,日本上线牛排布丁,,,
1923,5100180,8580140,,320,,日本上线牛排布丁,,,
1924,5100190,8580140,,320,,日本上线牛排布丁,,,
1925,5100200,8580140,,320,,日本上线牛排布丁,,,
1926,5100210,8580140,,320,,日本上线牛排布丁,,,
1927,5100220,8580140,,320,,日本上线牛排布丁,,,
1928,5100230,8580140,,320,,日本上线牛排布丁,,,
1929,5100240,8580140,,320,,日本上线牛排布丁,,,
1930,5100250,8580140,,320,,日本上线牛排布丁,,,
1931,5100260,8580140,,320,,日本上线牛排布丁,,,
1932,5100270,8580140,,320,,日本上线牛排布丁,,,
1933,5100280,8580140,,320,,日本上线牛排布丁,,,
1934,5100290,8580140,,320,,日本上线牛排布丁,,,
1935,5100300,8580140,,320,,日本上线牛排布丁,,,
1936,5100310,8580140,,320,,日本上线牛排布丁,,,
1937,5100320,8580140,,320,,日本上线牛排布丁,,,
1938,5100330,8580140,,320,,日本上线牛排布丁,,,
1939,5100340,8580140,,320,,日本上线牛排布丁,,,
1940,5100350,8580140,,320,,日本上线牛排布丁,,,
1941,5100360,8580140,,320,,日本上线牛排布丁,,,
1942,5100370,8580140,,320,,日本上线牛排布丁,,,
1943,5100380,8580140,,320,,日本上线牛排布丁,,,
1944,5100390,8580140,,320,,日本上线牛排布丁,,,
1945,5100400,8580140,,320,,日本上线牛排布丁,,,
1946,5100410,8580140,,320,,日本上线牛排布丁,,,
1947,5100420,8580140,,320,,日本上线牛排布丁,,,
1948,5100430,8580140,,320,,日本上线牛排布丁,,,
1949,5100440,8580140,,320,,日本上线牛排布丁,,,
1950,5100450,8580140,,320,,日本上线牛排布丁,,,
1951,5100460,8580140,,320,,日本上线牛排布丁,,,
1952,5100470,8580140,,320,,日本上线牛排布丁,,,
1953,5100480,8580140,,320,,日本上线牛排布丁,,,
1954,5100490,8580140,,320,,日本上线牛排布丁,,,
1955,5100500,8580140,,320,,日本上线牛排布丁,,,
1956,5100510,8580140,,320,,日本上线牛排布丁,,,
1957,5100520,8580140,,320,,日本上线牛排布丁,,,
1958,5100530,8580140,,320,,日本上线牛排布丁,,,
1959,5100540,8580140,,320,,日本上线牛排布丁,,,
1960,5100550,8580140,,320,,日本上线牛排布丁,,,
1961,5100560,8580140,,320,,日本上线牛排布丁,,,
1962,5100570,8580140,,320,,日本上线牛排布丁,,,
1963,5100580,8580140,,320,,日本上线牛排布丁,,,
1964,5100590,8580140,,320,,日本上线牛排布丁,,,
1965,5100600,8580140,,320,,日本上线牛排布丁,,,
1966,5100610,8580140,,320,,日本上线牛排布丁,,,
1967,5100620,8580140,,320,,日本上线牛排布丁,,,
1968,5100630,8580140,,320,,日本上线牛排布丁,,,
1969,5100640,8580140,,320,,日本上线牛排布丁,,,
1970,5100650,8580140,,320,,日本上线牛排布丁,,,
1971,5100660,8580140,,320,,日本上线牛排布丁,,,
1972,5100670,8580140,,320,,日本上线牛排布丁,,,
1973,5100680,8580140,,320,,日本上线牛排布丁,,,
1974,5100690,8580140,,320,,日本上线牛排布丁,,,
1975,5100700,8580140,,320,,日本上线牛排布丁,,,
1976,5100710,8580140,,320,,日本上线牛排布丁,,,
1977,5100720,8580140,,320,,日本上线牛排布丁,,,
1978,5100730,8580140,,320,,日本上线牛排布丁,,,
1979,5100740,8580140,,320,,日本上线牛排布丁,,,
1980,5100750,8580140,,320,,日本上线牛排布丁,,,
1981,5100760,8580140,,320,,日本上线牛排布丁,,,
1982,5100770,8580140,,320,,日本上线牛排布丁,,,
1983,5100780,8580140,,320,,日本上线牛排布丁,,,
1984,5100790,8580140,,320,,日本上线牛排布丁,,,
1985,5100800,8580140,,320,,日本上线牛排布丁,,,
1986,5100810,8580140,,320,,日本上线牛排布丁,,,
1987,5100820,8580140,,320,,日本上线牛排布丁,,,
1988,5100830,8580140,,320,,日本上线牛排布丁,,,
1989,5100840,8580140,,320,,日本上线牛排布丁,,,
1990,5100850,8580140,,320,,日本上线牛排布丁,,,
1991,5100860,8580140,,320,,日本上线牛排布丁,,,
1992,5100870,8580140,,320,,日本上线牛排布丁,,,
1993,5100880,8580140,,320,,日本上线牛排布丁,,,
1994,5100890,8580140,,320,,日本上线牛排布丁,,,
1995,5100900,8580140,,320,,日本上线牛排布丁,,,
1996,5100910,8580140,,320,,日本上线牛排布丁,,,
1997,5100920,8580140,,320,,日本上线牛排布丁,,,
1998,5100930,8580140,,320,,日本上线牛排布丁,,,
1999,5100940,8580140,,320,,日本上线牛排布丁,,,
2000,5100950,8580140,,320,,日本上线牛排布丁,,,
2001,5100960,8580140,,320,,日本上线牛排布丁,,,
2002,5100970,8580140,,320,,日本上线牛排布丁,,,
2003,5100980,8580140,,320,,日本上线牛排布丁,,,
2004,5100990,8580140,,320,,日本上线牛排布丁,,,
2005,5101000,8580140,,320,,日本上线牛排布丁,,,
2006,5101010,8580140,,320,,日本上线牛排布丁,,,
2007,5101020,8580140,,320,,日本上线牛排布丁,,,
2008,5101030,8580140,,320,,日本上线牛排布丁,,,
2009,5101040,8580140,,320,,日本上线牛排布丁,,,
2010,5101050,8580140,,320,,日本上线牛排布丁,,,
2011,5101060,8580140,,320,,日本上线牛排布丁,,,
2012,5101070,8580140,,320,,日本上线牛排布丁,,,
2013,5101080,8580140,,320,,日本上线牛排布丁,,,
2014,5101090,8580140,,320,,日本上线牛排布丁,,,
2015,5101100,8580140,,320,,日本上线牛排布丁,,,
2016,5101110,8580140,,320,,日本上线牛排布丁,,,
2017,5101120,8580140,,320,,日本上线牛排布丁,,,
2018,5101130,8580140,,320,,日本上线牛排布丁,,,
2019,5101140,8580140,,320,,日本上线牛排布丁,,,
2020,5101150,8580140,,320,,日本上线牛排布丁,,,
2021,5101160,8580140,,320,,日本上线牛排布丁,,,
2022,5101170,8580140,,320,,日本上线牛排布丁,,,
2023,5101180,8580140,,320,,日本上线牛排布丁,,,
2024,5101190,8580140,,320,,日本上线牛排布丁,,,
2025,5101200,8580140,,320,,日本上线牛排布丁,,,
2026,5101210,8580140,,320,,日本上线牛排布丁,,,
2027,5101220,8580140,,320,,日本上线牛排布丁,,,
2028,5101230,8580140,,320,,日本上线牛排布丁,,,
2029,5101240,8580140,,320,,日本上线牛排布丁,,,
2030,5101250,8580140,,320,,日本上线牛排布丁,,,
2031,5101260,8580140,,320,,日本上线牛排布丁,,,
2032,5101270,8580140,,320,,日本上线牛排布丁,,,
2033,5101280,8580140,,320,,日本上线牛排布丁,,,
2034,5101290,8580140,,320,,日本上线牛排布丁,,,
2035,5101300,8580140,,320,,日本上线牛排布丁,,,
2036,5101310,8580140,,320,,日本上线牛排布丁,,,
2037,5101320,8580140,,320,,日本上线牛排布丁,,,
2038,5101330,8580140,,320,,日本上线牛排布丁,,,
2039,5101340,8580140,,320,,日本上线牛排布丁,,,
2040,5101350,8580140,,320,,日本上线牛排布丁,,,
2041,5101360,8580140,,320,,日本上线牛排布丁,,,
2042,5101370,8580140,,320,,日本上线牛排布丁,,,
2043,5101380,8580140,,320,,日本上线牛排布丁,,,
2044,5101390,8580140,,320,,日本上线牛排布丁,,,
2045,5101400,8580140,,320,,日本上线牛排布丁,,,
2046,5101410,8580140,,320,,日本上线牛排布丁,,,
2047,5101420,8580140,,320,,日本上线牛排布丁,,,
2048,5101430,8580140,,320,,日本上线牛排布丁,,,
2049,5101440,8580140,,320,,日本上线牛排布丁,,,
2050,5101450,8580140,,320,,日本上线牛排布丁,,,
2051,5101460,8580140,,320,,日本上线牛排布丁,,,
2052,5101470,8580140,,320,,日本上线牛排布丁,,,
2053,5101480,8580140,,320,,日本上线牛排布丁,,,
2054,5101490,8580140,,320,,日本上线牛排布丁,,,
2055,5101500,8580140,,320,,日本上线牛排布丁,,,
2056,5101510,8580140,,320,,日本上线牛排布丁,,,
2057,5101520,8580140,,320,,日本上线牛排布丁,,,
2058,5101530,8580140,,320,,日本上线牛排布丁,,,
2059,5101540,8580140,,320,,日本上线牛排布丁,,,
2060,5101550,8580140,,320,,日本上线牛排布丁,,,
2061,5101560,8580140,,320,,日本上线牛排布丁,,,
2062,5101570,8580140,,320,,日本上线牛排布丁,,,
2063,5101580,8580140,,320,,日本上线牛排布丁,,,
2064,5101590,8580140,,320,,日本上线牛排布丁,,,
2065,5101600,8580140,,320,,日本上线牛排布丁,,,
2066,5101610,8580140,,320,,日本上线牛排布丁,,,
2067,5101620,8580140,,320,,日本上线牛排布丁,,,
2068,5101630,8580140,,320,,日本上线牛排布丁,,,
2069,5101640,8580140,,320,,日本上线牛排布丁,,,
2070,5101650,8580140,,320,,日本上线牛排布丁,,,
2071,5101660,8580140,,320,,日本上线牛排布丁,,,
2072,5101670,8580140,,320,,日本上线牛排布丁,,,
2073,5101680,8580140,,320,,日本上线牛排布丁,,,
2074,5101690,8580140,,320,,日本上线牛排布丁,,,
2075,5101700,8580140,,320,,日本上线牛排布丁,,,
2076,5101710,8580140,,320,,日本上线牛排布丁,,,
2077,5101720,8580140,,320,,日本上线牛排布丁,,,
2078,5101730,8580140,,320,,日本上线牛排布丁,,,
2079,5101740,8580140,,320,,日本上线牛排布丁,,,
2080,5101750,8580140,,320,,日本上线牛排布丁,,,
2081,5101760,8580140,,320,,日本上线牛排布丁,,,
2082,5101770,8580140,,320,,日本上线牛排布丁,,,
2083,5101780,8580140,,320,,日本上线牛排布丁,,,
2084,5101790,8580140,,320,,日本上线牛排布丁,,,
2085,5100010,8580150,,320,,日本上线牛排布丁,,,
2086,5100020,8580150,,320,,日本上线牛排布丁,,,
2087,5100030,8580150,,320,,日本上线牛排布丁,,,
2088,5100040,8580150,,320,,日本上线牛排布丁,,,
2089,5100050,8580150,,320,,日本上线牛排布丁,,,
2090,5100060,8580150,,320,,日本上线牛排布丁,,,
2091,5100070,8580150,,320,,日本上线牛排布丁,,,
2092,5100080,8580150,,320,,日本上线牛排布丁,,,
2093,5100090,8580150,,320,,日本上线牛排布丁,,,
2094,5100100,8580150,,320,,日本上线牛排布丁,,,
2095,5100110,8580150,,320,,日本上线牛排布丁,,,
2096,5100120,8580150,,320,,日本上线牛排布丁,,,
2097,5100130,8580150,,320,,日本上线牛排布丁,,,
2098,5100140,8580150,,320,,日本上线牛排布丁,,,
2099,5100150,8580150,,320,,日本上线牛排布丁,,,
2100,5100160,8580150,,320,,日本上线牛排布丁,,,
2101,5100170,8580150,,320,,日本上线牛排布丁,,,
2102,5100180,8580150,,320,,日本上线牛排布丁,,,
2103,5100190,8580150,,320,,日本上线牛排布丁,,,
2104,5100200,8580150,,320,,日本上线牛排布丁,,,
2105,5100210,8580150,,320,,日本上线牛排布丁,,,
2106,5100220,8580150,,320,,日本上线牛排布丁,,,
2107,5100230,8580150,,320,,日本上线牛排布丁,,,
2108,5100240,8580150,,320,,日本上线牛排布丁,,,
2109,5100250,8580150,,320,,日本上线牛排布丁,,,
2110,5100260,8580150,,320,,日本上线牛排布丁,,,
2111,5100270,8580150,,320,,日本上线牛排布丁,,,
2112,5100280,8580150,,320,,日本上线牛排布丁,,,
2113,5100290,8580150,,320,,日本上线牛排布丁,,,
2114,5100300,8580150,,320,,日本上线牛排布丁,,,
2115,5100310,8580150,,320,,日本上线牛排布丁,,,
2116,5100320,8580150,,320,,日本上线牛排布丁,,,
2117,5100330,8580150,,320,,日本上线牛排布丁,,,
2118,5100340,8580150,,320,,日本上线牛排布丁,,,
2119,5100350,8580150,,320,,日本上线牛排布丁,,,
2120,5100360,8580150,,320,,日本上线牛排布丁,,,
2121,5100370,8580150,,320,,日本上线牛排布丁,,,
2122,5100380,8580150,,320,,日本上线牛排布丁,,,
2123,5100390,8580150,,320,,日本上线牛排布丁,,,
2124,5100400,8580150,,320,,日本上线牛排布丁,,,
2125,5100410,8580150,,320,,日本上线牛排布丁,,,
2126,5100420,8580150,,320,,日本上线牛排布丁,,,
2127,5100430,8580150,,320,,日本上线牛排布丁,,,
2128,5100440,8580150,,320,,日本上线牛排布丁,,,
2129,5100450,8580150,,320,,日本上线牛排布丁,,,
2130,5100460,8580150,,320,,日本上线牛排布丁,,,
2131,5100470,8580150,,320,,日本上线牛排布丁,,,
2132,5100480,8580150,,320,,日本上线牛排布丁,,,
2133,5100490,8580150,,320,,日本上线牛排布丁,,,
2134,5100500,8580150,,320,,日本上线牛排布丁,,,
2135,5100510,8580150,,320,,日本上线牛排布丁,,,
2136,5100520,8580150,,320,,日本上线牛排布丁,,,
2137,5100530,8580150,,320,,日本上线牛排布丁,,,
2138,5100540,8580150,,320,,日本上线牛排布丁,,,
2139,5100550,8580150,,320,,日本上线牛排布丁,,,
2140,5100560,8580150,,320,,日本上线牛排布丁,,,
2141,5100570,8580150,,320,,日本上线牛排布丁,,,
2142,5100580,8580150,,320,,日本上线牛排布丁,,,
2143,5100590,8580150,,320,,日本上线牛排布丁,,,
2144,5100600,8580150,,320,,日本上线牛排布丁,,,
2145,5100610,8580150,,320,,日本上线牛排布丁,,,
2146,5100620,8580150,,320,,日本上线牛排布丁,,,
2147,5100630,8580150,,320,,日本上线牛排布丁,,,
2148,5100640,8580150,,320,,日本上线牛排布丁,,,
2149,5100650,8580150,,320,,日本上线牛排布丁,,,
2150,5100660,8580150,,320,,日本上线牛排布丁,,,
2151,5100670,8580150,,320,,日本上线牛排布丁,,,
2152,5100680,8580150,,320,,日本上线牛排布丁,,,
2153,5100690,8580150,,320,,日本上线牛排布丁,,,
2154,5100700,8580150,,320,,日本上线牛排布丁,,,
2155,5100710,8580150,,320,,日本上线牛排布丁,,,
2156,5100720,8580150,,320,,日本上线牛排布丁,,,
2157,5100730,8580150,,320,,日本上线牛排布丁,,,
2158,5100740,8580150,,320,,日本上线牛排布丁,,,
2159,5100750,8580150,,320,,日本上线牛排布丁,,,
2160,5100760,8580150,,320,,日本上线牛排布丁,,,
2161,5100770,8580150,,320,,日本上线牛排布丁,,,
2162,5100780,8580150,,320,,日本上线牛排布丁,,,
2163,5100790,8580150,,320,,日本上线牛排布丁,,,
2164,5100800,8580150,,320,,日本上线牛排布丁,,,
2165,5100810,8580150,,320,,日本上线牛排布丁,,,
2166,5100820,8580150,,320,,日本上线牛排布丁,,,
2167,5100830,8580150,,320,,日本上线牛排布丁,,,
2168,5100840,8580150,,320,,日本上线牛排布丁,,,
2169,5100850,8580150,,320,,日本上线牛排布丁,,,
2170,5100860,8580150,,320,,日本上线牛排布丁,,,
2171,5100870,8580150,,320,,日本上线牛排布丁,,,
2172,5100880,8580150,,320,,日本上线牛排布丁,,,
2173,5100890,8580150,,320,,日本上线牛排布丁,,,
2174,5100900,8580150,,320,,日本上线牛排布丁,,,
2175,5100910,8580150,,320,,日本上线牛排布丁,,,
2176,5100920,8580150,,320,,日本上线牛排布丁,,,
2177,5100930,8580150,,320,,日本上线牛排布丁,,,
2178,5100940,8580150,,320,,日本上线牛排布丁,,,
2179,5100950,8580150,,320,,日本上线牛排布丁,,,
2180,5100960,8580150,,320,,日本上线牛排布丁,,,
2181,5100970,8580150,,320,,日本上线牛排布丁,,,
2182,5100980,8580150,,320,,日本上线牛排布丁,,,
2183,5100990,8580150,,320,,日本上线牛排布丁,,,
2184,5101000,8580150,,320,,日本上线牛排布丁,,,
2185,5101010,8580150,,320,,日本上线牛排布丁,,,
2186,5101020,8580150,,320,,日本上线牛排布丁,,,
2187,5101030,8580150,,320,,日本上线牛排布丁,,,
2188,5101040,8580150,,320,,日本上线牛排布丁,,,
2189,5101050,8580150,,320,,日本上线牛排布丁,,,
2190,5101060,8580150,,320,,日本上线牛排布丁,,,
2191,5101070,8580150,,320,,日本上线牛排布丁,,,
2192,5101080,8580150,,320,,日本上线牛排布丁,,,
2193,5101090,8580150,,320,,日本上线牛排布丁,,,
2194,5101100,8580150,,320,,日本上线牛排布丁,,,
2195,5101110,8580150,,320,,日本上线牛排布丁,,,
2196,5101120,8580150,,320,,日本上线牛排布丁,,,
2197,5101130,8580150,,320,,日本上线牛排布丁,,,
2198,5101140,8580150,,320,,日本上线牛排布丁,,,
2199,5101150,8580150,,320,,日本上线牛排布丁,,,
2200,5101160,8580150,,320,,日本上线牛排布丁,,,
2201,5101170,8580150,,320,,日本上线牛排布丁,,,
2202,5101180,8580150,,320,,日本上线牛排布丁,,,
2203,5101190,8580150,,320,,日本上线牛排布丁,,,
2204,5101200,8580150,,320,,日本上线牛排布丁,,,
2205,5101210,8580150,,320,,日本上线牛排布丁,,,
2206,5101220,8580150,,320,,日本上线牛排布丁,,,
2207,5101230,8580150,,320,,日本上线牛排布丁,,,
2208,5101240,8580150,,320,,日本上线牛排布丁,,,
2209,5101250,8580150,,320,,日本上线牛排布丁,,,
2210,5101260,8580150,,320,,日本上线牛排布丁,,,
2211,5101270,8580150,,320,,日本上线牛排布丁,,,
2212,5101280,8580150,,320,,日本上线牛排布丁,,,
2213,5101290,8580150,,320,,日本上线牛排布丁,,,
2214,5101300,8580150,,320,,日本上线牛排布丁,,,
2215,5101310,8580150,,320,,日本上线牛排布丁,,,
2216,5101320,8580150,,320,,日本上线牛排布丁,,,
2217,5101330,8580150,,320,,日本上线牛排布丁,,,
2218,5101340,8580150,,320,,日本上线牛排布丁,,,
2219,5101350,8580150,,320,,日本上线牛排布丁,,,
2220,5101360,8580150,,320,,日本上线牛排布丁,,,
2221,5101370,8580150,,320,,日本上线牛排布丁,,,
2222,5101380,8580150,,320,,日本上线牛排布丁,,,
2223,5101390,8580150,,320,,日本上线牛排布丁,,,
2224,5101400,8580150,,320,,日本上线牛排布丁,,,
2225,5101410,8580150,,320,,日本上线牛排布丁,,,
2226,5101420,8580150,,320,,日本上线牛排布丁,,,
2227,5101430,8580150,,320,,日本上线牛排布丁,,,
2228,5101440,8580150,,320,,日本上线牛排布丁,,,
2229,5101450,8580150,,320,,日本上线牛排布丁,,,
2230,5101460,8580150,,320,,日本上线牛排布丁,,,
2231,5101470,8580150,,320,,日本上线牛排布丁,,,
2232,5101480,8580150,,320,,日本上线牛排布丁,,,
2233,5101490,8580150,,320,,日本上线牛排布丁,,,
2234,5101500,8580150,,320,,日本上线牛排布丁,,,
2235,5101510,8580150,,320,,日本上线牛排布丁,,,
2236,5101520,8580150,,320,,日本上线牛排布丁,,,
2237,5101530,8580150,,320,,日本上线牛排布丁,,,
2238,5101540,8580150,,320,,日本上线牛排布丁,,,
2239,5101550,8580150,,320,,日本上线牛排布丁,,,
2240,5101560,8580150,,320,,日本上线牛排布丁,,,
2241,5101570,8580150,,320,,日本上线牛排布丁,,,
2242,5101580,8580150,,320,,日本上线牛排布丁,,,
2243,5101590,8580150,,320,,日本上线牛排布丁,,,
2244,5101600,8580150,,320,,日本上线牛排布丁,,,
2245,5101610,8580150,,320,,日本上线牛排布丁,,,
2246,5101620,8580150,,320,,日本上线牛排布丁,,,
2247,5101630,8580150,,320,,日本上线牛排布丁,,,
2248,5101640,8580150,,320,,日本上线牛排布丁,,,
2249,5101650,8580150,,320,,日本上线牛排布丁,,,
2250,5101660,8580150,,320,,日本上线牛排布丁,,,
2251,5101670,8580150,,320,,日本上线牛排布丁,,,
2252,5101680,8580150,,320,,日本上线牛排布丁,,,
2253,5101690,8580150,,320,,日本上线牛排布丁,,,
2254,5101700,8580150,,320,,日本上线牛排布丁,,,
2255,5101710,8580150,,320,,日本上线牛排布丁,,,
2256,5101720,8580150,,320,,日本上线牛排布丁,,,
2257,5101730,8580150,,320,,日本上线牛排布丁,,,
2258,5101740,8580150,,320,,日本上线牛排布丁,,,
2259,5101750,8580150,,320,,日本上线牛排布丁,,,
2260,5101760,8580150,,320,,日本上线牛排布丁,,,
2261,5101770,8580150,,320,,日本上线牛排布丁,,,
2262,5101780,8580150,,320,,日本上线牛排布丁,,,
2263,5101790,8580150,,320,,日本上线牛排布丁,,,
2264,5100010,3050050,,318,,野怪周年庆集字掉落,,,
2265,5100020,3050050,,318,,野怪周年庆集字掉落,,,
2266,5100030,3050050,,318,,野怪周年庆集字掉落,,,
2267,5100040,3050050,,318,,野怪周年庆集字掉落,,,
2268,5100050,3050050,,318,,野怪周年庆集字掉落,,,
2269,5100060,3050050,,318,,野怪周年庆集字掉落,,,
2270,5100070,3050050,,318,,野怪周年庆集字掉落,,,
2271,5100080,3050050,,318,,野怪周年庆集字掉落,,,
2272,5100090,3050050,,318,,野怪周年庆集字掉落,,,
2273,5100100,3050050,,318,,野怪周年庆集字掉落,,,
2274,5100110,3050050,,318,,野怪周年庆集字掉落,,,
2275,5100120,3050050,,318,,野怪周年庆集字掉落,,,
2276,5100130,3050050,,318,,野怪周年庆集字掉落,,,
2277,5100140,3050050,,318,,野怪周年庆集字掉落,,,
2278,5100150,3050050,,318,,野怪周年庆集字掉落,,,
2279,5100160,3050050,,318,,野怪周年庆集字掉落,,,
2280,5100170,3050050,,318,,野怪周年庆集字掉落,,,
2281,5100180,3050050,,318,,野怪周年庆集字掉落,,,
2282,5100190,3050050,,318,,野怪周年庆集字掉落,,,
2283,5100200,3050050,,318,,野怪周年庆集字掉落,,,
2284,5100210,3050050,,318,,野怪周年庆集字掉落,,,
2285,5100220,3050050,,318,,野怪周年庆集字掉落,,,
2286,5100230,3050050,,318,,野怪周年庆集字掉落,,,
2287,5100240,3050050,,318,,野怪周年庆集字掉落,,,
2288,5100250,3050050,,318,,野怪周年庆集字掉落,,,
2289,5100260,3050050,,318,,野怪周年庆集字掉落,,,
2290,5100270,3050050,,318,,野怪周年庆集字掉落,,,
2291,5100280,3050050,,318,,野怪周年庆集字掉落,,,
2292,5100290,3050050,,318,,野怪周年庆集字掉落,,,
2293,5100300,3050050,,318,,野怪周年庆集字掉落,,,
2294,5100310,3050050,,318,,野怪周年庆集字掉落,,,
2295,5100320,3050050,,318,,野怪周年庆集字掉落,,,
2296,5100330,3050050,,318,,野怪周年庆集字掉落,,,
2297,5100340,3050050,,318,,野怪周年庆集字掉落,,,
2298,5100350,3050050,,318,,野怪周年庆集字掉落,,,
2299,5100360,3050050,,318,,野怪周年庆集字掉落,,,
2300,5100370,3050050,,318,,野怪周年庆集字掉落,,,
2301,5100380,3050050,,318,,野怪周年庆集字掉落,,,
2302,5100390,3050050,,318,,野怪周年庆集字掉落,,,
2303,5100400,3050050,,318,,野怪周年庆集字掉落,,,
2304,5100410,3050050,,318,,野怪周年庆集字掉落,,,
2305,5100420,3050050,,318,,野怪周年庆集字掉落,,,
2306,5100430,3050050,,318,,野怪周年庆集字掉落,,,
2307,5100440,3050050,,318,,野怪周年庆集字掉落,,,
2308,5100450,3050050,,318,,野怪周年庆集字掉落,,,
2309,5100460,3050050,,318,,野怪周年庆集字掉落,,,
2310,5100470,3050050,,318,,野怪周年庆集字掉落,,,
2311,5100480,3050050,,318,,野怪周年庆集字掉落,,,
2312,5100490,3050050,,318,,野怪周年庆集字掉落,,,
2313,5100500,3050050,,318,,野怪周年庆集字掉落,,,
2314,5100510,3050050,,318,,野怪周年庆集字掉落,,,
2315,5100520,3050050,,318,,野怪周年庆集字掉落,,,
2316,5100530,3050050,,318,,野怪周年庆集字掉落,,,
2317,5100540,3050050,,318,,野怪周年庆集字掉落,,,
2318,5100550,3050050,,318,,野怪周年庆集字掉落,,,
2319,5100560,3050050,,318,,野怪周年庆集字掉落,,,
2320,5100570,3050050,,318,,野怪周年庆集字掉落,,,
2321,5100580,3050050,,318,,野怪周年庆集字掉落,,,
2322,5100590,3050050,,318,,野怪周年庆集字掉落,,,
2323,5100600,3050050,,318,,野怪周年庆集字掉落,,,
2324,5100610,3050050,,318,,野怪周年庆集字掉落,,,
2325,5100620,3050050,,318,,野怪周年庆集字掉落,,,
2326,5100630,3050050,,318,,野怪周年庆集字掉落,,,
2327,5100640,3050050,,318,,野怪周年庆集字掉落,,,
2328,5100650,3050050,,318,,野怪周年庆集字掉落,,,
2329,5100660,3050050,,318,,野怪周年庆集字掉落,,,
2330,5100670,3050050,,318,,野怪周年庆集字掉落,,,
2331,5100680,3050050,,318,,野怪周年庆集字掉落,,,
2332,5100690,3050050,,318,,野怪周年庆集字掉落,,,
2333,5100700,3050050,,318,,野怪周年庆集字掉落,,,
2334,5100710,3050050,,318,,野怪周年庆集字掉落,,,
2335,5100720,3050050,,318,,野怪周年庆集字掉落,,,
2336,5100730,3050050,,318,,野怪周年庆集字掉落,,,
2337,5100740,3050050,,318,,野怪周年庆集字掉落,,,
2338,5100750,3050050,,318,,野怪周年庆集字掉落,,,
2339,5100760,3050050,,318,,野怪周年庆集字掉落,,,
2340,5100770,3050050,,318,,野怪周年庆集字掉落,,,
2341,5100780,3050050,,318,,野怪周年庆集字掉落,,,
2342,5100790,3050050,,318,,野怪周年庆集字掉落,,,
2343,5100800,3050050,,318,,野怪周年庆集字掉落,,,
2344,5100810,3050050,,318,,野怪周年庆集字掉落,,,
2345,5100820,3050050,,318,,野怪周年庆集字掉落,,,
2346,5100830,3050050,,318,,野怪周年庆集字掉落,,,
2347,5100840,3050050,,318,,野怪周年庆集字掉落,,,
2348,5100850,3050050,,318,,野怪周年庆集字掉落,,,
2349,5100860,3050050,,318,,野怪周年庆集字掉落,,,
2350,5100870,3050050,,318,,野怪周年庆集字掉落,,,
2351,5100880,3050050,,318,,野怪周年庆集字掉落,,,
2352,5100890,3050050,,318,,野怪周年庆集字掉落,,,
2353,5100900,3050050,,318,,野怪周年庆集字掉落,,,
2354,5100910,3050050,,318,,野怪周年庆集字掉落,,,
2355,5100920,3050050,,318,,野怪周年庆集字掉落,,,
2356,5100930,3050050,,318,,野怪周年庆集字掉落,,,
2357,5100940,3050050,,318,,野怪周年庆集字掉落,,,
2358,5100950,3050050,,318,,野怪周年庆集字掉落,,,
2359,5100960,3050050,,318,,野怪周年庆集字掉落,,,
2360,5100970,3050050,,318,,野怪周年庆集字掉落,,,
2361,5100980,3050050,,318,,野怪周年庆集字掉落,,,
2362,5100990,3050050,,318,,野怪周年庆集字掉落,,,
2363,5101000,3050050,,318,,野怪周年庆集字掉落,,,
2364,5101010,3050050,,318,,野怪周年庆集字掉落,,,
2365,5101020,3050050,,318,,野怪周年庆集字掉落,,,
2366,5101030,3050050,,318,,野怪周年庆集字掉落,,,
2367,5101040,3050050,,318,,野怪周年庆集字掉落,,,
2368,5101050,3050050,,318,,野怪周年庆集字掉落,,,
2369,5101060,3050050,,318,,野怪周年庆集字掉落,,,
2370,5101070,3050050,,318,,野怪周年庆集字掉落,,,
2371,5101080,3050050,,318,,野怪周年庆集字掉落,,,
2372,5101090,3050050,,318,,野怪周年庆集字掉落,,,
2373,5101100,3050050,,318,,野怪周年庆集字掉落,,,
2374,5101110,3050050,,318,,野怪周年庆集字掉落,,,
2375,5101120,3050050,,318,,野怪周年庆集字掉落,,,
2376,5101130,3050050,,318,,野怪周年庆集字掉落,,,
2377,5101140,3050050,,318,,野怪周年庆集字掉落,,,
2378,5101150,3050050,,318,,野怪周年庆集字掉落,,,
2379,5101160,3050050,,318,,野怪周年庆集字掉落,,,
2380,5101170,3050050,,318,,野怪周年庆集字掉落,,,
2381,5101180,3050050,,318,,野怪周年庆集字掉落,,,
2382,5101190,3050050,,318,,野怪周年庆集字掉落,,,
2383,5101200,3050050,,318,,野怪周年庆集字掉落,,,
2384,5101210,3050050,,318,,野怪周年庆集字掉落,,,
2385,5101220,3050050,,318,,野怪周年庆集字掉落,,,
2386,5101230,3050050,,318,,野怪周年庆集字掉落,,,
2387,5101240,3050050,,318,,野怪周年庆集字掉落,,,
2388,5101250,3050050,,318,,野怪周年庆集字掉落,,,
2389,5101260,3050050,,318,,野怪周年庆集字掉落,,,
2390,5101270,3050050,,318,,野怪周年庆集字掉落,,,
2391,5101280,3050050,,318,,野怪周年庆集字掉落,,,
2392,5101290,3050050,,318,,野怪周年庆集字掉落,,,
2393,5101300,3050050,,318,,野怪周年庆集字掉落,,,
2394,5101310,3050050,,318,,野怪周年庆集字掉落,,,
2395,5101320,3050050,,318,,野怪周年庆集字掉落,,,
2396,5101330,3050050,,318,,野怪周年庆集字掉落,,,
2397,5101340,3050050,,318,,野怪周年庆集字掉落,,,
2398,5101350,3050050,,318,,野怪周年庆集字掉落,,,
2399,5101360,3050050,,318,,野怪周年庆集字掉落,,,
2400,5101370,3050050,,318,,野怪周年庆集字掉落,,,
2401,5101380,3050050,,318,,野怪周年庆集字掉落,,,
2402,5101390,3050050,,318,,野怪周年庆集字掉落,,,
2403,5101400,3050050,,318,,野怪周年庆集字掉落,,,
2404,5101410,3050050,,318,,野怪周年庆集字掉落,,,
2405,5101420,3050050,,318,,野怪周年庆集字掉落,,,
2406,5101430,3050050,,318,,野怪周年庆集字掉落,,,
2407,5101440,3050050,,318,,野怪周年庆集字掉落,,,
2408,5101450,3050050,,318,,野怪周年庆集字掉落,,,
2409,5101460,3050050,,318,,野怪周年庆集字掉落,,,
2410,5101470,3050050,,318,,野怪周年庆集字掉落,,,
2411,5101480,3050050,,318,,野怪周年庆集字掉落,,,
2412,5101490,3050050,,318,,野怪周年庆集字掉落,,,
2413,5101500,3050050,,318,,野怪周年庆集字掉落,,,
2414,5101510,3050050,,318,,野怪周年庆集字掉落,,,
2415,5101520,3050050,,318,,野怪周年庆集字掉落,,,
2416,5101530,3050050,,318,,野怪周年庆集字掉落,,,
2417,5101540,3050050,,318,,野怪周年庆集字掉落,,,
2418,5101550,3050050,,318,,野怪周年庆集字掉落,,,
2419,5101560,3050050,,318,,野怪周年庆集字掉落,,,
2420,5101570,3050050,,318,,野怪周年庆集字掉落,,,
2421,5101580,3050050,,318,,野怪周年庆集字掉落,,,
2422,5101590,3050050,,318,,野怪周年庆集字掉落,,,
2423,5101600,3050050,,318,,野怪周年庆集字掉落,,,
2424,5101610,3050050,,318,,野怪周年庆集字掉落,,,
2425,5101620,3050050,,318,,野怪周年庆集字掉落,,,
2426,5101630,3050050,,318,,野怪周年庆集字掉落,,,
2427,5101640,3050050,,318,,野怪周年庆集字掉落,,,
2428,5101650,3050050,,318,,野怪周年庆集字掉落,,,
2429,5101660,3050050,,318,,野怪周年庆集字掉落,,,
2430,5101670,3050050,,318,,野怪周年庆集字掉落,,,
2431,5101680,3050050,,318,,野怪周年庆集字掉落,,,
2432,5101690,3050050,,318,,野怪周年庆集字掉落,,,
2433,5101700,3050050,,318,,野怪周年庆集字掉落,,,
2434,5101710,3050050,,318,,野怪周年庆集字掉落,,,
2435,5101720,3050050,,318,,野怪周年庆集字掉落,,,
2436,5101730,3050050,,318,,野怪周年庆集字掉落,,,
2437,5101740,3050050,,318,,野怪周年庆集字掉落,,,
2438,5101750,3050050,,318,,野怪周年庆集字掉落,,,
2439,5101760,3050050,,318,,野怪周年庆集字掉落,,,
2440,5101770,3050050,,318,,野怪周年庆集字掉落,,,
2441,5101780,3050050,,318,,野怪周年庆集字掉落,,,
2442,5101790,3050050,,318,,野怪周年庆集字掉落,,,
2443,5101800,3050050,,318,,野怪周年庆集字掉落,,,
2444,5101810,3050050,,318,,野怪周年庆集字掉落,,,
2445,5101820,3050050,,318,,野怪周年庆集字掉落,,,
2446,5101830,3050050,,318,,野怪周年庆集字掉落,,,
2447,5101840,3050050,,318,,野怪周年庆集字掉落,,,
2448,5101850,3050050,,318,,野怪周年庆集字掉落,,,
2449,5101860,3050050,,318,,野怪周年庆集字掉落,,,
2450,5101870,3050050,,318,,野怪周年庆集字掉落,,,
2451,5101880,3050050,,318,,野怪周年庆集字掉落,,,
2452,5101890,3050050,,318,,野怪周年庆集字掉落,,,
2453,5101900,3050050,,318,,野怪周年庆集字掉落,,,
2454,5101910,3050050,,318,,野怪周年庆集字掉落,,,
2455,5101920,3050050,,318,,野怪周年庆集字掉落,,,
2456,5101930,3050050,,318,,野怪周年庆集字掉落,,,
2457,5101940,3050050,,318,,野怪周年庆集字掉落,,,
2458,5101950,3050050,,318,,野怪周年庆集字掉落,,,
2459,5101960,3050050,,318,,野怪周年庆集字掉落,,,
2460,5101970,3050050,,318,,野怪周年庆集字掉落,,,
2461,5101980,3050050,,318,,野怪周年庆集字掉落,,,
2462,5101990,3050050,,318,,野怪周年庆集字掉落,,,
2463,5102000,3050050,,318,,野怪周年庆集字掉落,,,
2464,5102010,3050050,,318,,野怪周年庆集字掉落,,,
2465,5102020,3050050,,318,,野怪周年庆集字掉落,,,
2466,5102030,3050050,,318,,野怪周年庆集字掉落,,,
2467,5102040,3050050,,318,,野怪周年庆集字掉落,,,
2468,5102050,3050050,,318,,野怪周年庆集字掉落,,,
2469,5102060,3050050,,318,,野怪周年庆集字掉落,,,
2470,5102070,3050050,,318,,野怪周年庆集字掉落,,,
2471,5102080,3050050,,318,,野怪周年庆集字掉落,,,
2472,5102090,3050050,,318,,野怪周年庆集字掉落,,,
2473,5102100,3050050,,318,,野怪周年庆集字掉落,,,
2474,5102110,3050050,,318,,野怪周年庆集字掉落,,,
2475,5102120,3050050,,318,,野怪周年庆集字掉落,,,
2476,5102130,3050050,,318,,野怪周年庆集字掉落,,,
2477,3100010,3050070,,318,,简单委托任务礼包,,,
2478,3100020,3050070,,318,,简单委托任务礼包,,,
2479,3100030,3050070,,318,,简单委托任务礼包,,,
2480,3100040,3050070,,318,,简单委托任务礼包,,,
2481,3100050,3050070,,318,,简单委托任务礼包,,,
2482,3100060,3050070,,318,,简单委托任务礼包,,,
2483,3100070,3050070,,318,,简单委托任务礼包,,,
2484,3100080,3050070,,318,,简单委托任务礼包,,,
2485,3100090,3050070,,318,,简单委托任务礼包,,,
2486,3110010,3050080,,318,,困难委托任务礼包,,,
2487,3110020,3050080,,318,,困难委托任务礼包,,,
2488,3110030,3050080,,318,,困难委托任务礼包,,,
2489,3110040,3050080,,318,,困难委托任务礼包,,,
2490,3110050,3050080,,318,,困难委托任务礼包,,,
2491,3110060,3050080,,318,,困难委托任务礼包,,,
2492,3110070,3050080,,318,,困难委托任务礼包,,,
2493,3110080,3050080,,318,,困难委托任务礼包,,,
2494,3110090,3050080,,318,,困难委托任务礼包,,,
2495,3150050,3050090,,318,,40点委托任务,,,
2496,3120010,3050080,,318,,圣歌,,,
2497,3130010,3050090,,318,,迷雾,,,
2498,3050060,3050110,,318,,野怪周年庆集字掉落,,,
2499,8730110,8730210,,315,,宠物幻境首领mvp参与奖,,,
2500,8730140,8730220,,315,,宠物幻境mini参与奖励,,,
2501,5102020,8800010,,315,,野怪紫卡结晶释放,,,
2502,5102030,8800010,,315,,野怪紫卡结晶释放,,,
2503,5102040,8800010,,315,,野怪紫卡结晶释放,,,
2504,5102050,8800010,,315,,野怪紫卡结晶释放,,,
2505,5102060,8800010,,315,,野怪紫卡结晶释放,,,
2506,5102070,8800010,,315,,野怪紫卡结晶释放,,,
2507,5102080,8800010,,315,,野怪紫卡结晶释放,,,
2508,5102090,8800010,,315,,野怪紫卡结晶释放,,,
2509,5102100,8800010,,315,,野怪紫卡结晶释放,,,
2510,5102110,8800010,,315,,野怪紫卡结晶释放,,,
2511,5102120,8800010,,315,,野怪紫卡结晶释放,,,
2512,5102130,8800010,,315,,野怪紫卡结晶释放,,,
