MajorID,BattleCardSeason,BattleCardLv,Exp,FreeAward,PayAward,DisplayType,DisplayMode
主键（可不连续）,所属赛季,通行证等级,升级经验（升到下级）,免费奖励,付费奖励,展示类型（0或者不填为普通，1为高级，2为最终大奖）,模型展示（如果有性别 用|隔开，前为男，后为女）
1,1,1,2000,8510010,8520010,1,
2,1,2,2000,8510020,8520020,0,
3,1,3,2000,8510030,8520030,0,
4,1,4,2000,8510040,8520040,0,
5,1,5,2000,8510050,8520050,0,
6,1,6,2000,8510060,8520060,0,
7,1,7,2000,8510070,8520070,0,
8,1,8,2000,8510080,8520080,0,
9,1,9,2000,8510090,8520090,0,
10,1,10,2000,8510100,8520100,0,
11,1,11,2000,8510110,8520110,0,
12,1,12,2000,8510120,8520120,0,
13,1,13,2000,8510130,8520130,0,
14,1,14,2000,8510140,8520140,0,
15,1,15,2000,8510150,8520150,0,
16,1,16,2000,8510160,8520160,0,
17,1,17,2000,8510170,8520170,0,
18,1,18,2000,8510180,8520180,0,
19,1,19,2000,8510190,8520190,0,
20,1,20,2000,8510200,8520200,1,
21,1,21,2000,8510210,8520210,0,
22,1,22,2000,8510220,8520220,0,
23,1,23,2000,8510230,8520230,0,
24,1,24,2000,8510240,8520240,0,
25,1,25,2000,8510250,8520250,0,
26,1,26,2000,8510260,8520260,0,
27,1,27,2000,8510270,8520270,0,
28,1,28,2000,8510280,8520280,0,
29,1,29,2000,8510290,8520290,0,
30,1,30,2000,8510300,8520300,0,
31,1,31,2000,8510310,8520310,0,
32,1,32,2000,8510320,8520320,0,
33,1,33,2000,8510330,8520330,0,
34,1,34,2000,8510340,8520340,0,
35,1,35,2000,8510350,8520350,0,
36,1,36,2000,8510360,8520360,0,
37,1,37,2000,8510370,8520370,0,
38,1,38,2000,8510380,8520380,0,
39,1,39,2000,8510390,8520390,0,
40,1,40,2000,8510400,8520400,1,
41,1,41,2000,8510410,8520410,0,
42,1,42,2000,8510420,8520420,0,
43,1,43,2000,8510430,8520430,0,
44,1,44,2000,8510440,8520440,0,
45,1,45,2000,8510450,8520450,0,
46,1,46,2000,8510460,8520460,0,
47,1,47,2000,8510470,8520470,0,
48,1,48,2000,8510480,8520480,0,
49,1,49,2000,8510490,8520490,0,
50,1,50,2000,8510500,8520500,0,
51,1,51,2000,8510510,8520510,0,
52,1,52,2000,8510520,8520520,0,
53,1,53,2000,8510530,8520530,0,
54,1,54,2000,8510540,8520540,0,
55,1,55,2000,8510550,8520550,0,
56,1,56,2000,8510560,8520560,0,
57,1,57,2000,8510570,8520570,0,
58,1,58,2000,8510580,8520580,0,
59,1,59,2000,8510590,8520590,0,
60,1,60,2000,8510600,8520600,1,
61,1,61,2000,8510610,8520610,0,
62,1,62,2000,8510620,8520620,0,
63,1,63,2000,8510630,8520630,0,
64,1,64,2000,8510640,8520640,0,
65,1,65,2000,8510650,8520650,0,
66,1,66,2000,8510660,8520660,0,
67,1,67,2000,8510670,8520670,0,
68,1,68,2000,8510680,8520680,0,
69,1,69,2000,8510690,8520690,0,
70,1,70,2000,8510700,8520700,1,
71,1,71,2000,,8520710,0,
72,1,72,2000,,8520720,0,
73,1,73,2000,,8520730,0,
74,1,74,2000,,8520740,0,
75,1,75,2000,,8520750,0,
76,1,76,2000,,8520760,0,
77,1,77,2000,,8520770,0,
78,1,78,2000,,8520780,0,
79,1,79,2000,,8520790,0,
80,1,80,2000,,8520800,1,xxxx|ssss
81,1,81,2000,,8520810,0,
82,1,82,2000,,8520820,0,
83,1,83,2000,,8520830,0,
84,1,84,2000,,8520840,0,
85,1,85,2000,,8520850,0,
86,1,86,2000,,8520860,0,
87,1,87,2000,,8520870,0,
88,1,88,2000,,8520880,0,
89,1,89,2000,,8520890,0,
90,1,90,2000,,8520900,0,
91,1,91,2000,,8520910,0,
92,1,92,2000,,8520920,0,
93,1,93,2000,,8520930,0,
94,1,94,2000,,8520940,0,
95,1,95,2000,,8520950,0,
96,1,96,2000,,8520960,0,
97,1,97,2000,,8520970,0,
98,1,98,2000,,8520980,0,
99,1,99,2000,,8520990,0,
100,1,100,2000,,8521000,0,
101,1,101,2000,,8521010,0,
102,1,102,2000,,8521020,0,
103,1,103,2000,,8521030,0,
104,1,104,2000,,8521040,0,
105,1,105,2000,,8521050,0,
106,1,106,2000,,8521060,0,
107,1,107,2000,,8521070,0,
108,1,108,2000,,8521080,0,
109,1,109,2000,,8521090,0,
110,1,110,2000,,8521100,0,
111,1,111,2000,,8521110,0,
112,1,112,2000,,8521120,0,
113,1,113,2000,,8521130,0,
114,1,114,2000,,8521140,0,
115,1,115,2000,,8521150,0,
116,1,116,2000,,8521160,0,
117,1,117,2000,,8521170,0,
118,1,118,2000,,8521180,0,
119,1,119,2000,,8521190,0,
120,1,120,2000,,8521200,0,
121,1,121,2000,,8521210,0,
122,1,122,2000,,8521220,0,
123,1,123,2000,,8521230,0,
124,1,124,2000,,8521240,0,
125,1,125,2000,,8521250,0,
126,1,126,2000,,8521260,0,
127,1,127,2000,,8521270,0,
128,1,128,2000,,8521280,0,
129,1,129,2000,,8521290,0,
130,1,130,2000,,8521300,0,
131,1,131,2000,,8521310,0,
132,1,132,2000,,8521320,0,
133,1,133,2000,,8521330,0,
134,1,134,2000,,8521340,0,
135,1,135,2000,,8521350,0,
136,1,136,2000,,8521360,0,
137,1,137,2000,,8521370,0,
138,1,138,2000,,8521380,0,
139,1,139,2000,,8521390,0,
140,1,140,2000,,8521400,0,
141,1,141,2000,,8521410,0,
142,1,142,2000,,8521420,0,
143,1,143,2000,,8521430,0,
144,1,144,2000,,8521440,0,
145,1,145,2000,,8521450,0,
146,1,146,2000,,8521460,0,
147,1,147,2000,,8521470,0,
148,1,148,2000,,8521480,0,
149,1,149,2000,,8521490,0,
150,1,150,2000,,8521500,0,
151,1,151,2000,,8521510,0,
152,1,152,2000,,8521520,0,
153,1,153,2000,,8521530,0,
154,1,154,2000,,8521540,0,
155,1,155,2000,,8521550,0,
156,1,156,2000,,8521560,0,
157,1,157,2000,,8521570,0,
158,1,158,2000,,8521580,0,
159,1,159,2000,,8521590,0,
160,1,160,2000,,8521600,0,
161,1,161,2000,,8521610,0,
162,1,162,2000,,8521620,0,
163,1,163,2000,,8521630,0,
164,1,164,2000,,8521640,0,
165,1,165,2000,,8521650,0,
166,1,166,2000,,8521660,0,
167,1,167,2000,,8521670,0,
168,1,168,2000,,8521680,0,
169,1,169,2000,,8521690,0,
170,1,170,2000,,8521700,0,
171,1,171,2000,,8521710,0,
172,1,172,2000,,8521720,0,
173,1,173,2000,,8521730,0,
174,1,174,2000,,8521740,0,
175,1,175,2000,,8521750,0,
176,1,176,2000,,8521760,0,
177,1,177,2000,,8521770,0,
178,1,178,2000,,8521780,0,
179,1,179,2000,,8521790,0,
180,1,180,2000,,8521800,0,
181,1,181,2000,,8521810,0,
182,1,182,2000,,8521820,0,
183,1,183,2000,,8521830,0,
184,1,184,2000,,8521840,0,
185,1,185,2000,,8521850,0,
186,1,186,2000,,8521860,0,
187,1,187,2000,,8521870,0,
188,1,188,2000,,8521880,0,
189,1,189,2000,,8521890,0,
190,1,190,2000,,8521900,0,
191,1,191,2000,,8521910,0,
192,1,192,2000,,8521920,0,
193,1,193,2000,,8521930,0,
194,1,194,2000,,8521940,0,
195,1,195,2000,,8521950,0,
196,1,196,2000,,8521960,0,
197,1,197,2000,,8521970,0,
198,1,198,2000,,8521980,0,
199,1,199,2000,,8521990,0,
200,1,200,2000,,8522000,0,
201,1,201,2000,,8522010,0,
202,1,202,2000,,8522020,0,
203,1,203,2000,,8522030,0,
204,1,204,2000,,8522040,0,
205,1,205,2000,,8522050,0,
206,1,206,2000,,8522060,0,
207,1,207,2000,,8522070,0,
208,1,208,2000,,8522080,0,
209,1,209,2000,,8522090,0,
210,1,210,2000,,8522100,0,
211,1,211,2000,,8522110,0,
212,1,212,2000,,8522120,0,
213,1,213,2000,,8522130,0,
214,1,214,2000,,8522140,0,
215,1,215,2000,,8522150,0,
216,1,216,2000,,8522160,0,
217,1,217,2000,,8522170,0,
218,1,218,2000,,8522180,0,
219,1,219,2000,,8522190,0,
220,1,220,2000,,8522200,0,
221,1,221,2000,,8522210,0,
222,1,222,2000,,8522220,0,
223,1,223,2000,,8522230,0,
224,1,224,2000,,8522240,0,
225,1,225,2000,,8522250,0,
226,1,226,2000,,8522260,0,
227,1,227,2000,,8522270,0,
228,1,228,2000,,8522280,0,
229,1,229,2000,,8522290,0,
230,1,230,2000,,8522300,0,
231,1,231,2000,,8522310,0,
232,1,232,2000,,8522320,0,
233,1,233,2000,,8522330,0,
234,1,234,2000,,8522340,0,
235,1,235,2000,,8522350,0,
236,1,236,2000,,8522360,0,
237,1,237,2000,,8522370,0,
238,1,238,2000,,8522380,0,
239,1,239,2000,,8522390,0,
240,1,240,2000,,8522400,0,
241,1,241,2000,,8522410,0,
242,1,242,2000,,8522420,0,
243,1,243,2000,,8522430,0,
244,1,244,2000,,8522440,0,
245,1,245,2000,,8522450,0,
246,1,246,2000,,8522460,0,
247,1,247,2000,,8522470,0,
248,1,248,2000,,8522480,0,
249,1,249,2000,,8522490,0,
250,1,250,2000,,8522500,0,
251,1,251,2000,,8522510,0,
252,1,252,2000,,8522520,0,
253,1,253,2000,,8522530,0,
254,1,254,2000,,8522540,0,
255,1,255,2000,,8522550,0,
256,1,256,2000,,8522560,0,
257,1,257,2000,,8522570,0,
258,1,258,2000,,8522580,0,
259,1,259,2000,,8522590,0,
260,1,260,2000,,8522600,0,
261,1,261,2000,,8522610,0,
262,1,262,2000,,8522620,0,
263,1,263,2000,,8522630,0,
264,1,264,2000,,8522640,0,
265,1,265,2000,,8522650,0,
266,1,266,2000,,8522660,0,
267,1,267,2000,,8522670,0,
268,1,268,2000,,8522680,0,
269,1,269,2000,,8522690,0,
270,1,270,2000,,8522700,0,
271,1,271,2000,,8522710,0,
272,1,272,2000,,8522720,0,
273,1,273,2000,,8522730,0,
274,1,274,2000,,8522740,0,
275,1,275,2000,,8522750,0,
276,1,276,2000,,8522760,0,
277,1,277,2000,,8522770,0,
278,1,278,2000,,8522780,0,
279,1,279,2000,,8522790,0,
280,1,280,2000,,8522800,0,
281,1,281,2000,,8522810,0,
282,1,282,2000,,8522820,0,
283,1,283,2000,,8522830,0,
284,1,284,2000,,8522840,0,
285,1,285,2000,,8522850,0,
286,1,286,2000,,8522860,0,
287,1,287,2000,,8522870,0,
288,1,288,2000,,8522880,0,
289,1,289,2000,,8522890,0,
290,1,290,2000,,8522900,0,
291,1,291,2000,,8522910,0,
292,1,292,2000,,8522920,0,
293,1,293,2000,,8522930,0,
294,1,294,2000,,8522940,0,
295,1,295,2000,,8522950,0,
296,1,296,2000,,8522960,0,
297,1,297,2000,,8522970,0,
298,1,298,2000,,8522980,0,
299,1,299,2000,,8522990,0,
300,1,300,2000,,8523000,0,
301,1,301,2000,,8523010,0,
302,1,302,2000,,8523020,0,
303,1,303,2000,,8523030,0,
304,1,304,2000,,8523040,0,
305,1,305,2000,,8523050,0,
306,1,306,2000,,8523060,0,
307,1,307,2000,,8523070,0,
308,1,308,2000,,8523080,0,
309,1,309,2000,,8523090,0,
310,1,310,2000,,8523100,0,
311,1,311,2000,,8523110,0,
312,1,312,2000,,8523120,0,
313,1,313,2000,,8523130,0,
314,1,314,2000,,8523140,0,
315,1,315,2000,,8523150,0,
316,2,1,2000,8523200,8523300,1,
317,2,2,2000,8523201,8523301,0,
318,2,3,2000,8523202,8523302,0,
319,2,4,2000,8523203,8523303,0,
320,2,5,2000,8523204,8523304,0,
321,2,6,2000,8523205,8523305,0,
322,2,7,2000,8523206,8523306,0,
323,2,8,2000,8523207,8523307,0,
324,2,9,2000,8523208,8523308,0,
325,2,10,2000,8523209,8523309,1,
326,2,11,2000,8523210,8523310,0,
327,2,12,2000,8523211,8523311,0,
328,2,13,2000,8523212,8523312,0,
329,2,14,2000,8523213,8523313,0,
330,2,15,2000,8523214,8523314,0,
331,2,16,2000,8523215,8523315,0,
332,2,17,2000,8523216,8523316,0,
333,2,18,2000,8523217,8523317,0,
334,2,19,2000,8523218,8523318,0,
335,2,20,2000,8523219,8523319,0,
336,2,21,2000,8523220,8523320,0,
337,2,22,2000,8523221,8523321,0,
338,2,23,2000,8523222,8523322,0,
339,2,24,2000,8523223,8523323,0,
340,2,25,2000,8523224,8523324,0,
341,2,26,2000,8523225,8523325,0,
342,2,27,2000,8523226,8523326,0,
343,2,28,2000,8523227,8523327,0,
344,2,29,2000,8523228,8523328,0,
345,2,30,2000,8523229,8523329,1,
346,2,31,2000,8523230,8523330,0,
347,2,32,2000,8523231,8523331,0,
348,2,33,2000,8523232,8523332,0,
349,2,34,2000,8523233,8523333,0,
350,2,35,2000,8523234,8523334,0,
351,2,36,2000,8523235,8523335,0,
352,2,37,2000,8523236,8523336,0,
353,2,38,2000,8523237,8523337,0,
354,2,39,2000,8523238,8523338,0,
355,2,40,2000,8523239,8523339,1,
356,2,41,2000,8523240,8523340,0,
357,2,42,2000,8523241,8523341,0,
358,2,43,2000,8523242,8523342,0,
359,2,44,2000,8523243,8523343,0,
360,2,45,2000,8523244,8523344,0,
361,2,46,2000,8523245,8523345,0,
362,2,47,2000,8523246,8523346,0,
363,2,48,2000,8523247,8523347,0,
364,2,49,2000,8523248,8523348,0,
365,2,50,2000,8523249,8523349,1,
366,2,51,2000,8523250,8523350,0,
367,2,52,2000,8523251,8523351,0,
368,2,53,2000,8523252,8523352,0,
369,2,54,2000,8523253,8523353,0,
370,2,55,2000,8523254,8523354,0,
371,2,56,2000,8523255,8523355,0,
372,2,57,2000,8523256,8523356,0,
373,2,58,2000,8523257,8523357,0,
374,2,59,2000,8523258,8523358,0,
375,2,60,2000,8523259,8523359,1,
376,2,61,2000,8523260,8523360,0,
377,2,62,2000,8523261,8523361,0,
378,2,63,2000,8523262,8523362,0,
379,2,64,2000,8523263,8523363,0,
380,2,65,2000,8523264,8523364,0,
381,2,66,2000,8523265,8523365,0,
382,2,67,2000,8523266,8523366,0,
383,2,68,2000,8523267,8523367,0,
384,2,69,2000,8523268,8523368,0,
385,2,70,2000,8523269,8523369,1,
386,2,71,2000,8523270,8523370,0,
387,2,72,2000,8523271,8523371,0,
388,2,73,2000,8523272,8523372,0,
389,2,74,2000,8523273,8523373,0,
390,2,75,2000,8523274,8523374,0,
391,2,76,2000,8523275,8523375,0,
392,2,77,2000,8523276,8523376,0,
393,2,78,2000,8523277,8523377,0,
394,2,79,2000,8523278,8523378,0,
395,2,80,2000,8523279,8523379,1,
396,2,81,2000,8523280,8523380,0,
397,2,82,2000,8523281,8523381,0,
398,2,83,2000,8523282,8523382,0,
399,2,84,2000,8523283,8523383,0,
400,2,85,2000,8523284,8523384,0,
401,2,86,2000,8523285,8523385,0,
402,2,87,2000,8523286,8523386,0,
403,2,88,2000,8523287,8523387,0,
404,2,89,2000,8523288,8523388,0,
405,2,90,2000,8523289,8523389,0,
406,2,91,2000,,8523390,0,
407,2,92,2000,,8523391,0,
408,2,93,2000,,8523392,0,
409,2,94,2000,,8523393,0,
410,2,95,2000,,8523394,1,1010051|1010052
411,2,96,2000,,8523395,0,
412,2,97,2000,,8523396,0,
413,2,98,2000,,8523397,0,
414,2,99,2000,,8523398,0,
415,2,100,2000,,8523399,0,
416,2,101,2000,,8523399,0,
417,2,102,2000,,8523399,0,
418,2,103,2000,,8523399,0,
419,2,104,2000,,8523399,0,
420,2,105,2000,,8523399,0,
421,2,106,2000,,8523399,0,
422,2,107,2000,,8523399,0,
423,2,108,2000,,8523399,0,
424,2,109,2000,,8523399,0,
425,2,110,2000,,8523399,0,
426,2,111,2000,,8523399,0,
427,2,112,2000,,8523399,0,
428,2,113,2000,,8523399,0,
429,2,114,2000,,8523399,0,
430,2,115,2000,,8523399,0,
431,2,116,2000,,8523399,0,
432,2,117,2000,,8523399,0,
433,2,118,2000,,8523399,0,
434,2,119,2000,,8523399,0,
435,2,120,2000,,8523399,0,
436,2,121,2000,,8523399,0,
437,2,122,2000,,8523399,0,
438,2,123,2000,,8523399,0,
439,2,124,2000,,8523399,0,
440,2,125,2000,,8523399,0,
441,2,126,2000,,8523399,0,
442,2,127,2000,,8523399,0,
443,2,128,2000,,8523399,0,
444,2,129,2000,,8523399,0,
445,2,130,2000,,8523399,0,
446,2,131,2000,,8523399,0,
447,2,132,2000,,8523399,0,
448,2,133,2000,,8523399,0,
449,2,134,2000,,8523399,0,
450,2,135,2000,,8523449,1,
451,2,136,2000,,8523399,0,
452,2,137,2000,,8523399,0,
453,2,138,2000,,8523399,0,
454,2,139,2000,,8523399,0,
455,2,140,2000,,8523399,0,
456,2,141,2000,,8523399,0,
457,2,142,2000,,8523399,0,
458,2,143,2000,,8523399,0,
459,2,144,2000,,8523399,0,
460,2,145,2000,,8523399,0,
461,2,146,2000,,8523399,0,
462,2,147,2000,,8523399,0,
463,2,148,2000,,8523399,0,
464,2,149,2000,,8523399,0,
465,2,150,2000,,8523499,1,
466,2,151,2000,,8523399,0,
467,2,152,2000,,8523399,0,
468,2,153,2000,,8523399,0,
469,2,154,2000,,8523399,0,
470,2,155,2000,,8523399,0,
471,2,156,2000,,8523399,0,
472,2,157,2000,,8523399,0,
473,2,158,2000,,8523399,0,
474,2,159,2000,,8523399,0,
475,2,160,2000,,8523399,0,
476,2,161,2000,,8523399,0,
477,2,162,2000,,8523399,0,
478,2,163,2000,,8523399,0,
479,2,164,2000,,8523399,0,
480,2,165,2000,,8523399,0,
481,2,166,2000,,8523399,0,
482,2,167,2000,,8523399,0,
483,2,168,2000,,8523399,0,
484,2,169,2000,,8523399,0,
485,2,170,2000,,8523399,0,
486,2,171,2000,,8523399,0,
487,2,172,2000,,8523399,0,
488,2,173,2000,,8523399,0,
489,2,174,2000,,8523399,0,
490,2,175,2000,,8523399,0,
491,2,176,2000,,8523399,0,
492,2,177,2000,,8523399,0,
493,2,178,2000,,8523399,0,
494,2,179,2000,,8523399,0,
495,2,180,2000,,8523399,0,
496,2,181,2000,,8523399,0,
497,2,182,2000,,8523399,0,
498,2,183,2000,,8523399,0,
499,2,184,2000,,8523399,0,
500,2,185,2000,,8523399,0,
501,2,186,2000,,8523399,0,
502,2,187,2000,,8523399,0,
503,2,188,2000,,8523399,0,
504,2,189,2000,,8523399,0,
505,2,190,2000,,8523399,0,
506,2,191,2000,,8523399,0,
507,2,192,2000,,8523399,0,
508,2,193,2000,,8523399,0,
509,2,194,2000,,8523399,0,
510,2,195,2000,,8523399,0,
511,2,196,2000,,8523399,0,
512,2,197,2000,,8523399,0,
513,2,198,2000,,8523399,0,
514,2,199,2000,,8523399,0,
515,2,200,2000,,8523399,0,
516,2,201,2000,,8523399,0,
517,2,202,2000,,8523399,0,
518,2,203,2000,,8523399,0,
519,2,204,2000,,8523399,0,
520,2,205,2000,,8523399,0,
521,2,206,2000,,8523399,0,
522,2,207,2000,,8523399,0,
523,2,208,2000,,8523399,0,
524,2,209,2000,,8523399,0,
525,2,210,2000,,8523399,0,
526,2,211,2000,,8523399,0,
527,2,212,2000,,8523399,0,
528,2,213,2000,,8523399,0,
529,2,214,2000,,8523399,0,
530,2,215,2000,,8523399,0,
531,2,216,2000,,8523399,0,
532,2,217,2000,,8523399,0,
533,2,218,2000,,8523399,0,
534,2,219,2000,,8523399,0,
535,2,220,2000,,8523399,0,
536,2,221,2000,,8523399,0,
537,2,222,2000,,8523399,0,
538,2,223,2000,,8523399,0,
539,2,224,2000,,8523399,0,
540,2,225,2000,,8523399,0,
541,2,226,2000,,8523399,0,
542,2,227,2000,,8523399,0,
543,2,228,2000,,8523399,0,
544,2,229,2000,,8523399,0,
545,2,230,2000,,8523399,0,
546,2,231,2000,,8523399,0,
547,2,232,2000,,8523399,0,
548,2,233,2000,,8523399,0,
549,2,234,2000,,8523399,0,
550,2,235,2000,,8523399,0,
551,2,236,2000,,8523399,0,
552,2,237,2000,,8523399,0,
553,2,238,2000,,8523399,0,
554,2,239,2000,,8523399,0,
555,2,240,2000,,8523399,0,
556,2,241,2000,,8523399,0,
557,2,242,2000,,8523399,0,
558,2,243,2000,,8523399,0,
559,2,244,2000,,8523399,0,
560,2,245,2000,,8523399,0,
561,2,246,2000,,8523399,0,
562,2,247,2000,,8523399,0,
563,2,248,2000,,8523399,0,
564,2,249,2000,,8523399,0,
565,2,250,2000,,8523399,0,
566,2,251,2000,,8523399,0,
567,2,252,2000,,8523399,0,
568,2,253,2000,,8523399,0,
569,2,254,2000,,8523399,0,
570,2,255,2000,,8523399,0,
571,2,256,2000,,8523399,0,
572,2,257,2000,,8523399,0,
573,2,258,2000,,8523399,0,
574,2,259,2000,,8523399,0,
575,2,260,2000,,8523399,0,
576,2,261,2000,,8523399,0,
577,2,262,2000,,8523399,0,
578,2,263,2000,,8523399,0,
579,2,264,2000,,8523399,0,
580,2,265,2000,,8523399,0,
581,2,266,2000,,8523399,0,
582,2,267,2000,,8523399,0,
583,2,268,2000,,8523399,0,
584,2,269,2000,,8523399,0,
585,2,270,2000,,8523399,0,
586,2,271,2000,,8523399,0,
587,2,272,2000,,8523399,0,
588,2,273,2000,,8523399,0,
589,2,274,2000,,8523399,0,
590,2,275,2000,,8523399,0,
591,2,276,2000,,8523399,0,
592,2,277,2000,,8523399,0,
593,2,278,2000,,8523399,0,
594,2,279,2000,,8523399,0,
595,2,280,2000,,8523399,0,
596,2,281,2000,,8523399,0,
597,2,282,2000,,8523399,0,
598,2,283,2000,,8523399,0,
599,2,284,2000,,8523399,0,
600,2,285,2000,,8523399,0,
601,2,286,2000,,8523399,0,
602,2,287,2000,,8523399,0,
603,2,288,2000,,8523399,0,
604,2,289,2000,,8523399,0,
605,2,290,2000,,8523399,0,
606,2,291,2000,,8523399,0,
607,2,292,2000,,8523399,0,
608,2,293,2000,,8523399,0,
609,2,294,2000,,8523399,0,
610,2,295,2000,,8523399,0,
611,2,296,2000,,8523399,0,
612,2,297,2000,,8523399,0,
613,2,298,2000,,8523399,0,
614,2,299,2000,,8523399,0,
615,2,300,2000,,8523399,0,
616,2,301,2000,,8523399,0,
617,2,302,2000,,8523399,0,
618,2,303,2000,,8523399,0,
619,2,304,2000,,8523399,0,
620,2,305,2000,,8523399,0,
621,2,306,2000,,8523399,0,
622,2,307,2000,,8523399,0,
623,2,308,2000,,8523399,0,
624,2,309,2000,,8523399,0,
625,2,310,2000,,8523399,0,
626,2,311,2000,,8523399,0,
627,2,312,2000,,8523399,0,
628,2,313,2000,,8523399,0,
629,2,314,2000,,8523399,0,
630,2,315,2000,,8523399,0,
631,2,316,2000,,8523399,0,
632,2,317,2000,,8523399,0,
633,2,318,2000,,8523399,0,
634,2,319,2000,,8523399,0,
635,2,320,2000,,8523399,0,
636,2,321,2000,,8523399,0,
637,2,322,2000,,8523399,0,
638,2,323,2000,,8523399,0,
639,2,324,2000,,8523399,0,
640,2,325,2000,,8523399,0,
641,2,326,2000,,8523399,0,
642,2,327,2000,,8523399,0,
643,2,328,2000,,8523399,0,
644,2,329,2000,,8523399,0,
645,2,330,2000,,8523399,0,
646,2,331,2000,,8523399,0,
647,2,332,2000,,8523399,0,
648,2,333,2000,,8523399,0,
649,2,334,2000,,8523399,0,
650,2,335,2000,,8523399,0,
651,2,336,2000,,8523399,0,
652,2,337,2000,,8523399,0,
653,2,338,2000,,8523399,0,
654,2,339,2000,,8523399,0,
655,2,340,2000,,8523399,0,
656,2,341,2000,,8523399,0,
657,2,342,2000,,8523399,0,
658,2,343,2000,,8523399,0,
659,2,344,2000,,8523399,0,
660,2,345,2000,,8523399,0,
661,2,346,2000,,8523399,0,
662,2,347,2000,,8523399,0,
663,2,348,2000,,8523399,0,
664,2,349,2000,,8523399,0,
665,2,350,2000,,8523399,0,
666,2,351,2000,,8523399,0,
667,2,352,2000,,8523399,0,
668,2,353,2000,,8523399,0,
669,2,354,2000,,8523399,0,
670,2,355,2000,,8523399,0,
671,2,356,2000,,8523399,0,
672,2,357,2000,,8523399,0,
673,2,358,2000,,8523399,0,
674,2,359,2000,,8523399,0,
675,2,360,2000,,8523399,0,
676,2,361,2000,,8523399,0,
677,2,362,2000,,8523399,0,
678,2,363,2000,,8523399,0,
679,2,364,2000,,8523399,0,
680,2,365,2000,,8523399,0,
681,2,366,2000,,8523399,0,
682,2,367,2000,,8523399,0,
683,2,368,2000,,8523399,0,
684,2,369,2000,,8523399,0,
685,2,370,2000,,8523399,0,
686,2,371,2000,,8523399,0,
687,2,372,2000,,8523399,0,
688,2,373,2000,,8523399,0,
689,2,374,2000,,8523399,0,
690,2,375,2000,,8523399,0,
691,2,376,2000,,8523399,0,
692,2,377,2000,,8523399,0,
693,2,378,2000,,8523399,0,
694,2,379,2000,,8523399,0,
695,2,380,2000,,8523399,0,
696,2,381,2000,,8523399,0,
697,2,382,2000,,8523399,0,
698,2,383,2000,,8523399,0,
699,2,384,2000,,8523399,0,
700,2,385,2000,,8523399,0,
701,2,386,2000,,8523399,0,
702,2,387,2000,,8523399,0,
703,2,388,2000,,8523399,0,
704,2,389,2000,,8523399,0,
705,2,390,2000,,8523399,0,
706,2,391,2000,,8523399,0,
707,2,392,2000,,8523399,0,
708,2,393,2000,,8523399,0,
709,2,394,2000,,8523399,0,
710,2,395,2000,,8523399,0,
711,2,396,2000,,8523399,0,
712,2,397,2000,,8523399,0,
713,2,398,2000,,8523399,0,
714,2,399,2000,,8523399,0,
715,2,400,2000,,8523399,0,
716,2,401,2000,,8523399,0,
717,2,402,2000,,8523399,0,
718,2,403,2000,,8523399,0,
719,2,404,2000,,8523399,0,
720,2,405,2000,,8523399,0,
721,2,406,2000,,8523399,0,
722,2,407,2000,,8523399,0,
723,2,408,2000,,8523399,0,
724,2,409,2000,,8523399,0,
725,2,410,2000,,8523399,0,
726,2,411,2000,,8523399,0,
727,2,412,2000,,8523399,0,
728,2,413,2000,,8523399,0,
729,2,414,2000,,8523399,0,
730,2,415,2000,,8523399,0,
731,2,416,2000,,8523399,0,
732,2,417,2000,,8523399,0,
733,2,418,2000,,8523399,0,
734,2,419,2000,,8523399,0,
735,2,420,2000,,8523399,0,
736,2,421,2000,,8523399,0,
737,2,422,2000,,8523399,0,
738,2,423,2000,,8523399,0,
739,2,424,2000,,8523399,0,
740,2,425,2000,,8523399,0,
741,2,426,2000,,8523399,0,
742,2,427,2000,,8523399,0,
743,2,428,2000,,8523399,0,
744,2,429,2000,,8523399,0,
745,2,430,2000,,8523399,0,
746,2,431,2000,,8523399,0,
747,2,432,2000,,8523399,0,
748,2,433,2000,,8523399,0,
749,2,434,2000,,8523399,0,
750,2,435,2000,,8523399,0,
751,2,436,2000,,8523399,0,
752,2,437,2000,,8523399,0,
753,2,438,2000,,8523399,0,
754,2,439,2000,,8523399,0,
755,2,440,2000,,8523399,0,
756,2,441,2000,,8523399,0,
757,2,442,2000,,8523399,0,
758,2,443,2000,,8523399,0,
759,2,444,2000,,8523399,0,
760,2,445,2000,,8523399,0,
761,2,446,2000,,8523399,0,
762,2,447,2000,,8523399,0,
763,2,448,2000,,8523399,0,
764,2,449,2000,,8523399,0,
765,2,450,2000,,8523399,0,
766,2,451,2000,,8523399,0,
767,2,452,2000,,8523399,0,
768,2,453,2000,,8523399,0,
769,2,454,2000,,8523399,0,
770,2,455,2000,,8523399,0,
771,2,456,2000,,8523399,0,
772,2,457,2000,,8523399,0,
773,2,458,2000,,8523399,0,
774,2,459,2000,,8523399,0,
775,2,460,2000,,8523399,0,
776,2,461,2000,,8523399,0,
777,2,462,2000,,8523399,0,
778,2,463,2000,,8523399,0,
779,2,464,2000,,8523399,0,
780,2,465,2000,,8523399,0,
781,2,466,2000,,8523399,0,
782,2,467,2000,,8523399,0,
783,2,468,2000,,8523399,0,
784,2,469,2000,,8523399,0,
785,2,470,2000,,8523399,0,
786,2,471,2000,,8523399,0,
787,2,472,2000,,8523399,0,
788,2,473,2000,,8523399,0,
789,2,474,2000,,8523399,0,
790,2,475,2000,,8523399,0,
791,2,476,2000,,8523399,0,
792,2,477,2000,,8523399,0,
793,2,478,2000,,8523399,0,
794,2,479,2000,,8523399,0,
795,2,480,2000,,8523399,0,
796,2,481,2000,,8523399,0,
797,2,482,2000,,8523399,0,
798,2,483,2000,,8523399,0,
799,2,484,2000,,8523399,0,
800,2,485,2000,,8523399,0,
801,2,486,2000,,8523399,0,
802,2,487,2000,,8523399,0,
803,2,488,2000,,8523399,0,
804,2,489,2000,,8523399,0,
805,2,490,2000,,8523399,0,
806,2,491,2000,,8523399,0,
807,2,492,2000,,8523399,0,
808,2,493,2000,,8523399,0,
809,2,494,2000,,8523399,0,
810,2,495,2000,,8523399,0,
811,2,496,2000,,8523399,0,
812,2,497,2000,,8523399,0,
813,2,498,2000,,8523399,0,
814,2,499,2000,,8523399,0,
815,2,500,2000,,8523399,0,
816,2,501,2000,,8523399,0,
817,2,502,2000,,8523399,0,
818,2,503,2000,,8523399,0,
819,2,504,2000,,8523399,0,
820,2,505,2000,,8523399,0,
821,2,506,2000,,8523399,0,
822,2,507,2000,,8523399,0,
823,2,508,2000,,8523399,0,
824,2,509,2000,,8523399,0,
825,2,510,2000,,8523399,0,
826,2,511,2000,,8523399,0,
827,2,512,2000,,8523399,0,
828,2,513,2000,,8523399,0,
829,2,514,2000,,8523399,0,
830,2,515,2000,,8523399,0,
831,2,516,2000,,8523399,0,
832,2,517,2000,,8523399,0,
833,2,518,2000,,8523399,0,
834,2,519,2000,,8523399,0,
835,2,520,2000,,8523399,0,
836,2,521,2000,,8523399,0,
837,2,522,2000,,8523399,0,
838,2,523,2000,,8523399,0,
839,2,524,2000,,8523399,0,
840,2,525,2000,,8523399,0,
841,2,526,2000,,8523399,0,
842,2,527,2000,,8523399,0,
843,2,528,2000,,8523399,0,
844,2,529,2000,,8523399,0,
845,2,530,2000,,8523399,0,
846,2,531,2000,,8523399,0,
847,2,532,2000,,8523399,0,
848,2,533,2000,,8523399,0,
849,3,1,2000,8524000,8524200,0,
850,3,2,2000,8524001,8524201,0,
851,3,3,2000,8524002,8524202,0,
852,3,4,2000,8524003,8524203,0,
853,3,5,2000,8524004,8524204,0,
854,3,6,2000,8524005,8524205,0,
855,3,7,2000,8524006,8524206,0,
856,3,8,2000,8524007,8524207,0,
857,3,9,2000,8524008,8524208,0,
858,3,10,2000,8524009,8524209,1,
859,3,11,2000,8524010,8524210,0,
860,3,12,2000,8524011,8524211,0,
861,3,13,2000,8524012,8524212,0,
862,3,14,2000,8524013,8524213,0,
863,3,15,2000,8524014,8524214,0,
864,3,16,2000,8524015,8524215,0,
865,3,17,2000,8524016,8524216,0,
866,3,18,2000,8524017,8524217,0,
867,3,19,2000,8524018,8524218,0,
868,3,20,2000,8524019,8524219,1,
869,3,21,2000,8524020,8524220,0,
870,3,22,2000,8524021,8524221,0,
871,3,23,2000,8524022,8524222,0,
872,3,24,2000,8524023,8524223,0,
873,3,25,2000,8524024,8524224,1,
874,3,26,2000,8524025,8524225,0,
875,3,27,2000,8524026,8524226,0,
876,3,28,2000,8524027,8524227,0,
877,3,29,2000,8524028,8524228,0,
878,3,30,2000,8524029,8524229,1,
879,3,31,2000,8524030,8524230,0,
880,3,32,2000,8524031,8524231,0,
881,3,33,2000,8524032,8524232,0,
882,3,34,2000,8524033,8524233,0,
883,3,35,2000,8524034,8524234,0,
884,3,36,2000,8524035,8524235,0,
885,3,37,2000,8524036,8524236,0,
886,3,38,2000,8524037,8524237,0,
887,3,39,2000,8524038,8524238,0,
888,3,40,2000,8524039,8524239,1,
889,3,41,2000,8524040,8524240,0,
890,3,42,2000,8524041,8524241,0,
891,3,43,2000,8524042,8524242,0,
892,3,44,2000,8524043,8524243,0,
893,3,45,2000,8524044,8524244,0,
894,3,46,2000,8524045,8524245,0,
895,3,47,2000,8524046,8524246,0,
896,3,48,2000,8524047,8524247,0,
897,3,49,2000,8524048,8524248,0,
898,3,50,2000,8524049,8524249,1,
899,3,51,2000,8524050,8524250,0,
900,3,52,2000,8524051,8524251,0,
901,3,53,2000,8524052,8524252,0,
902,3,54,2000,8524053,8524253,0,
903,3,55,2000,8524054,8524254,0,
904,3,56,2000,8524055,8524255,0,
905,3,57,2000,8524056,8524256,0,
906,3,58,2000,8524057,8524257,0,
907,3,59,2000,8524058,8524258,0,
908,3,60,2000,8524059,8524259,1,
909,3,61,2000,8524060,8524260,0,
910,3,62,2000,8524061,8524261,0,
911,3,63,2000,8524062,8524262,0,
912,3,64,2000,8524063,8524263,0,
913,3,65,2000,8524064,8524264,0,
914,3,66,2000,8524065,8524265,0,
915,3,67,2000,8524066,8524266,0,
916,3,68,2000,8524067,8524267,0,
917,3,69,2000,8524068,8524268,0,
918,3,70,2000,8524069,8524269,1,
919,3,71,2000,8524070,8524270,0,
920,3,72,2000,8524071,8524271,0,
921,3,73,2000,8524072,8524272,0,
922,3,74,2000,8524073,8524273,0,
923,3,75,2000,8524074,8524274,0,
924,3,76,2000,8524075,8524275,0,
925,3,77,2000,8524076,8524276,0,
926,3,78,2000,8524077,8524277,0,
927,3,79,2000,8524078,8524278,0,
928,3,80,2000,8524079,8524279,1,
929,3,81,2000,8524080,8524280,0,
930,3,82,2000,8524081,8524281,0,
931,3,83,2000,8524082,8524282,0,
932,3,84,2000,8524083,8524283,0,
933,3,85,2000,8524084,8524284,0,
934,3,86,2000,8524085,8524285,0,
935,3,87,2000,8524086,8524286,0,
936,3,88,2000,8524087,8524287,0,
937,3,89,2000,8524088,8524288,0,
938,3,90,2000,8524089,8524289,1,
939,3,91,2000,8524090,8524290,0,
940,3,92,2000,8524091,8524291,0,
941,3,93,2000,8524092,8524292,0,
942,3,94,2000,8524093,8524293,0,
943,3,95,2000,8524094,8524294,0,
944,3,96,2000,,8524295,0,
945,3,97,2000,,8524296,0,
946,3,98,2000,,8524297,0,
947,3,99,2000,,8524298,0,
948,3,100,2000,,8524299,1,1010055|1010056
949,3,101,2000,,8524301,0,
950,3,102,2000,,8524301,0,
951,3,103,2000,,8524301,0,
952,3,104,2000,,8524301,0,
953,3,105,2000,,8524301,0,
954,3,106,2000,,8524301,0,
955,3,107,2000,,8524301,0,
956,3,108,2000,,8524301,0,
957,3,109,2000,,8524301,0,
958,3,110,2000,,8524301,0,
959,3,111,2000,,8524301,0,
960,3,112,2000,,8524301,0,
961,3,113,2000,,8524301,0,
962,3,114,2000,,8524301,0,
963,3,115,2000,,8524301,0,
964,3,116,2000,,8524301,0,
965,3,117,2000,,8524301,0,
966,3,118,2000,,8524301,0,
967,3,119,2000,,8524301,0,
968,3,120,2000,,8524301,0,
969,3,121,2000,,8524301,0,
970,3,122,2000,,8524301,0,
971,3,123,2000,,8524301,0,
972,3,124,2000,,8524301,0,
973,3,125,2000,,8524301,0,
974,3,126,2000,,8524301,0,
975,3,127,2000,,8524301,0,
976,3,128,2000,,8524301,0,
977,3,129,2000,,8524301,0,
978,3,130,2000,,8524301,0,
979,3,131,2000,,8524301,0,
980,3,132,2000,,8524301,0,
981,3,133,2000,,8524301,0,
982,3,134,2000,,8524301,0,
983,3,135,2000,,8524300,1,
984,3,136,2000,,8524301,0,
985,3,137,2000,,8524301,0,
986,3,138,2000,,8524301,0,
987,3,139,2000,,8524301,0,
988,3,140,2000,,8524301,0,
989,3,141,2000,,8524301,0,
990,3,142,2000,,8524301,0,
991,3,143,2000,,8524301,0,
992,3,144,2000,,8524301,0,
993,3,145,2000,,8524301,0,
994,3,146,2000,,8524301,0,
995,3,147,2000,,8524301,0,
996,3,148,2000,,8524301,0,
997,3,149,2000,,8524301,0,
998,3,150,2000,,8524300,1,
999,3,151,2000,,8524301,0,
1000,3,152,2000,,8524301,0,
1001,3,153,2000,,8524301,0,
1002,3,154,2000,,8524301,0,
1003,3,155,2000,,8524301,0,
1004,3,156,2000,,8524301,0,
1005,3,157,2000,,8524301,0,
1006,3,158,2000,,8524301,0,
1007,3,159,2000,,8524301,0,
1008,3,160,2000,,8524301,0,
1009,3,161,2000,,8524301,0,
1010,3,162,2000,,8524301,0,
1011,3,163,2000,,8524301,0,
1012,3,164,2000,,8524301,0,
1013,3,165,2000,,8524301,0,
1014,3,166,2000,,8524301,0,
1015,3,167,2000,,8524301,0,
1016,3,168,2000,,8524301,0,
1017,3,169,2000,,8524301,0,
1018,3,170,2000,,8524301,0,
1019,3,171,2000,,8524301,0,
1020,3,172,2000,,8524301,0,
1021,3,173,2000,,8524301,0,
1022,3,174,2000,,8524301,0,
1023,3,175,2000,,8524301,0,
1024,3,176,2000,,8524301,0,
1025,3,177,2000,,8524301,0,
1026,3,178,2000,,8524301,0,
1027,3,179,2000,,8524301,0,
1028,3,180,2000,,8524301,0,
1029,3,181,2000,,8524301,0,
1030,3,182,2000,,8524301,0,
1031,3,183,2000,,8524301,0,
1032,3,184,2000,,8524301,0,
1033,3,185,2000,,8524301,0,
1034,3,186,2000,,8524301,0,
1035,3,187,2000,,8524301,0,
1036,3,188,2000,,8524301,0,
1037,3,189,2000,,8524301,0,
1038,3,190,2000,,8524301,0,
1039,3,191,2000,,8524301,0,
1040,3,192,2000,,8524301,0,
1041,3,193,2000,,8524301,0,
1042,3,194,2000,,8524301,0,
1043,3,195,2000,,8524301,0,
1044,3,196,2000,,8524301,0,
1045,3,197,2000,,8524301,0,
1046,3,198,2000,,8524301,0,
1047,3,199,2000,,8524301,0,
1048,3,200,2000,,8524301,0,
1049,3,201,2000,,8524301,0,
1050,3,202,2000,,8524301,0,
1051,3,203,2000,,8524301,0,
1052,3,204,2000,,8524301,0,
1053,3,205,2000,,8524301,0,
1054,3,206,2000,,8524301,0,
1055,3,207,2000,,8524301,0,
1056,3,208,2000,,8524301,0,
1057,3,209,2000,,8524301,0,
1058,3,210,2000,,8524301,0,
1059,3,211,2000,,8524301,0,
1060,3,212,2000,,8524301,0,
1061,3,213,2000,,8524301,0,
1062,3,214,2000,,8524301,0,
1063,3,215,2000,,8524301,0,
1064,3,216,2000,,8524301,0,
1065,3,217,2000,,8524301,0,
1066,3,218,2000,,8524301,0,
1067,3,219,2000,,8524301,0,
1068,3,220,2000,,8524301,0,
1069,3,221,2000,,8524301,0,
1070,3,222,2000,,8524301,0,
1071,3,223,2000,,8524301,0,
1072,3,224,2000,,8524301,0,
1073,3,225,2000,,8524301,0,
1074,3,226,2000,,8524301,0,
1075,3,227,2000,,8524301,0,
1076,3,228,2000,,8524301,0,
1077,3,229,2000,,8524301,0,
1078,3,230,2000,,8524301,0,
1079,3,231,2000,,8524301,0,
1080,3,232,2000,,8524301,0,
1081,3,233,2000,,8524301,0,
1082,3,234,2000,,8524301,0,
1083,3,235,2000,,8524301,0,
1084,3,236,2000,,8524301,0,
1085,3,237,2000,,8524301,0,
1086,3,238,2000,,8524301,0,
1087,3,239,2000,,8524301,0,
1088,3,240,2000,,8524301,0,
1089,3,241,2000,,8524301,0,
1090,3,242,2000,,8524301,0,
1091,3,243,2000,,8524301,0,
1092,3,244,2000,,8524301,0,
1093,3,245,2000,,8524301,0,
1094,3,246,2000,,8524301,0,
1095,3,247,2000,,8524301,0,
1096,3,248,2000,,8524301,0,
1097,3,249,2000,,8524301,0,
1098,3,250,2000,,8524301,0,
1099,3,251,2000,,8524301,0,
1100,3,252,2000,,8524301,0,
1101,3,253,2000,,8524301,0,
1102,3,254,2000,,8524301,0,
1103,3,255,2000,,8524301,0,
1104,3,256,2000,,8524301,0,
1105,3,257,2000,,8524301,0,
1106,3,258,2000,,8524301,0,
1107,3,259,2000,,8524301,0,
1108,3,260,2000,,8524301,0,
1109,3,261,2000,,8524301,0,
1110,3,262,2000,,8524301,0,
1111,3,263,2000,,8524301,0,
1112,3,264,2000,,8524301,0,
1113,3,265,2000,,8524301,0,
1114,3,266,2000,,8524301,0,
1115,3,267,2000,,8524301,0,
1116,3,268,2000,,8524301,0,
1117,3,269,2000,,8524301,0,
1118,3,270,2000,,8524301,0,
1119,3,271,2000,,8524301,0,
1120,3,272,2000,,8524301,0,
1121,3,273,2000,,8524301,0,
1122,3,274,2000,,8524301,0,
1123,3,275,2000,,8524301,0,
1124,3,276,2000,,8524301,0,
1125,3,277,2000,,8524301,0,
1126,3,278,2000,,8524301,0,
1127,3,279,2000,,8524301,0,
1128,3,280,2000,,8524301,0,
1129,3,281,2000,,8524301,0,
1130,3,282,2000,,8524301,0,
1131,3,283,2000,,8524301,0,
1132,3,284,2000,,8524301,0,
1133,3,285,2000,,8524301,0,
1134,3,286,2000,,8524301,0,
1135,3,287,2000,,8524301,0,
1136,3,288,2000,,8524301,0,
1137,3,289,2000,,8524301,0,
1138,3,290,2000,,8524301,0,
1139,3,291,2000,,8524301,0,
1140,3,292,2000,,8524301,0,
1141,3,293,2000,,8524301,0,
1142,3,294,2000,,8524301,0,
1143,3,295,2000,,8524301,0,
1144,3,296,2000,,8524301,0,
1145,3,297,2000,,8524301,0,
1146,3,298,2000,,8524301,0,
1147,3,299,2000,,8524301,0,
1148,3,300,2000,,8524301,0,
1149,3,301,2000,,8524301,0,
1150,3,302,2000,,8524301,0,
1151,3,303,2000,,8524301,0,
1152,3,304,2000,,8524301,0,
1153,3,305,2000,,8524301,0,
1154,3,306,2000,,8524301,0,
1155,3,307,2000,,8524301,0,
1156,3,308,2000,,8524301,0,
1157,3,309,2000,,8524301,0,
1158,3,310,2000,,8524301,0,
1159,3,311,2000,,8524301,0,
1160,3,312,2000,,8524301,0,
1161,3,313,2000,,8524301,0,
1162,3,314,2000,,8524301,0,
1163,3,315,2000,,8524301,0,
1164,3,316,2000,,8524301,0,
1165,3,317,2000,,8524301,0,
1166,3,318,2000,,8524301,0,
1167,3,319,2000,,8524301,0,
1168,3,320,2000,,8524301,0,
1169,3,321,2000,,8524301,0,
1170,3,322,2000,,8524301,0,
1171,3,323,2000,,8524301,0,
1172,3,324,2000,,8524301,0,
1173,3,325,2000,,8524301,0,
1174,3,326,2000,,8524301,0,
1175,3,327,2000,,8524301,0,
1176,3,328,2000,,8524301,0,
1177,3,329,2000,,8524301,0,
1178,3,330,2000,,8524301,0,
1179,3,331,2000,,8524301,0,
1180,3,332,2000,,8524301,0,
1181,3,333,2000,,8524301,0,
1182,3,334,2000,,8524301,0,
1183,3,335,2000,,8524301,0,
1184,3,336,2000,,8524301,0,
1185,3,337,2000,,8524301,0,
1186,3,338,2000,,8524301,0,
1187,3,339,2000,,8524301,0,
1188,3,340,2000,,8524301,0,
1189,3,341,2000,,8524301,0,
1190,3,342,2000,,8524301,0,
1191,3,343,2000,,8524301,0,
1192,3,344,2000,,8524301,0,
1193,3,345,2000,,8524301,0,
1194,3,346,2000,,8524301,0,
1195,3,347,2000,,8524301,0,
1196,3,348,2000,,8524301,0,
1197,3,349,2000,,8524301,0,
1198,3,350,2000,,8524301,0,
1199,3,351,2000,,8524301,0,
1200,3,352,2000,,8524301,0,
1201,3,353,2000,,8524301,0,
1202,3,354,2000,,8524301,0,
1203,3,355,2000,,8524301,0,
1204,3,356,2000,,8524301,0,
1205,3,357,2000,,8524301,0,
1206,3,358,2000,,8524301,0,
1207,3,359,2000,,8524301,0,
1208,3,360,2000,,8524301,0,
1209,3,361,2000,,8524301,0,
1210,3,362,2000,,8524301,0,
1211,3,363,2000,,8524301,0,
1212,3,364,2000,,8524301,0,
1213,3,365,2000,,8524301,0,
1214,3,366,2000,,8524301,0,
1215,3,367,2000,,8524301,0,
1216,3,368,2000,,8524301,0,
1217,3,369,2000,,8524301,0,
1218,3,370,2000,,8524301,0,
1219,3,371,2000,,8524301,0,
1220,3,372,2000,,8524301,0,
1221,3,373,2000,,8524301,0,
1222,3,374,2000,,8524301,0,
1223,3,375,2000,,8524301,0,
1224,3,376,2000,,8524301,0,
1225,3,377,2000,,8524301,0,
1226,3,378,2000,,8524301,0,
1227,3,379,2000,,8524301,0,
1228,3,380,2000,,8524301,0,
1229,3,381,2000,,8524301,0,
1230,3,382,2000,,8524301,0,
1231,3,383,2000,,8524301,0,
1232,3,384,2000,,8524301,0,
1233,3,385,2000,,8524301,0,
1234,3,386,2000,,8524301,0,
1235,3,387,2000,,8524301,0,
1236,3,388,2000,,8524301,0,
1237,3,389,2000,,8524301,0,
1238,3,390,2000,,8524301,0,
1239,3,391,2000,,8524301,0,
1240,3,392,2000,,8524301,0,
1241,3,393,2000,,8524301,0,
1242,3,394,2000,,8524301,0,
1243,3,395,2000,,8524301,0,
1244,3,396,2000,,8524301,0,
1245,3,397,2000,,8524301,0,
1246,3,398,2000,,8524301,0,
1247,3,399,2000,,8524301,0,
1248,3,400,2000,,8524301,0,
1249,3,401,2000,,8524301,0,
1250,3,402,2000,,8524301,0,
1251,3,403,2000,,8524301,0,
1252,3,404,2000,,8524301,0,
1253,3,405,2000,,8524301,0,
1254,3,406,2000,,8524301,0,
1255,3,407,2000,,8524301,0,
1256,3,408,2000,,8524301,0,
1257,3,409,2000,,8524301,0,
1258,3,410,2000,,8524301,0,
1259,3,411,2000,,8524301,0,
1260,3,412,2000,,8524301,0,
1261,3,413,2000,,8524301,0,
1262,3,414,2000,,8524301,0,
1263,3,415,2000,,8524301,0,
1264,3,416,2000,,8524301,0,
1265,3,417,2000,,8524301,0,
1266,3,418,2000,,8524301,0,
1267,3,419,2000,,8524301,0,
1268,3,420,2000,,8524301,0,
1269,3,421,2000,,8524301,0,
1270,3,422,2000,,8524301,0,
1271,3,423,2000,,8524301,0,
1272,3,424,2000,,8524301,0,
1273,3,425,2000,,8524301,0,
1274,3,426,2000,,8524301,0,
1275,3,427,2000,,8524301,0,
1276,3,428,2000,,8524301,0,
1277,3,429,2000,,8524301,0,
1278,3,430,2000,,8524301,0,
1279,3,431,2000,,8524301,0,
1280,3,432,2000,,8524301,0,
1281,3,433,2000,,8524301,0,
1282,3,434,2000,,8524301,0,
1283,3,435,2000,,8524301,0,
1284,3,436,2000,,8524301,0,
1285,3,437,2000,,8524301,0,
1286,3,438,2000,,8524301,0,
1287,3,439,2000,,8524301,0,
1288,3,440,2000,,8524301,0,
1289,3,441,2000,,8524301,0,
1290,3,442,2000,,8524301,0,
1291,3,443,2000,,8524301,0,
1292,3,444,2000,,8524301,0,
1293,3,445,2000,,8524301,0,
1294,3,446,2000,,8524301,0,
1295,3,447,2000,,8524301,0,
1296,3,448,2000,,8524301,0,
1297,3,449,2000,,8524301,0,
1298,3,450,2000,,8524301,0,
1299,3,451,2000,,8524301,0,
1300,3,452,2000,,8524301,0,
1301,3,453,2000,,8524301,0,
1302,3,454,2000,,8524301,0,
1303,3,455,2000,,8524301,0,
1304,3,456,2000,,8524301,0,
1305,3,457,2000,,8524301,0,
1306,3,458,2000,,8524301,0,
1307,3,459,2000,,8524301,0,
1308,3,460,2000,,8524301,0,
1309,3,461,2000,,8524301,0,
1310,3,462,2000,,8524301,0,
1311,3,463,2000,,8524301,0,
1312,3,464,2000,,8524301,0,
1313,3,465,2000,,8524301,0,
1314,3,466,2000,,8524301,0,
1315,3,467,2000,,8524301,0,
1316,3,468,2000,,8524301,0,
1317,3,469,2000,,8524301,0,
1318,3,470,2000,,8524301,0,
1319,3,471,2000,,8524301,0,
1320,3,472,2000,,8524301,0,
1321,3,473,2000,,8524301,0,
1322,3,474,2000,,8524301,0,
1323,3,475,2000,,8524301,0,
1324,3,476,2000,,8524301,0,
1325,3,477,2000,,8524301,0,
1326,3,478,2000,,8524301,0,
1327,3,479,2000,,8524301,0,
1328,3,480,2000,,8524301,0,
1329,3,481,2000,,8524301,0,
1330,3,482,2000,,8524301,0,
1331,3,483,2000,,8524301,0,
1332,3,484,2000,,8524301,0,
1333,3,485,2000,,8524301,0,
1334,3,486,2000,,8524301,0,
1335,3,487,2000,,8524301,0,
1336,3,488,2000,,8524301,0,
1337,3,489,2000,,8524301,0,
1338,3,490,2000,,8524301,0,
1339,3,491,2000,,8524301,0,
1340,3,492,2000,,8524301,0,
1341,3,493,2000,,8524301,0,
1342,3,494,2000,,8524301,0,
1343,3,495,2000,,8524301,0,
1344,3,496,2000,,8524301,0,
1345,3,497,2000,,8524301,0,
1346,3,498,2000,,8524301,0,
1347,3,499,2000,,8524301,0,
1348,3,500,2000,,8524301,0,
1349,3,501,2000,,8524301,0,
1350,3,502,2000,,8524301,0,
1351,3,503,2000,,8524301,0,
1352,3,504,2000,,8524301,0,
1353,3,505,2000,,8524301,0,
1354,3,506,2000,,8524301,0,
1355,3,507,2000,,8524301,0,
1356,3,508,2000,,8524301,0,
1357,3,509,2000,,8524301,0,
1358,3,510,2000,,8524301,0,
1359,3,511,2000,,8524301,0,
1360,3,512,2000,,8524301,0,
1361,3,513,2000,,8524301,0,
1362,3,514,2000,,8524301,0,
1363,3,515,2000,,8524301,0,
1364,3,516,2000,,8524301,0,
1365,3,517,2000,,8524301,0,
1366,3,518,2000,,8524301,0,
1367,3,519,2000,,8524301,0,
1368,3,520,2000,,8524301,0,
1369,3,521,2000,,8524301,0,
1370,3,522,2000,,8524301,0,
1371,3,523,2000,,8524301,0,
1372,3,524,2000,,8524301,0,
1373,3,525,2000,,8524301,0,
1374,3,526,2000,,8524301,0,
1375,3,527,2000,,8524301,0,
1376,3,528,2000,,8524301,0,
1377,3,529,2000,,8524301,0,
1378,3,530,2000,,8524301,0,
1379,3,531,2000,,8524301,0,
1380,3,532,2000,,8524301,0,
1381,3,533,2000,,8524301,0,
1382,3,534,2000,,8524301,0,
1383,3,535,2000,,8524301,0,
1384,3,536,2000,,8524301,0,
1385,4,1,2000,8525001,8525200,0,
1386,4,2,2000,8525002,8525201,0,
1387,4,3,2000,8525003,8525202,0,
1388,4,4,2000,8525004,8525203,0,
1389,4,5,2000,8525005,8525204,0,
1390,4,6,2000,8525006,8525205,0,
1391,4,7,2000,8525007,8525206,0,
1392,4,8,2000,8525008,8525207,0,
1393,4,9,2000,8525009,8525208,0,
1394,4,10,2000,8525010,8525209,1,
1395,4,11,2000,8525011,8525210,0,
1396,4,12,2000,8525012,8525211,0,
1397,4,13,2000,8525013,8525212,0,
1398,4,14,2000,8525014,8525213,0,
1399,4,15,2000,8525015,8525214,0,
1400,4,16,2000,8525016,8525215,0,
1401,4,17,2000,8525017,8525216,0,
1402,4,18,2000,8525018,8525217,0,
1403,4,19,2000,8525019,8525218,0,
1404,4,20,2000,8525020,8525219,1,
1405,4,21,2000,8525021,8525220,0,
1406,4,22,2000,8525022,8525221,0,
1407,4,23,2000,8525023,8525222,0,
1408,4,24,2000,8525024,8525223,0,
1409,4,25,2000,8525025,8525224,1,
1410,4,26,2000,8525026,8525225,0,
1411,4,27,2000,8525027,8525226,0,
1412,4,28,2000,8525028,8525227,0,
1413,4,29,2000,8525029,8525228,0,
1414,4,30,2000,8525030,8525229,1,
1415,4,31,2000,8525031,8525230,0,
1416,4,32,2000,8525032,8525231,0,
1417,4,33,2000,8525033,8525232,0,
1418,4,34,2000,8525034,8525233,0,
1419,4,35,2000,8525035,8525234,0,
1420,4,36,2000,8525036,8525235,0,
1421,4,37,2000,8525037,8525236,0,
1422,4,38,2000,8525038,8525237,0,
1423,4,39,2000,8525039,8525238,0,
1424,4,40,2000,8525040,8525239,1,
1425,4,41,2000,8525041,8525240,0,
1426,4,42,2000,8525042,8525241,0,
1427,4,43,2000,8525043,8525242,0,
1428,4,44,2000,8525044,8525243,0,
1429,4,45,2000,8525045,8525244,0,
1430,4,46,2000,8525046,8525245,0,
1431,4,47,2000,8525047,8525246,0,
1432,4,48,2000,8525048,8525247,0,
1433,4,49,2000,8525049,8525248,0,
1434,4,50,2000,8525050,8525249,1,
1435,4,51,2000,8525051,8525250,0,
1436,4,52,2000,8525052,8525251,0,
1437,4,53,2000,8525053,8525252,0,
1438,4,54,2000,8525054,8525253,0,
1439,4,55,2000,8525055,8525254,0,
1440,4,56,2000,8525056,8525255,0,
1441,4,57,2000,8525057,8525256,0,
1442,4,58,2000,8525058,8525257,0,
1443,4,59,2000,8525059,8525258,0,
1444,4,60,2000,8525060,8525259,1,
1445,4,61,2000,8525061,8525260,0,
1446,4,62,2000,8525062,8525261,0,
1447,4,63,2000,8525063,8525262,0,
1448,4,64,2000,8525064,8525263,0,
1449,4,65,2000,8525065,8525264,0,
1450,4,66,2000,8525066,8525265,0,
1451,4,67,2000,8525067,8525266,0,
1452,4,68,2000,8525068,8525267,0,
1453,4,69,2000,8525069,8525268,0,
1454,4,70,2000,8525070,8525269,1,
1455,4,71,2000,8525071,8525270,0,
1456,4,72,2000,8525072,8525271,0,
1457,4,73,2000,8525073,8525272,0,
1458,4,74,2000,8525074,8525273,0,
1459,4,75,2000,8525075,8525274,0,
1460,4,76,2000,8525076,8525275,0,
1461,4,77,2000,8525077,8525276,0,
1462,4,78,2000,8525078,8525277,0,
1463,4,79,2000,8525079,8525278,0,
1464,4,80,2000,8525080,8525279,1,
1465,4,81,2000,8525081,8525280,0,
1466,4,82,2000,8525082,8525281,0,
1467,4,83,2000,8525083,8525282,0,
1468,4,84,2000,8525084,8525283,0,
1469,4,85,2000,8525085,8525284,1,
1470,4,86,2000,8525086,8525285,0,
1471,4,87,2000,8525087,8525286,0,
1472,4,88,2000,8525088,8525287,0,
1473,4,89,2000,8525089,8525288,0,
1474,4,90,2000,8525090,8525289,1,
1475,4,91,2000,8525091,8525290,0,
1476,4,92,2000,8525092,8525291,0,
1477,4,93,2000,8525093,8525292,0,
1478,4,94,2000,8525094,8525293,0,
1479,4,95,2000,8525095,8525294,0,
1480,4,96,2000,,8525295,0,
1481,4,97,2000,,8525296,0,
1482,4,98,2000,,8525297,0,
1483,4,99,2000,,8525298,0,
1484,4,100,2000,,8525299,1,1010064|1010065
1485,4,101,2000,,8525298,0,
1486,4,102,2000,,8525298,0,
1487,4,103,2000,,8525298,0,
1488,4,104,2000,,8525298,0,
1489,4,105,2000,,8525298,0,
1490,4,106,2000,,8525298,0,
1491,4,107,2000,,8525298,0,
1492,4,108,2000,,8525298,0,
1493,4,109,2000,,8525298,0,
1494,4,110,2000,,8525298,0,
1495,4,111,2000,,8525298,0,
1496,4,112,2000,,8525298,0,
1497,4,113,2000,,8525298,0,
1498,4,114,2000,,8525298,0,
1499,4,115,2000,,8525298,0,
1500,4,116,2000,,8525298,0,
1501,4,117,2000,,8525298,0,
1502,4,118,2000,,8525298,0,
1503,4,119,2000,,8525298,0,
1504,4,120,2000,,8525298,0,
1505,4,121,2000,,8525298,0,
1506,4,122,2000,,8525298,0,
1507,4,123,2000,,8525298,0,
1508,4,124,2000,,8525298,0,
1509,4,125,2000,,8525298,0,
1510,4,126,2000,,8525298,0,
1511,4,127,2000,,8525298,0,
1512,4,128,2000,,8525298,0,
1513,4,129,2000,,8525298,0,
1514,4,130,2000,,8525298,0,
1515,4,131,2000,,8525298,0,
1516,4,132,2000,,8525298,0,
1517,4,133,2000,,8525298,0,
1518,4,134,2000,,8525298,0,
1519,4,135,2000,,8525300,1,
1520,4,136,2000,,8525298,0,
1521,4,137,2000,,8525298,0,
1522,4,138,2000,,8525298,0,
1523,4,139,2000,,8525298,0,
1524,4,140,2000,,8525298,0,
1525,4,141,2000,,8525298,0,
1526,4,142,2000,,8525298,0,
1527,4,143,2000,,8525298,0,
1528,4,144,2000,,8525298,0,
1529,4,145,2000,,8525298,0,
1530,4,146,2000,,8525298,0,
1531,4,147,2000,,8525298,0,
1532,4,148,2000,,8525298,0,
1533,4,149,2000,,8525298,0,
1534,4,150,2000,,8525301,1,
1535,4,151,2000,,8525298,0,
1536,4,152,2000,,8525298,0,
1537,4,153,2000,,8525298,0,
1538,4,154,2000,,8525298,0,
1539,4,155,2000,,8525298,0,
1540,4,156,2000,,8525298,0,
1541,4,157,2000,,8525298,0,
1542,4,158,2000,,8525298,0,
1543,4,159,2000,,8525298,0,
1544,4,160,2000,,8525298,0,
1545,4,161,2000,,8525298,0,
1546,4,162,2000,,8525298,0,
1547,4,163,2000,,8525298,0,
1548,4,164,2000,,8525298,0,
1549,4,165,2000,,8525298,0,
1550,4,166,2000,,8525298,0,
1551,4,167,2000,,8525298,0,
1552,4,168,2000,,8525298,0,
1553,4,169,2000,,8525298,0,
1554,4,170,2000,,8525298,0,
1555,4,171,2000,,8525298,0,
1556,4,172,2000,,8525298,0,
1557,4,173,2000,,8525298,0,
1558,4,174,2000,,8525298,0,
1559,4,175,2000,,8525298,0,
1560,4,176,2000,,8525298,0,
1561,4,177,2000,,8525298,0,
1562,4,178,2000,,8525298,0,
1563,4,179,2000,,8525298,0,
1564,4,180,2000,,8525298,0,
1565,4,181,2000,,8525298,0,
1566,4,182,2000,,8525298,0,
1567,4,183,2000,,8525298,0,
1568,4,184,2000,,8525298,0,
1569,4,185,2000,,8525298,0,
1570,4,186,2000,,8525298,0,
1571,4,187,2000,,8525298,0,
1572,4,188,2000,,8525298,0,
1573,4,189,2000,,8525298,0,
1574,4,190,2000,,8525298,0,
1575,4,191,2000,,8525298,0,
1576,4,192,2000,,8525298,0,
1577,4,193,2000,,8525298,0,
1578,4,194,2000,,8525298,0,
1579,4,195,2000,,8525298,0,
1580,4,196,2000,,8525298,0,
1581,4,197,2000,,8525298,0,
1582,4,198,2000,,8525298,0,
1583,4,199,2000,,8525298,0,
1584,4,200,2000,,8525298,0,
1585,4,201,2000,,8525298,0,
1586,4,202,2000,,8525298,0,
1587,4,203,2000,,8525298,0,
1588,4,204,2000,,8525298,0,
1589,4,205,2000,,8525298,0,
1590,4,206,2000,,8525298,0,
1591,4,207,2000,,8525298,0,
1592,4,208,2000,,8525298,0,
1593,4,209,2000,,8525298,0,
1594,4,210,2000,,8525298,0,
1595,4,211,2000,,8525298,0,
1596,4,212,2000,,8525298,0,
1597,4,213,2000,,8525298,0,
1598,4,214,2000,,8525298,0,
1599,4,215,2000,,8525298,0,
1600,4,216,2000,,8525298,0,
1601,4,217,2000,,8525298,0,
1602,4,218,2000,,8525298,0,
1603,4,219,2000,,8525298,0,
1604,4,220,2000,,8525298,0,
1605,4,221,2000,,8525298,0,
1606,4,222,2000,,8525298,0,
1607,4,223,2000,,8525298,0,
1608,4,224,2000,,8525298,0,
1609,4,225,2000,,8525298,0,
1610,4,226,2000,,8525298,0,
1611,4,227,2000,,8525298,0,
1612,4,228,2000,,8525298,0,
1613,4,229,2000,,8525298,0,
1614,4,230,2000,,8525298,0,
1615,4,231,2000,,8525298,0,
1616,4,232,2000,,8525298,0,
1617,4,233,2000,,8525298,0,
1618,4,234,2000,,8525298,0,
1619,4,235,2000,,8525298,0,
1620,4,236,2000,,8525298,0,
1621,4,237,2000,,8525298,0,
1622,4,238,2000,,8525298,0,
1623,4,239,2000,,8525298,0,
1624,4,240,2000,,8525298,0,
1625,4,241,2000,,8525298,0,
1626,4,242,2000,,8525298,0,
1627,4,243,2000,,8525298,0,
1628,4,244,2000,,8525298,0,
1629,4,245,2000,,8525298,0,
1630,4,246,2000,,8525298,0,
1631,4,247,2000,,8525298,0,
1632,4,248,2000,,8525298,0,
1633,4,249,2000,,8525298,0,
1634,4,250,2000,,8525298,0,
1635,4,251,2000,,8525298,0,
1636,4,252,2000,,8525298,0,
1637,4,253,2000,,8525298,0,
1638,4,254,2000,,8525298,0,
1639,4,255,2000,,8525298,0,
1640,4,256,2000,,8525298,0,
1641,4,257,2000,,8525298,0,
1642,4,258,2000,,8525298,0,
1643,4,259,2000,,8525298,0,
1644,4,260,2000,,8525298,0,
1645,4,261,2000,,8525298,0,
1646,4,262,2000,,8525298,0,
1647,4,263,2000,,8525298,0,
1648,4,264,2000,,8525298,0,
1649,4,265,2000,,8525298,0,
1650,4,266,2000,,8525298,0,
1651,4,267,2000,,8525298,0,
1652,4,268,2000,,8525298,0,
1653,4,269,2000,,8525298,0,
1654,4,270,2000,,8525298,0,
1655,4,271,2000,,8525298,0,
1656,4,272,2000,,8525298,0,
1657,4,273,2000,,8525298,0,
1658,4,274,2000,,8525298,0,
1659,4,275,2000,,8525298,0,
1660,4,276,2000,,8525298,0,
1661,4,277,2000,,8525298,0,
1662,4,278,2000,,8525298,0,
1663,4,279,2000,,8525298,0,
1664,4,280,2000,,8525298,0,
1665,4,281,2000,,8525298,0,
1666,4,282,2000,,8525298,0,
1667,4,283,2000,,8525298,0,
1668,4,284,2000,,8525298,0,
1669,4,285,2000,,8525298,0,
1670,4,286,2000,,8525298,0,
1671,4,287,2000,,8525298,0,
1672,4,288,2000,,8525298,0,
1673,4,289,2000,,8525298,0,
1674,4,290,2000,,8525298,0,
1675,4,291,2000,,8525298,0,
1676,4,292,2000,,8525298,0,
1677,4,293,2000,,8525298,0,
1678,4,294,2000,,8525298,0,
1679,4,295,2000,,8525298,0,
1680,4,296,2000,,8525298,0,
1681,4,297,2000,,8525298,0,
1682,4,298,2000,,8525298,0,
1683,4,299,2000,,8525298,0,
1684,4,300,2000,,8525298,0,
1685,4,301,2000,,8525298,0,
1686,4,302,2000,,8525298,0,
1687,4,303,2000,,8525298,0,
1688,4,304,2000,,8525298,0,
1689,4,305,2000,,8525298,0,
1690,4,306,2000,,8525298,0,
1691,4,307,2000,,8525298,0,
1692,4,308,2000,,8525298,0,
1693,4,309,2000,,8525298,0,
1694,4,310,2000,,8525298,0,
1695,4,311,2000,,8525298,0,
1696,4,312,2000,,8525298,0,
1697,4,313,2000,,8525298,0,
1698,4,314,2000,,8525298,0,
1699,4,315,2000,,8525298,0,
1700,4,316,2000,,8525298,0,
1701,4,317,2000,,8525298,0,
1702,4,318,2000,,8525298,0,
1703,4,319,2000,,8525298,0,
1704,4,320,2000,,8525298,0,
1705,4,321,2000,,8525298,0,
1706,4,322,2000,,8525298,0,
1707,4,323,2000,,8525298,0,
1708,4,324,2000,,8525298,0,
1709,4,325,2000,,8525298,0,
1710,4,326,2000,,8525298,0,
1711,4,327,2000,,8525298,0,
1712,4,328,2000,,8525298,0,
1713,4,329,2000,,8525298,0,
1714,4,330,2000,,8525298,0,
1715,4,331,2000,,8525298,0,
1716,4,332,2000,,8525298,0,
1717,4,333,2000,,8525298,0,
1718,4,334,2000,,8525298,0,
1719,4,335,2000,,8525298,0,
1720,4,336,2000,,8525298,0,
1721,4,337,2000,,8525298,0,
1722,4,338,2000,,8525298,0,
1723,4,339,2000,,8525298,0,
1724,4,340,2000,,8525298,0,
1725,4,341,2000,,8525298,0,
1726,4,342,2000,,8525298,0,
1727,4,343,2000,,8525298,0,
1728,4,344,2000,,8525298,0,
1729,4,345,2000,,8525298,0,
1730,4,346,2000,,8525298,0,
1731,4,347,2000,,8525298,0,
1732,4,348,2000,,8525298,0,
1733,4,349,2000,,8525298,0,
1734,4,350,2000,,8525298,0,
1735,4,351,2000,,8525298,0,
1736,4,352,2000,,8525298,0,
1737,4,353,2000,,8525298,0,
1738,4,354,2000,,8525298,0,
1739,4,355,2000,,8525298,0,
1740,4,356,2000,,8525298,0,
1741,4,357,2000,,8525298,0,
1742,4,358,2000,,8525298,0,
1743,4,359,2000,,8525298,0,
1744,4,360,2000,,8525298,0,
1745,4,361,2000,,8525298,0,
1746,4,362,2000,,8525298,0,
1747,4,363,2000,,8525298,0,
1748,4,364,2000,,8525298,0,
1749,4,365,2000,,8525298,0,
1750,4,366,2000,,8525298,0,
1751,4,367,2000,,8525298,0,
1752,4,368,2000,,8525298,0,
1753,4,369,2000,,8525298,0,
1754,4,370,2000,,8525298,0,
1755,4,371,2000,,8525298,0,
1756,4,372,2000,,8525298,0,
1757,4,373,2000,,8525298,0,
1758,4,374,2000,,8525298,0,
1759,4,375,2000,,8525298,0,
1760,4,376,2000,,8525298,0,
1761,4,377,2000,,8525298,0,
1762,4,378,2000,,8525298,0,
1763,4,379,2000,,8525298,0,
1764,4,380,2000,,8525298,0,
1765,4,381,2000,,8525298,0,
1766,4,382,2000,,8525298,0,
1767,4,383,2000,,8525298,0,
1768,4,384,2000,,8525298,0,
1769,4,385,2000,,8525298,0,
1770,4,386,2000,,8525298,0,
1771,4,387,2000,,8525298,0,
1772,4,388,2000,,8525298,0,
1773,4,389,2000,,8525298,0,
1774,4,390,2000,,8525298,0,
1775,4,391,2000,,8525298,0,
1776,4,392,2000,,8525298,0,
1777,4,393,2000,,8525298,0,
1778,4,394,2000,,8525298,0,
1779,4,395,2000,,8525298,0,
1780,4,396,2000,,8525298,0,
1781,4,397,2000,,8525298,0,
1782,4,398,2000,,8525298,0,
1783,4,399,2000,,8525298,0,
1784,4,400,2000,,8525298,0,
1785,4,401,2000,,8525298,0,
1786,4,402,2000,,8525298,0,
1787,4,403,2000,,8525298,0,
1788,4,404,2000,,8525298,0,
1789,4,405,2000,,8525298,0,
1790,4,406,2000,,8525298,0,
1791,4,407,2000,,8525298,0,
1792,4,408,2000,,8525298,0,
1793,4,409,2000,,8525298,0,
1794,4,410,2000,,8525298,0,
1795,4,411,2000,,8525298,0,
1796,4,412,2000,,8525298,0,
1797,4,413,2000,,8525298,0,
1798,4,414,2000,,8525298,0,
1799,4,415,2000,,8525298,0,
1800,4,416,2000,,8525298,0,
1801,4,417,2000,,8525298,0,
1802,4,418,2000,,8525298,0,
1803,4,419,2000,,8525298,0,
1804,4,420,2000,,8525298,0,
1805,4,421,2000,,8525298,0,
1806,4,422,2000,,8525298,0,
1807,4,423,2000,,8525298,0,
1808,4,424,2000,,8525298,0,
1809,4,425,2000,,8525298,0,
1810,4,426,2000,,8525298,0,
1811,4,427,2000,,8525298,0,
1812,4,428,2000,,8525298,0,
1813,4,429,2000,,8525298,0,
1814,4,430,2000,,8525298,0,
1815,4,431,2000,,8525298,0,
1816,4,432,2000,,8525298,0,
1817,4,433,2000,,8525298,0,
1818,4,434,2000,,8525298,0,
1819,4,435,2000,,8525298,0,
1820,4,436,2000,,8525298,0,
1821,4,437,2000,,8525298,0,
1822,4,438,2000,,8525298,0,
1823,4,439,2000,,8525298,0,
1824,4,440,2000,,8525298,0,
1825,4,441,2000,,8525298,0,
1826,4,442,2000,,8525298,0,
1827,4,443,2000,,8525298,0,
1828,4,444,2000,,8525298,0,
1829,4,445,2000,,8525298,0,
1830,4,446,2000,,8525298,0,
1831,4,447,2000,,8525298,0,
1832,4,448,2000,,8525298,0,
1833,4,449,2000,,8525298,0,
1834,4,450,2000,,8525298,0,
1835,4,451,2000,,8525298,0,
1836,4,452,2000,,8525298,0,
1837,4,453,2000,,8525298,0,
1838,4,454,2000,,8525298,0,
1839,4,455,2000,,8525298,0,
1840,4,456,2000,,8525298,0,
1841,4,457,2000,,8525298,0,
1842,4,458,2000,,8525298,0,
1843,4,459,2000,,8525298,0,
1844,4,460,2000,,8525298,0,
1845,4,461,2000,,8525298,0,
1846,4,462,2000,,8525298,0,
1847,4,463,2000,,8525298,0,
1848,4,464,2000,,8525298,0,
1849,4,465,2000,,8525298,0,
1850,4,466,2000,,8525298,0,
1851,4,467,2000,,8525298,0,
1852,4,468,2000,,8525298,0,
1853,4,469,2000,,8525298,0,
1854,4,470,2000,,8525298,0,
1855,4,471,2000,,8525298,0,
1856,4,472,2000,,8525298,0,
1857,4,473,2000,,8525298,0,
1858,4,474,2000,,8525298,0,
1859,4,475,2000,,8525298,0,
1860,4,476,2000,,8525298,0,
1861,4,477,2000,,8525298,0,
1862,4,478,2000,,8525298,0,
1863,4,479,2000,,8525298,0,
1864,4,480,2000,,8525298,0,
1865,4,481,2000,,8525298,0,
1866,4,482,2000,,8525298,0,
1867,4,483,2000,,8525298,0,
1868,4,484,2000,,8525298,0,
1869,4,485,2000,,8525298,0,
1870,4,486,2000,,8525298,0,
1871,4,487,2000,,8525298,0,
1872,4,488,2000,,8525298,0,
1873,4,489,2000,,8525298,0,
1874,4,490,2000,,8525298,0,
1875,4,491,2000,,8525298,0,
1876,4,492,2000,,8525298,0,
1877,4,493,2000,,8525298,0,
1878,4,494,2000,,8525298,0,
1879,4,495,2000,,8525298,0,
1880,4,496,2000,,8525298,0,
1881,4,497,2000,,8525298,0,
1882,4,498,2000,,8525298,0,
1883,4,499,2000,,8525298,0,
1884,4,500,2000,,8525298,0,
1885,4,501,2000,,8525298,0,
1886,4,502,2000,,8525298,0,
1887,4,503,2000,,8525298,0,
1888,4,504,2000,,8525298,0,
1889,4,505,2000,,8525298,0,
1890,4,506,2000,,8525298,0,
1891,4,507,2000,,8525298,0,
1892,4,508,2000,,8525298,0,
1893,4,509,2000,,8525298,0,
1894,4,510,2000,,8525298,0,
1895,4,511,2000,,8525298,0,
1896,4,512,2000,,8525298,0,
1897,4,513,2000,,8525298,0,
1898,4,514,2000,,8525298,0,
1899,4,515,2000,,8525298,0,
1900,4,516,2000,,8525298,0,
1901,4,517,2000,,8525298,0,
1902,4,518,2000,,8525298,0,
1903,4,519,2000,,8525298,0,
1904,4,520,2000,,8525298,0,
1905,4,521,2000,,8525298,0,
1906,4,522,2000,,8525298,0,
1907,4,523,2000,,8525298,0,
1908,4,524,2000,,8525298,0,
1909,4,525,2000,,8525298,0,
1910,4,526,2000,,8525298,0,
1911,4,527,2000,,8525298,0,
1912,4,528,2000,,8525298,0,
1913,4,529,2000,,8525298,0,
1914,4,530,2000,,8525298,0,
1915,4,531,2000,,8525298,0,
1916,4,532,2000,,8525298,0,
1917,4,533,2000,,8525298,0,
1918,4,534,2000,,8525298,0,
1919,4,535,2000,,8525298,0,
1920,4,536,2000,,8525298,0,
1921,5,1,2000,8525401,8525600,0,
1922,5,2,2000,8525402,8525601,0,
1923,5,3,2000,8525403,8525602,0,
1924,5,4,2000,8525404,8525603,0,
1925,5,5,2000,8525405,8525604,0,
1926,5,6,2000,8525406,8525605,0,
1927,5,7,2000,8525407,8525606,0,
1928,5,8,2000,8525408,8525607,0,
1929,5,9,2000,8525409,8525608,0,
1930,5,10,2000,8525410,8525609,1,
1931,5,11,2000,8525411,8525610,0,
1932,5,12,2000,8525412,8525611,0,
1933,5,13,2000,8525413,8525612,0,
1934,5,14,2000,8525414,8525613,0,
1935,5,15,2000,8525415,8525614,0,
1936,5,16,2000,8525416,8525615,0,
1937,5,17,2000,8525417,8525616,0,
1938,5,18,2000,8525418,8525617,0,
1939,5,19,2000,8525419,8525618,0,
1940,5,20,2000,8525420,8525619,1,
1941,5,21,2000,8525421,8525620,0,
1942,5,22,2000,8525422,8525621,0,
1943,5,23,2000,8525423,8525622,0,
1944,5,24,2000,8525424,8525623,0,
1945,5,25,2000,8525425,8525624,1,
1946,5,26,2000,8525426,8525625,0,
1947,5,27,2000,8525427,8525626,0,
1948,5,28,2000,8525428,8525627,0,
1949,5,29,2000,8525429,8525628,0,
1950,5,30,2000,8525430,8525629,1,
1951,5,31,2000,8525431,8525630,0,
1952,5,32,2000,8525432,8525631,0,
1953,5,33,2000,8525433,8525632,0,
1954,5,34,2000,8525434,8525633,0,
1955,5,35,2000,8525435,8525634,0,
1956,5,36,2000,8525436,8525635,0,
1957,5,37,2000,8525437,8525636,0,
1958,5,38,2000,8525438,8525637,0,
1959,5,39,2000,8525439,8525638,0,
1960,5,40,2000,8525440,8525639,1,
1961,5,41,2000,8525441,8525640,0,
1962,5,42,2000,8525442,8525641,0,
1963,5,43,2000,8525443,8525642,0,
1964,5,44,2000,8525444,8525643,0,
1965,5,45,2000,8525445,8525644,0,
1966,5,46,2000,8525446,8525645,0,
1967,5,47,2000,8525447,8525646,0,
1968,5,48,2000,8525448,8525647,0,
1969,5,49,2000,8525449,8525648,0,
1970,5,50,2000,8525450,8525649,1,
1971,5,51,2000,8525451,8525650,0,
1972,5,52,2000,8525452,8525651,0,
1973,5,53,2000,8525453,8525652,0,
1974,5,54,2000,8525454,8525653,0,
1975,5,55,2000,8525455,8525654,0,
1976,5,56,2000,8525456,8525655,0,
1977,5,57,2000,8525457,8525656,0,
1978,5,58,2000,8525458,8525657,0,
1979,5,59,2000,8525459,8525658,0,
1980,5,60,2000,8525460,8525659,1,
1981,5,61,2000,8525461,8525660,0,
1982,5,62,2000,8525462,8525661,0,
1983,5,63,2000,8525463,8525662,0,
1984,5,64,2000,8525464,8525663,0,
1985,5,65,2000,8525465,8525664,0,
1986,5,66,2000,8525466,8525665,0,
1987,5,67,2000,8525467,8525666,0,
1988,5,68,2000,8525468,8525667,0,
1989,5,69,2000,8525469,8525668,0,
1990,5,70,2000,8525470,8525669,1,
1991,5,71,2000,8525471,8525670,0,
1992,5,72,2000,8525472,8525671,0,
1993,5,73,2000,8525473,8525672,0,
1994,5,74,2000,8525474,8525673,0,
1995,5,75,2000,8525475,8525674,0,
1996,5,76,2000,8525476,8525675,0,
1997,5,77,2000,8525477,8525676,0,
1998,5,78,2000,8525478,8525677,0,
1999,5,79,2000,8525479,8525678,0,
2000,5,80,2000,8525480,8525679,1,
2001,5,81,2000,8525481,8525680,0,
2002,5,82,2000,8525482,8525681,0,
2003,5,83,2000,8525483,8525682,0,
2004,5,84,2000,8525484,8525683,0,
2005,5,85,2000,8525485,8525684,1,
2006,5,86,2000,8525486,8525685,0,
2007,5,87,2000,8525487,8525686,0,
2008,5,88,2000,8525488,8525687,0,
2009,5,89,2000,8525489,8525688,0,
2010,5,90,2000,8525490,8525689,1,
2011,5,91,2000,,8525690,0,
2012,5,92,2000,,8525691,0,
2013,5,93,2000,,8525692,0,
2014,5,94,2000,,8525693,0,
2015,5,95,2000,,8525694,0,
2016,5,96,2000,,8525695,0,
2017,5,97,2000,,8525696,0,
2018,5,98,2000,,8525697,0,
2019,5,99,2000,,8525698,0,
2020,5,100,2000,,8525699,1,1010070|1010071
2021,5,101,2000,,8525698,0,
2022,5,102,2000,,8525698,0,
2023,5,103,2000,,8525698,0,
2024,5,104,2000,,8525698,0,
2025,5,105,2000,,8525698,0,
2026,5,106,2000,,8525698,0,
2027,5,107,2000,,8525698,0,
2028,5,108,2000,,8525698,0,
2029,5,109,2000,,8525698,0,
2030,5,110,2000,,8525698,0,
2031,5,111,2000,,8525698,0,
2032,5,112,2000,,8525698,0,
2033,5,113,2000,,8525698,0,
2034,5,114,2000,,8525698,0,
2035,5,115,2000,,8525698,0,
2036,5,116,2000,,8525698,0,
2037,5,117,2000,,8525698,0,
2038,5,118,2000,,8525698,0,
2039,5,119,2000,,8525698,0,
2040,5,120,2000,,8525698,0,
2041,5,121,2000,,8525698,0,
2042,5,122,2000,,8525698,0,
2043,5,123,2000,,8525698,0,
2044,5,124,2000,,8525698,0,
2045,5,125,2000,,8525698,0,
2046,5,126,2000,,8525698,0,
2047,5,127,2000,,8525698,0,
2048,5,128,2000,,8525698,0,
2049,5,129,2000,,8525698,0,
2050,5,130,2000,,8525698,0,
2051,5,131,2000,,8525698,0,
2052,5,132,2000,,8525698,0,
2053,5,133,2000,,8525698,0,
2054,5,134,2000,,8525698,0,
2055,5,135,2000,,8525700,1,
2056,5,136,2000,,8525698,0,
2057,5,137,2000,,8525698,0,
2058,5,138,2000,,8525698,0,
2059,5,139,2000,,8525698,0,
2060,5,140,2000,,8525698,0,
2061,5,141,2000,,8525698,0,
2062,5,142,2000,,8525698,0,
2063,5,143,2000,,8525698,0,
2064,5,144,2000,,8525698,0,
2065,5,145,2000,,8525698,0,
2066,5,146,2000,,8525698,0,
2067,5,147,2000,,8525698,0,
2068,5,148,2000,,8525698,0,
2069,5,149,2000,,8525698,0,
2070,5,150,2000,,8525701,1,
2071,5,151,2000,,8525698,0,
2072,5,152,2000,,8525698,0,
2073,5,153,2000,,8525698,0,
2074,5,154,2000,,8525698,0,
2075,5,155,2000,,8525698,0,
2076,5,156,2000,,8525698,0,
2077,5,157,2000,,8525698,0,
2078,5,158,2000,,8525698,0,
2079,5,159,2000,,8525698,0,
2080,5,160,2000,,8525698,0,
2081,5,161,2000,,8525698,0,
2082,5,162,2000,,8525698,0,
2083,5,163,2000,,8525698,0,
2084,5,164,2000,,8525698,0,
2085,5,165,2000,,8525698,0,
2086,5,166,2000,,8525698,0,
2087,5,167,2000,,8525698,0,
2088,5,168,2000,,8525698,0,
2089,5,169,2000,,8525698,0,
2090,5,170,2000,,8525698,0,
2091,5,171,2000,,8525698,0,
2092,5,172,2000,,8525698,0,
2093,5,173,2000,,8525698,0,
2094,5,174,2000,,8525698,0,
2095,5,175,2000,,8525698,0,
2096,5,176,2000,,8525698,0,
2097,5,177,2000,,8525698,0,
2098,5,178,2000,,8525698,0,
2099,5,179,2000,,8525698,0,
2100,5,180,2000,,8525698,0,
2101,5,181,2000,,8525698,0,
2102,5,182,2000,,8525698,0,
2103,5,183,2000,,8525698,0,
2104,5,184,2000,,8525698,0,
2105,5,185,2000,,8525698,0,
2106,5,186,2000,,8525698,0,
2107,5,187,2000,,8525698,0,
2108,5,188,2000,,8525698,0,
2109,5,189,2000,,8525698,0,
2110,5,190,2000,,8525698,0,
2111,5,191,2000,,8525698,0,
2112,5,192,2000,,8525698,0,
2113,5,193,2000,,8525698,0,
2114,5,194,2000,,8525698,0,
2115,5,195,2000,,8525698,0,
2116,5,196,2000,,8525698,0,
2117,5,197,2000,,8525698,0,
2118,5,198,2000,,8525698,0,
2119,5,199,2000,,8525698,0,
2120,5,200,2000,,8525698,0,
2121,5,201,2000,,8525698,0,
2122,5,202,2000,,8525698,0,
2123,5,203,2000,,8525698,0,
2124,5,204,2000,,8525698,0,
2125,5,205,2000,,8525698,0,
2126,5,206,2000,,8525698,0,
2127,5,207,2000,,8525698,0,
2128,5,208,2000,,8525698,0,
2129,5,209,2000,,8525698,0,
2130,5,210,2000,,8525698,0,
2131,5,211,2000,,8525698,0,
2132,5,212,2000,,8525698,0,
2133,5,213,2000,,8525698,0,
2134,5,214,2000,,8525698,0,
2135,5,215,2000,,8525698,0,
2136,5,216,2000,,8525698,0,
2137,5,217,2000,,8525698,0,
2138,5,218,2000,,8525698,0,
2139,5,219,2000,,8525698,0,
2140,5,220,2000,,8525698,0,
2141,5,221,2000,,8525698,0,
2142,5,222,2000,,8525698,0,
2143,5,223,2000,,8525698,0,
2144,5,224,2000,,8525698,0,
2145,5,225,2000,,8525698,0,
2146,5,226,2000,,8525698,0,
2147,5,227,2000,,8525698,0,
2148,5,228,2000,,8525698,0,
2149,5,229,2000,,8525698,0,
2150,5,230,2000,,8525698,0,
2151,5,231,2000,,8525698,0,
2152,5,232,2000,,8525698,0,
2153,5,233,2000,,8525698,0,
2154,5,234,2000,,8525698,0,
2155,5,235,2000,,8525698,0,
2156,5,236,2000,,8525698,0,
2157,5,237,2000,,8525698,0,
2158,5,238,2000,,8525698,0,
2159,5,239,2000,,8525698,0,
2160,5,240,2000,,8525698,0,
2161,5,241,2000,,8525698,0,
2162,5,242,2000,,8525698,0,
2163,5,243,2000,,8525698,0,
2164,5,244,2000,,8525698,0,
2165,5,245,2000,,8525698,0,
2166,5,246,2000,,8525698,0,
2167,5,247,2000,,8525698,0,
2168,5,248,2000,,8525698,0,
2169,5,249,2000,,8525698,0,
2170,5,250,2000,,8525698,0,
2171,5,251,2000,,8525698,0,
2172,5,252,2000,,8525698,0,
2173,5,253,2000,,8525698,0,
2174,5,254,2000,,8525698,0,
2175,5,255,2000,,8525698,0,
2176,5,256,2000,,8525698,0,
2177,5,257,2000,,8525698,0,
2178,5,258,2000,,8525698,0,
2179,5,259,2000,,8525698,0,
2180,5,260,2000,,8525698,0,
2181,5,261,2000,,8525698,0,
2182,5,262,2000,,8525698,0,
2183,5,263,2000,,8525698,0,
2184,5,264,2000,,8525698,0,
2185,5,265,2000,,8525698,0,
2186,5,266,2000,,8525698,0,
2187,5,267,2000,,8525698,0,
2188,5,268,2000,,8525698,0,
2189,5,269,2000,,8525698,0,
2190,5,270,2000,,8525698,0,
2191,5,271,2000,,8525698,0,
2192,5,272,2000,,8525698,0,
2193,5,273,2000,,8525698,0,
2194,5,274,2000,,8525698,0,
2195,5,275,2000,,8525698,0,
2196,5,276,2000,,8525698,0,
2197,5,277,2000,,8525698,0,
2198,5,278,2000,,8525698,0,
2199,5,279,2000,,8525698,0,
2200,5,280,2000,,8525698,0,
2201,5,281,2000,,8525698,0,
2202,5,282,2000,,8525698,0,
2203,5,283,2000,,8525698,0,
2204,5,284,2000,,8525698,0,
2205,5,285,2000,,8525698,0,
2206,5,286,2000,,8525698,0,
2207,5,287,2000,,8525698,0,
2208,5,288,2000,,8525698,0,
2209,5,289,2000,,8525698,0,
2210,5,290,2000,,8525698,0,
2211,5,291,2000,,8525698,0,
2212,5,292,2000,,8525698,0,
2213,5,293,2000,,8525698,0,
2214,5,294,2000,,8525698,0,
2215,5,295,2000,,8525698,0,
2216,5,296,2000,,8525698,0,
2217,5,297,2000,,8525698,0,
2218,5,298,2000,,8525698,0,
2219,5,299,2000,,8525698,0,
2220,5,300,2000,,8525698,0,
2221,5,301,2000,,8525698,0,
2222,5,302,2000,,8525698,0,
2223,5,303,2000,,8525698,0,
2224,5,304,2000,,8525698,0,
2225,5,305,2000,,8525698,0,
2226,5,306,2000,,8525698,0,
2227,5,307,2000,,8525698,0,
2228,5,308,2000,,8525698,0,
2229,5,309,2000,,8525698,0,
2230,5,310,2000,,8525698,0,
2231,5,311,2000,,8525698,0,
2232,5,312,2000,,8525698,0,
2233,5,313,2000,,8525698,0,
2234,5,314,2000,,8525698,0,
2235,5,315,2000,,8525698,0,
2236,5,316,2000,,8525698,0,
2237,5,317,2000,,8525698,0,
2238,5,318,2000,,8525698,0,
2239,5,319,2000,,8525698,0,
2240,5,320,2000,,8525698,0,
2241,5,321,2000,,8525698,0,
2242,5,322,2000,,8525698,0,
2243,5,323,2000,,8525698,0,
2244,5,324,2000,,8525698,0,
2245,5,325,2000,,8525698,0,
2246,5,326,2000,,8525698,0,
2247,5,327,2000,,8525698,0,
2248,5,328,2000,,8525698,0,
2249,5,329,2000,,8525698,0,
2250,5,330,2000,,8525698,0,
2251,5,331,2000,,8525698,0,
2252,5,332,2000,,8525698,0,
2253,5,333,2000,,8525698,0,
2254,5,334,2000,,8525698,0,
2255,5,335,2000,,8525698,0,
2256,5,336,2000,,8525698,0,
2257,5,337,2000,,8525698,0,
2258,5,338,2000,,8525698,0,
2259,5,339,2000,,8525698,0,
2260,5,340,2000,,8525698,0,
2261,5,341,2000,,8525698,0,
2262,5,342,2000,,8525698,0,
2263,5,343,2000,,8525698,0,
2264,5,344,2000,,8525698,0,
2265,5,345,2000,,8525698,0,
2266,5,346,2000,,8525698,0,
2267,5,347,2000,,8525698,0,
2268,5,348,2000,,8525698,0,
2269,5,349,2000,,8525698,0,
2270,5,350,2000,,8525698,0,
2271,5,351,2000,,8525698,0,
2272,5,352,2000,,8525698,0,
2273,5,353,2000,,8525698,0,
2274,5,354,2000,,8525698,0,
2275,5,355,2000,,8525698,0,
2276,5,356,2000,,8525698,0,
2277,5,357,2000,,8525698,0,
2278,5,358,2000,,8525698,0,
2279,5,359,2000,,8525698,0,
2280,5,360,2000,,8525698,0,
2281,5,361,2000,,8525698,0,
2282,5,362,2000,,8525698,0,
2283,5,363,2000,,8525698,0,
2284,5,364,2000,,8525698,0,
2285,5,365,2000,,8525698,0,
2286,5,366,2000,,8525698,0,
2287,5,367,2000,,8525698,0,
2288,5,368,2000,,8525698,0,
2289,5,369,2000,,8525698,0,
2290,5,370,2000,,8525698,0,
2291,5,371,2000,,8525698,0,
2292,5,372,2000,,8525698,0,
2293,5,373,2000,,8525698,0,
2294,5,374,2000,,8525698,0,
2295,5,375,2000,,8525698,0,
2296,5,376,2000,,8525698,0,
2297,5,377,2000,,8525698,0,
2298,5,378,2000,,8525698,0,
2299,5,379,2000,,8525698,0,
2300,5,380,2000,,8525698,0,
2301,5,381,2000,,8525698,0,
2302,5,382,2000,,8525698,0,
2303,5,383,2000,,8525698,0,
2304,5,384,2000,,8525698,0,
2305,5,385,2000,,8525698,0,
2306,5,386,2000,,8525698,0,
2307,5,387,2000,,8525698,0,
2308,5,388,2000,,8525698,0,
2309,5,389,2000,,8525698,0,
2310,5,390,2000,,8525698,0,
2311,5,391,2000,,8525698,0,
2312,5,392,2000,,8525698,0,
2313,5,393,2000,,8525698,0,
2314,5,394,2000,,8525698,0,
2315,5,395,2000,,8525698,0,
2316,5,396,2000,,8525698,0,
2317,5,397,2000,,8525698,0,
2318,5,398,2000,,8525698,0,
2319,5,399,2000,,8525698,0,
2320,5,400,2000,,8525698,0,
2321,5,401,2000,,8525698,0,
2322,5,402,2000,,8525698,0,
2323,5,403,2000,,8525698,0,
2324,5,404,2000,,8525698,0,
2325,5,405,2000,,8525698,0,
2326,5,406,2000,,8525698,0,
2327,5,407,2000,,8525698,0,
2328,5,408,2000,,8525698,0,
2329,5,409,2000,,8525698,0,
2330,5,410,2000,,8525698,0,
2331,5,411,2000,,8525698,0,
2332,5,412,2000,,8525698,0,
2333,5,413,2000,,8525698,0,
2334,5,414,2000,,8525698,0,
2335,5,415,2000,,8525698,0,
2336,5,416,2000,,8525698,0,
2337,5,417,2000,,8525698,0,
2338,5,418,2000,,8525698,0,
2339,5,419,2000,,8525698,0,
2340,5,420,2000,,8525698,0,
2341,5,421,2000,,8525698,0,
2342,5,422,2000,,8525698,0,
2343,5,423,2000,,8525698,0,
2344,5,424,2000,,8525698,0,
2345,5,425,2000,,8525698,0,
2346,5,426,2000,,8525698,0,
2347,5,427,2000,,8525698,0,
2348,5,428,2000,,8525698,0,
2349,5,429,2000,,8525698,0,
2350,5,430,2000,,8525698,0,
2351,5,431,2000,,8525698,0,
2352,5,432,2000,,8525698,0,
2353,5,433,2000,,8525698,0,
2354,5,434,2000,,8525698,0,
2355,5,435,2000,,8525698,0,
2356,5,436,2000,,8525698,0,
2357,5,437,2000,,8525698,0,
2358,5,438,2000,,8525698,0,
2359,5,439,2000,,8525698,0,
2360,5,440,2000,,8525698,0,
2361,5,441,2000,,8525698,0,
2362,5,442,2000,,8525698,0,
2363,5,443,2000,,8525698,0,
2364,5,444,2000,,8525698,0,
2365,5,445,2000,,8525698,0,
2366,5,446,2000,,8525698,0,
2367,5,447,2000,,8525698,0,
2368,5,448,2000,,8525698,0,
2369,5,449,2000,,8525698,0,
2370,5,450,2000,,8525698,0,
2371,5,451,2000,,8525698,0,
2372,5,452,2000,,8525698,0,
2373,5,453,2000,,8525698,0,
2374,5,454,2000,,8525698,0,
2375,5,455,2000,,8525698,0,
2376,5,456,2000,,8525698,0,
2377,5,457,2000,,8525698,0,
2378,5,458,2000,,8525698,0,
2379,5,459,2000,,8525698,0,
2380,5,460,2000,,8525698,0,
2381,5,461,2000,,8525698,0,
2382,5,462,2000,,8525698,0,
2383,5,463,2000,,8525698,0,
2384,5,464,2000,,8525698,0,
2385,5,465,2000,,8525698,0,
2386,5,466,2000,,8525698,0,
2387,5,467,2000,,8525698,0,
2388,5,468,2000,,8525698,0,
2389,5,469,2000,,8525698,0,
2390,5,470,2000,,8525698,0,
2391,5,471,2000,,8525698,0,
2392,5,472,2000,,8525698,0,
2393,5,473,2000,,8525698,0,
2394,5,474,2000,,8525698,0,
2395,5,475,2000,,8525698,0,
2396,5,476,2000,,8525698,0,
2397,5,477,2000,,8525698,0,
2398,5,478,2000,,8525698,0,
2399,5,479,2000,,8525698,0,
2400,5,480,2000,,8525698,0,
2401,5,481,2000,,8525698,0,
2402,5,482,2000,,8525698,0,
2403,5,483,2000,,8525698,0,
2404,5,484,2000,,8525698,0,
2405,5,485,2000,,8525698,0,
2406,5,486,2000,,8525698,0,
2407,5,487,2000,,8525698,0,
2408,5,488,2000,,8525698,0,
2409,5,489,2000,,8525698,0,
2410,5,490,2000,,8525698,0,
2411,5,491,2000,,8525698,0,
2412,5,492,2000,,8525698,0,
2413,5,493,2000,,8525698,0,
2414,5,494,2000,,8525698,0,
2415,5,495,2000,,8525698,0,
2416,5,496,2000,,8525698,0,
2417,5,497,2000,,8525698,0,
2418,5,498,2000,,8525698,0,
2419,5,499,2000,,8525698,0,
2420,5,500,2000,,8525698,0,
2421,5,501,2000,,8525698,0,
2422,5,502,2000,,8525698,0,
2423,5,503,2000,,8525698,0,
2424,5,504,2000,,8525698,0,
2425,5,505,2000,,8525698,0,
2426,5,506,2000,,8525698,0,
2427,5,507,2000,,8525698,0,
2428,5,508,2000,,8525698,0,
2429,5,509,2000,,8525698,0,
2430,5,510,2000,,8525698,0,
2431,5,511,2000,,8525698,0,
2432,5,512,2000,,8525698,0,
2433,5,513,2000,,8525698,0,
2434,5,514,2000,,8525698,0,
2435,5,515,2000,,8525698,0,
2436,5,516,2000,,8525698,0,
2437,5,517,2000,,8525698,0,
2438,5,518,2000,,8525698,0,
2439,5,519,2000,,8525698,0,
2440,5,520,2000,,8525698,0,
2441,5,521,2000,,8525698,0,
2442,5,522,2000,,8525698,0,
2443,5,523,2000,,8525698,0,
2444,5,524,2000,,8525698,0,
2445,5,525,2000,,8525698,0,
2446,5,526,2000,,8525698,0,
2447,5,527,2000,,8525698,0,
2448,5,528,2000,,8525698,0,
2449,5,529,2000,,8525698,0,
2450,5,530,2000,,8525698,0,
2451,5,531,2000,,8525698,0,
2452,5,532,2000,,8525698,0,
2453,5,533,2000,,8525698,0,
2454,5,534,2000,,8525698,0,
2455,5,535,2000,,8525698,0,
2456,5,536,2000,,8525698,0,
2457,6,1,2000,8525801,8525901,0,
2458,6,2,2000,8525802,8525902,0,
2459,6,3,2000,8525803,8525903,0,
2460,6,4,2000,8525804,8525904,0,
2461,6,5,2000,8525805,8525905,0,
2462,6,6,2000,8525806,8525906,0,
2463,6,7,2000,8525807,8525907,0,
2464,6,8,2000,8525808,8525908,0,
2465,6,9,2000,8525809,8525909,0,
2466,6,10,2000,8525810,8525910,1,
2467,6,11,2000,8525811,8525911,0,
2468,6,12,2000,8525812,8525912,0,
2469,6,13,2000,8525813,8525913,0,
2470,6,14,2000,8525814,8525914,0,
2471,6,15,2000,8525815,8525915,0,
2472,6,16,2000,8525816,8525916,0,
2473,6,17,2000,8525817,8525917,0,
2474,6,18,2000,8525818,8525918,0,
2475,6,19,2000,8525819,8525919,0,
2476,6,20,2000,8525820,8525920,1,
2477,6,21,2000,8525821,8525921,0,
2478,6,22,2000,8525822,8525922,0,
2479,6,23,2000,8525823,8525923,0,
2480,6,24,2000,8525824,8525924,0,
2481,6,25,2000,8525825,8525925,1,
2482,6,26,2000,8525826,8525926,0,
2483,6,27,2000,8525827,8525927,0,
2484,6,28,2000,8525828,8525928,0,
2485,6,29,2000,8525829,8525929,0,
2486,6,30,2000,8525830,8525930,1,
2487,6,31,2000,8525831,8525931,0,
2488,6,32,2000,8525832,8525932,0,
2489,6,33,2000,8525833,8525933,0,
2490,6,34,2000,8525834,8525934,0,
2491,6,35,2000,8525835,8525935,0,
2492,6,36,2000,8525836,8525936,0,
2493,6,37,2000,8525837,8525937,0,
2494,6,38,2000,8525838,8525938,0,
2495,6,39,2000,8525839,8525939,0,
2496,6,40,2000,8525840,8525940,1,
2497,6,41,2000,8525841,8525941,0,
2498,6,42,2000,8525842,8525942,0,
2499,6,43,2000,8525843,8525943,0,
2500,6,44,2000,8525844,8525944,0,
2501,6,45,2000,8525845,8525945,0,
2502,6,46,2000,8525846,8525946,0,
2503,6,47,2000,8525847,8525947,0,
2504,6,48,2000,8525848,8525948,0,
2505,6,49,2000,8525849,8525949,0,
2506,6,50,2000,8525850,8525950,1,
2507,6,51,2000,8525851,8525951,0,
2508,6,52,2000,8525852,8525952,0,
2509,6,53,2000,8525853,8525953,0,
2510,6,54,2000,8525854,8525954,0,
2511,6,55,2000,8525855,8525955,0,
2512,6,56,2000,8525856,8525956,0,
2513,6,57,2000,8525857,8525957,0,
2514,6,58,2000,8525858,8525958,0,
2515,6,59,2000,8525859,8525959,0,
2516,6,60,2000,8525860,8525960,1,
2517,6,61,2000,8525861,8525961,0,
2518,6,62,2000,8525862,8525962,0,
2519,6,63,2000,8525863,8525963,0,
2520,6,64,2000,8525864,8525964,0,
2521,6,65,2000,8525865,8525965,0,
2522,6,66,2000,8525866,8525966,0,
2523,6,67,2000,8525867,8525967,0,
2524,6,68,2000,8525868,8525968,0,
2525,6,69,2000,8525869,8525969,0,
2526,6,70,2000,8525870,8525970,1,
2527,6,71,2000,8525871,8525971,0,
2528,6,72,2000,8525872,8525972,0,
2529,6,73,2000,8525873,8525973,0,
2530,6,74,2000,8525874,8525974,0,
2531,6,75,2000,8525875,8525975,0,
2532,6,76,2000,8525876,8525976,0,
2533,6,77,2000,8525877,8525977,0,
2534,6,78,2000,8525878,8525978,0,
2535,6,79,2000,8525879,8525979,0,
2536,6,80,2000,8525880,8525980,1,
2537,6,81,2000,8525881,8525981,0,
2538,6,82,2000,8525882,8525982,0,
2539,6,83,2000,8525883,8525983,0,
2540,6,84,2000,8525884,8525984,0,
2541,6,85,2000,8525885,8525985,1,
2542,6,86,2000,8525886,8525986,0,
2543,6,87,2000,8525887,8525987,0,
2544,6,88,2000,8525888,8525988,0,
2545,6,89,2000,8525889,8525989,0,
2546,6,90,2000,8525890,8525990,1,
2547,6,91,2000,,8525991,0,
2548,6,92,2000,,8525992,0,
2549,6,93,2000,,8525993,0,
2550,6,94,2000,,8525994,0,
2551,6,95,2000,,8525995,0,
2552,6,96,2000,,8525996,0,
2553,6,97,2000,,8525997,0,
2554,6,98,2000,,8525998,0,
2555,6,99,2000,,8525999,0,
2556,6,100,2000,,8526000,1,1010076|1010077
2557,6,101,2000,,8525999,0,
2558,6,102,2000,,8525999,0,
2559,6,103,2000,,8525999,0,
2560,6,104,2000,,8525999,0,
2561,6,105,2000,,8525999,0,
2562,6,106,2000,,8525999,0,
2563,6,107,2000,,8525999,0,
2564,6,108,2000,,8525999,0,
2565,6,109,2000,,8525999,0,
2566,6,110,2000,,8525999,0,
2567,6,111,2000,,8525999,0,
2568,6,112,2000,,8525999,0,
2569,6,113,2000,,8525999,0,
2570,6,114,2000,,8525999,0,
2571,6,115,2000,,8525999,0,
2572,6,116,2000,,8525999,0,
2573,6,117,2000,,8525999,0,
2574,6,118,2000,,8525999,0,
2575,6,119,2000,,8525999,0,
2576,6,120,2000,,8525999,0,
2577,6,121,2000,,8525999,0,
2578,6,122,2000,,8525999,0,
2579,6,123,2000,,8525999,0,
2580,6,124,2000,,8525999,0,
2581,6,125,2000,,8525999,0,
2582,6,126,2000,,8525999,0,
2583,6,127,2000,,8525999,0,
2584,6,128,2000,,8525999,0,
2585,6,129,2000,,8525999,0,
2586,6,130,2000,,8525999,0,
2587,6,131,2000,,8525999,0,
2588,6,132,2000,,8525999,0,
2589,6,133,2000,,8525999,0,
2590,6,134,2000,,8525999,0,
2591,6,135,2000,,8526001,1,
2592,6,136,2000,,8525999,0,
2593,6,137,2000,,8525999,0,
2594,6,138,2000,,8525999,0,
2595,6,139,2000,,8525999,0,
2596,6,140,2000,,8525999,0,
2597,6,141,2000,,8525999,0,
2598,6,142,2000,,8525999,0,
2599,6,143,2000,,8525999,0,
2600,6,144,2000,,8525999,0,
2601,6,145,2000,,8525999,0,
2602,6,146,2000,,8525999,0,
2603,6,147,2000,,8525999,0,
2604,6,148,2000,,8525999,0,
2605,6,149,2000,,8525999,0,
2606,6,150,2000,,8526002,1,
2607,6,151,2000,,8525999,0,
2608,6,152,2000,,8525999,0,
2609,6,153,2000,,8525999,0,
2610,6,154,2000,,8525999,0,
2611,6,155,2000,,8525999,0,
2612,6,156,2000,,8525999,0,
2613,6,157,2000,,8525999,0,
2614,6,158,2000,,8525999,0,
2615,6,159,2000,,8525999,0,
2616,6,160,2000,,8525999,0,
2617,6,161,2000,,8525999,0,
2618,6,162,2000,,8525999,0,
2619,6,163,2000,,8525999,0,
2620,6,164,2000,,8525999,0,
2621,6,165,2000,,8525999,0,
2622,6,166,2000,,8525999,0,
2623,6,167,2000,,8525999,0,
2624,6,168,2000,,8525999,0,
2625,6,169,2000,,8525999,0,
2626,6,170,2000,,8525999,0,
2627,6,171,2000,,8525999,0,
2628,6,172,2000,,8525999,0,
2629,6,173,2000,,8525999,0,
2630,6,174,2000,,8525999,0,
2631,6,175,2000,,8525999,0,
2632,6,176,2000,,8525999,0,
2633,6,177,2000,,8525999,0,
2634,6,178,2000,,8525999,0,
2635,6,179,2000,,8525999,0,
2636,6,180,2000,,8525999,0,
2637,6,181,2000,,8525999,0,
2638,6,182,2000,,8525999,0,
2639,6,183,2000,,8525999,0,
2640,6,184,2000,,8525999,0,
2641,6,185,2000,,8525999,0,
2642,6,186,2000,,8525999,0,
2643,6,187,2000,,8525999,0,
2644,6,188,2000,,8525999,0,
2645,6,189,2000,,8525999,0,
2646,6,190,2000,,8525999,0,
2647,6,191,2000,,8525999,0,
2648,6,192,2000,,8525999,0,
2649,6,193,2000,,8525999,0,
2650,6,194,2000,,8525999,0,
2651,6,195,2000,,8525999,0,
2652,6,196,2000,,8525999,0,
2653,6,197,2000,,8525999,0,
2654,6,198,2000,,8525999,0,
2655,6,199,2000,,8525999,0,
2656,6,200,2000,,8525999,0,
2657,6,201,2000,,8525999,0,
2658,6,202,2000,,8525999,0,
2659,6,203,2000,,8525999,0,
2660,6,204,2000,,8525999,0,
2661,6,205,2000,,8525999,0,
2662,6,206,2000,,8525999,0,
2663,6,207,2000,,8525999,0,
2664,6,208,2000,,8525999,0,
2665,6,209,2000,,8525999,0,
2666,6,210,2000,,8525999,0,
2667,6,211,2000,,8525999,0,
2668,6,212,2000,,8525999,0,
2669,6,213,2000,,8525999,0,
2670,6,214,2000,,8525999,0,
2671,6,215,2000,,8525999,0,
2672,6,216,2000,,8525999,0,
2673,6,217,2000,,8525999,0,
2674,6,218,2000,,8525999,0,
2675,6,219,2000,,8525999,0,
2676,6,220,2000,,8525999,0,
2677,6,221,2000,,8525999,0,
2678,6,222,2000,,8525999,0,
2679,6,223,2000,,8525999,0,
2680,6,224,2000,,8525999,0,
2681,6,225,2000,,8525999,0,
2682,6,226,2000,,8525999,0,
2683,6,227,2000,,8525999,0,
2684,6,228,2000,,8525999,0,
2685,6,229,2000,,8525999,0,
2686,6,230,2000,,8525999,0,
2687,6,231,2000,,8525999,0,
2688,6,232,2000,,8525999,0,
2689,6,233,2000,,8525999,0,
2690,6,234,2000,,8525999,0,
2691,6,235,2000,,8525999,0,
2692,6,236,2000,,8525999,0,
2693,6,237,2000,,8525999,0,
2694,6,238,2000,,8525999,0,
2695,6,239,2000,,8525999,0,
2696,6,240,2000,,8525999,0,
2697,6,241,2000,,8525999,0,
2698,6,242,2000,,8525999,0,
2699,6,243,2000,,8525999,0,
2700,6,244,2000,,8525999,0,
2701,6,245,2000,,8525999,0,
2702,6,246,2000,,8525999,0,
2703,6,247,2000,,8525999,0,
2704,6,248,2000,,8525999,0,
2705,6,249,2000,,8525999,0,
2706,6,250,2000,,8525999,0,
2707,6,251,2000,,8525999,0,
2708,6,252,2000,,8525999,0,
2709,6,253,2000,,8525999,0,
2710,6,254,2000,,8525999,0,
2711,6,255,2000,,8525999,0,
2712,6,256,2000,,8525999,0,
2713,6,257,2000,,8525999,0,
2714,6,258,2000,,8525999,0,
2715,6,259,2000,,8525999,0,
2716,6,260,2000,,8525999,0,
2717,6,261,2000,,8525999,0,
2718,6,262,2000,,8525999,0,
2719,6,263,2000,,8525999,0,
2720,6,264,2000,,8525999,0,
2721,6,265,2000,,8525999,0,
2722,6,266,2000,,8525999,0,
2723,6,267,2000,,8525999,0,
2724,6,268,2000,,8525999,0,
2725,6,269,2000,,8525999,0,
2726,6,270,2000,,8525999,0,
2727,6,271,2000,,8525999,0,
2728,6,272,2000,,8525999,0,
2729,6,273,2000,,8525999,0,
2730,6,274,2000,,8525999,0,
2731,6,275,2000,,8525999,0,
2732,6,276,2000,,8525999,0,
2733,6,277,2000,,8525999,0,
2734,6,278,2000,,8525999,0,
2735,6,279,2000,,8525999,0,
2736,6,280,2000,,8525999,0,
2737,6,281,2000,,8525999,0,
2738,6,282,2000,,8525999,0,
2739,6,283,2000,,8525999,0,
2740,6,284,2000,,8525999,0,
2741,6,285,2000,,8525999,0,
2742,6,286,2000,,8525999,0,
2743,6,287,2000,,8525999,0,
2744,6,288,2000,,8525999,0,
2745,6,289,2000,,8525999,0,
2746,6,290,2000,,8525999,0,
2747,6,291,2000,,8525999,0,
2748,6,292,2000,,8525999,0,
2749,6,293,2000,,8525999,0,
2750,6,294,2000,,8525999,0,
2751,6,295,2000,,8525999,0,
2752,6,296,2000,,8525999,0,
2753,6,297,2000,,8525999,0,
2754,6,298,2000,,8525999,0,
2755,6,299,2000,,8525999,0,
2756,6,300,2000,,8525999,0,
2757,6,301,2000,,8525999,0,
2758,6,302,2000,,8525999,0,
2759,6,303,2000,,8525999,0,
2760,6,304,2000,,8525999,0,
2761,6,305,2000,,8525999,0,
2762,6,306,2000,,8525999,0,
2763,6,307,2000,,8525999,0,
2764,6,308,2000,,8525999,0,
2765,6,309,2000,,8525999,0,
2766,6,310,2000,,8525999,0,
2767,6,311,2000,,8525999,0,
2768,6,312,2000,,8525999,0,
2769,6,313,2000,,8525999,0,
2770,6,314,2000,,8525999,0,
2771,6,315,2000,,8525999,0,
2772,6,316,2000,,8525999,0,
2773,6,317,2000,,8525999,0,
2774,6,318,2000,,8525999,0,
2775,6,319,2000,,8525999,0,
2776,6,320,2000,,8525999,0,
2777,6,321,2000,,8525999,0,
2778,6,322,2000,,8525999,0,
2779,6,323,2000,,8525999,0,
2780,6,324,2000,,8525999,0,
2781,6,325,2000,,8525999,0,
2782,6,326,2000,,8525999,0,
2783,6,327,2000,,8525999,0,
2784,6,328,2000,,8525999,0,
2785,6,329,2000,,8525999,0,
2786,6,330,2000,,8525999,0,
2787,6,331,2000,,8525999,0,
2788,6,332,2000,,8525999,0,
2789,6,333,2000,,8525999,0,
2790,6,334,2000,,8525999,0,
2791,6,335,2000,,8525999,0,
2792,6,336,2000,,8525999,0,
2793,6,337,2000,,8525999,0,
2794,6,338,2000,,8525999,0,
2795,6,339,2000,,8525999,0,
2796,6,340,2000,,8525999,0,
2797,6,341,2000,,8525999,0,
2798,6,342,2000,,8525999,0,
2799,6,343,2000,,8525999,0,
2800,6,344,2000,,8525999,0,
2801,6,345,2000,,8525999,0,
2802,6,346,2000,,8525999,0,
2803,6,347,2000,,8525999,0,
2804,6,348,2000,,8525999,0,
2805,6,349,2000,,8525999,0,
2806,6,350,2000,,8525999,0,
2807,6,351,2000,,8525999,0,
2808,6,352,2000,,8525999,0,
2809,6,353,2000,,8525999,0,
2810,6,354,2000,,8525999,0,
2811,6,355,2000,,8525999,0,
2812,6,356,2000,,8525999,0,
2813,6,357,2000,,8525999,0,
2814,6,358,2000,,8525999,0,
2815,6,359,2000,,8525999,0,
2816,6,360,2000,,8525999,0,
2817,6,361,2000,,8525999,0,
2818,6,362,2000,,8525999,0,
2819,6,363,2000,,8525999,0,
2820,6,364,2000,,8525999,0,
2821,6,365,2000,,8525999,0,
2822,6,366,2000,,8525999,0,
2823,6,367,2000,,8525999,0,
2824,6,368,2000,,8525999,0,
2825,6,369,2000,,8525999,0,
2826,6,370,2000,,8525999,0,
2827,6,371,2000,,8525999,0,
2828,6,372,2000,,8525999,0,
2829,6,373,2000,,8525999,0,
2830,6,374,2000,,8525999,0,
2831,6,375,2000,,8525999,0,
2832,6,376,2000,,8525999,0,
2833,6,377,2000,,8525999,0,
2834,6,378,2000,,8525999,0,
2835,6,379,2000,,8525999,0,
2836,6,380,2000,,8525999,0,
2837,6,381,2000,,8525999,0,
2838,6,382,2000,,8525999,0,
2839,6,383,2000,,8525999,0,
2840,6,384,2000,,8525999,0,
2841,6,385,2000,,8525999,0,
2842,6,386,2000,,8525999,0,
2843,6,387,2000,,8525999,0,
2844,6,388,2000,,8525999,0,
2845,6,389,2000,,8525999,0,
2846,6,390,2000,,8525999,0,
2847,6,391,2000,,8525999,0,
2848,6,392,2000,,8525999,0,
2849,6,393,2000,,8525999,0,
2850,6,394,2000,,8525999,0,
2851,6,395,2000,,8525999,0,
2852,6,396,2000,,8525999,0,
2853,6,397,2000,,8525999,0,
2854,6,398,2000,,8525999,0,
2855,6,399,2000,,8525999,0,
2856,6,400,2000,,8525999,0,
2857,6,401,2000,,8525999,0,
2858,6,402,2000,,8525999,0,
2859,6,403,2000,,8525999,0,
2860,6,404,2000,,8525999,0,
2861,6,405,2000,,8525999,0,
2862,6,406,2000,,8525999,0,
2863,6,407,2000,,8525999,0,
2864,6,408,2000,,8525999,0,
2865,6,409,2000,,8525999,0,
2866,6,410,2000,,8525999,0,
2867,6,411,2000,,8525999,0,
2868,6,412,2000,,8525999,0,
2869,6,413,2000,,8525999,0,
2870,6,414,2000,,8525999,0,
2871,6,415,2000,,8525999,0,
2872,6,416,2000,,8525999,0,
2873,6,417,2000,,8525999,0,
2874,6,418,2000,,8525999,0,
2875,6,419,2000,,8525999,0,
2876,6,420,2000,,8525999,0,
2877,6,421,2000,,8525999,0,
2878,6,422,2000,,8525999,0,
2879,6,423,2000,,8525999,0,
2880,6,424,2000,,8525999,0,
2881,6,425,2000,,8525999,0,
2882,6,426,2000,,8525999,0,
2883,6,427,2000,,8525999,0,
2884,6,428,2000,,8525999,0,
2885,6,429,2000,,8525999,0,
2886,6,430,2000,,8525999,0,
2887,6,431,2000,,8525999,0,
2888,6,432,2000,,8525999,0,
2889,6,433,2000,,8525999,0,
2890,6,434,2000,,8525999,0,
2891,6,435,2000,,8525999,0,
2892,6,436,2000,,8525999,0,
2893,6,437,2000,,8525999,0,
2894,6,438,2000,,8525999,0,
2895,6,439,2000,,8525999,0,
2896,6,440,2000,,8525999,0,
2897,6,441,2000,,8525999,0,
2898,6,442,2000,,8525999,0,
2899,6,443,2000,,8525999,0,
2900,6,444,2000,,8525999,0,
2901,6,445,2000,,8525999,0,
2902,6,446,2000,,8525999,0,
2903,6,447,2000,,8525999,0,
2904,6,448,2000,,8525999,0,
2905,6,449,2000,,8525999,0,
2906,6,450,2000,,8525999,0,
2907,6,451,2000,,8525999,0,
2908,6,452,2000,,8525999,0,
2909,6,453,2000,,8525999,0,
2910,6,454,2000,,8525999,0,
2911,6,455,2000,,8525999,0,
2912,6,456,2000,,8525999,0,
2913,6,457,2000,,8525999,0,
2914,6,458,2000,,8525999,0,
2915,6,459,2000,,8525999,0,
2916,6,460,2000,,8525999,0,
2917,6,461,2000,,8525999,0,
2918,6,462,2000,,8525999,0,
2919,6,463,2000,,8525999,0,
2920,6,464,2000,,8525999,0,
2921,6,465,2000,,8525999,0,
2922,6,466,2000,,8525999,0,
2923,6,467,2000,,8525999,0,
2924,6,468,2000,,8525999,0,
2925,6,469,2000,,8525999,0,
2926,6,470,2000,,8525999,0,
2927,6,471,2000,,8525999,0,
2928,6,472,2000,,8525999,0,
2929,6,473,2000,,8525999,0,
2930,6,474,2000,,8525999,0,
2931,6,475,2000,,8525999,0,
2932,6,476,2000,,8525999,0,
2933,6,477,2000,,8525999,0,
2934,6,478,2000,,8525999,0,
2935,6,479,2000,,8525999,0,
2936,6,480,2000,,8525999,0,
2937,6,481,2000,,8525999,0,
2938,6,482,2000,,8525999,0,
2939,6,483,2000,,8525999,0,
2940,6,484,2000,,8525999,0,
2941,6,485,2000,,8525999,0,
2942,6,486,2000,,8525999,0,
2943,6,487,2000,,8525999,0,
2944,6,488,2000,,8525999,0,
2945,6,489,2000,,8525999,0,
2946,6,490,2000,,8525999,0,
2947,6,491,2000,,8525999,0,
2948,6,492,2000,,8525999,0,
2949,6,493,2000,,8525999,0,
2950,6,494,2000,,8525999,0,
2951,6,495,2000,,8525999,0,
2952,6,496,2000,,8525999,0,
2953,6,497,2000,,8525999,0,
2954,6,498,2000,,8525999,0,
2955,6,499,2000,,8525999,0,
2956,6,500,2000,,8525999,0,
2957,6,501,2000,,8525999,0,
2958,6,502,2000,,8525999,0,
2959,6,503,2000,,8525999,0,
2960,6,504,2000,,8525999,0,
2961,6,505,2000,,8525999,0,
2962,6,506,2000,,8525999,0,
2963,6,507,2000,,8525999,0,
2964,6,508,2000,,8525999,0,
2965,6,509,2000,,8525999,0,
2966,6,510,2000,,8525999,0,
2967,6,511,2000,,8525999,0,
2968,6,512,2000,,8525999,0,
2969,6,513,2000,,8525999,0,
2970,6,514,2000,,8525999,0,
2971,6,515,2000,,8525999,0,
2972,6,516,2000,,8525999,0,
2973,6,517,2000,,8525999,0,
2974,6,518,2000,,8525999,0,
2975,6,519,2000,,8525999,0,
2976,6,520,2000,,8525999,0,
2977,6,521,2000,,8525999,0,
2978,6,522,2000,,8525999,0,
2979,6,523,2000,,8525999,0,
2980,6,524,2000,,8525999,0,
2981,6,525,2000,,8525999,0,
2982,6,526,2000,,8525999,0,
2983,6,527,2000,,8525999,0,
2984,6,528,2000,,8525999,0,
2985,6,529,2000,,8525999,0,
2986,6,530,2000,,8525999,0,
2987,6,531,2000,,8525999,0,
2988,6,532,2000,,8525999,0,
2989,6,533,2000,,8525999,0,
2990,6,534,2000,,8525999,0,
2991,6,535,2000,,8525999,0,
2992,6,536,2000,,8525999,0,
