MonsterID,ProfessionId,Content
怪物ID,职业ID,备注
1001,1000,波利:初心者
1002,1000|2000|3000|4000|5000|7000,绿棉虫:初心者|剑士|服事|魔法师|盗贼|弓箭手
1003,1000|2000|3000|4000|5000|7000,疯兔:初心者|剑士|服事|魔法师|盗贼|弓箭手
1004,1000|2000|3000|4000|5000|7000|6000,虫蛹:初心者|剑士|服事|魔法师|盗贼|弓箭手|商人
1006,1000|2000|3000|4000|5000|7000|6000,蝗虫:初心者|剑士|服事|魔法师|盗贼|弓箭手|商人
1007,1000|2000|2101|2201|3000|3101|3201|4000|4101|5000|5101|7000|7101|6000|6101|7201|7211,蜂兵:初心者|剑士|骑士|十字军|服事|牧师|武僧|魔法师|巫师|盗贼|刺客|弓箭手|猎人|商人|铁匠|诗人|舞娘
1008,1000|2000|3000|4000|5000|7000|6000,小野猪:初心者|剑士|服事|魔法师|盗贼|弓箭手|商人
1009,1000|2000|3000|4000|5000|7000,苍蝇:初心者|剑士|服事|魔法师|盗贼|弓箭手
1010,1000|2000|2101|2201|3000|3101|3201|4000|4101|5000|5101|7000|7101|6000|6101|7201|7211,曼陀罗魔花:初心者|剑士|骑士|十字军|服事|牧师|武僧|魔法师|巫师|盗贼|刺客|弓箭手|猎人|商人|铁匠|诗人|舞娘
1011,1000|2000|3000|4000|5000|7000,克瑞米:初心者|剑士|服事|魔法师|盗贼|弓箭手
1013,1000|2000|2101|2201|3000|3101|3201|4000|4101|5000|5101|7000|7101|6000|6101|7201|7211,刺刀哥布灵:初心者|剑士|骑士|十字军|服事|牧师|武僧|魔法师|巫师|盗贼|刺客|弓箭手|猎人|商人|铁匠|诗人|舞娘
1014,2000|2101|2201|3000|3101|3201|4000|4101|5000|5101|7000|7101|6000|6101|7201|7211,刺锤哥布灵:剑士|骑士|十字军|服事|牧师|武僧|魔法师|巫师|盗贼|刺客|弓箭手|猎人|商人|铁匠|诗人|舞娘
1015,1000|2000|2101|2201|3000|3101|3201|4000|4101|5000|5101|7000|7101|6101|7201|7211,大斧哥布灵:初心者|剑士|骑士|十字军|服事|牧师|武僧|魔法师|巫师|盗贼|刺客|弓箭手|猎人|铁匠|诗人|舞娘
1016,1000|2000|2101|2201|3000|3101|3201|4000|4101|5000|5101|7000|7101|6000|6101|7201|7211,链锤哥布灵:初心者|剑士|骑士|十字军|服事|牧师|武僧|魔法师|巫师|盗贼|刺客|弓箭手|猎人|商人|铁匠|诗人|舞娘
1017,2000|2101|2201|3000|3101|3201|4000|4101|5000|5101|7000|7101|6000|6101|7201|7211,榔头哥布灵:剑士|骑士|十字军|服事|牧师|武僧|魔法师|巫师|盗贼|刺客|弓箭手|猎人|商人|铁匠|诗人|舞娘
1018,1000|2000|2101|2201|3000|3101|3201|4000|4101|5000|5101|7000|7101|6000|6101|7201|7211,弓箭哥布灵:初心者|剑士|骑士|十字军|服事|牧师|武僧|魔法师|巫师|盗贼|刺客|弓箭手|猎人|商人|铁匠|诗人|舞娘
1019,2000|2101|2102|2201|2202|3000|3101|3102|3201|3202|4000|4101|4102|5000|5101|5102|7000|7101|7102|6000|6101|6102|7201|7202|7211|7212,艾吉欧蜈蚣:剑士|骑士|骑士领主|十字军|圣殿十字军|服事|牧师|神官|武僧|武术宗师|魔法师|巫师|超魔导士|盗贼|刺客|十字刺客|弓箭手|猎人|神射手|商人|铁匠|神工匠|诗人|搞笑艺人|舞娘|冷艳舞姬
1020,1000|2000|2101|2201|3000|3101|3201|4000|4101|5000|5101|7000|7101|6000|6101|7201|7211,达拉蛙:初心者|剑士|骑士|十字军|服事|牧师|武僧|魔法师|巫师|盗贼|刺客|弓箭手|猎人|商人|铁匠|诗人|舞娘
1023,1000|2000|2101|2201|3000|3101|3201|4000|4101|5000|5101|7000|7101|6000|6101|7201|7211,狸猫:初心者|剑士|骑士|十字军|服事|牧师|武僧|魔法师|巫师|盗贼|刺客|弓箭手|猎人|商人|铁匠|诗人|舞娘
1024,1000|2000|3000|4000|5000|7000|6000,溜溜猴:初心者|剑士|服事|魔法师|盗贼|弓箭手|商人
1025,1000|2000|3000|4000|5000|7000|6000,罗达蛙:初心者|剑士|服事|魔法师|盗贼|弓箭手|商人
1026,1000|2000|3000|4000|5000|7000,魔菇:初心者|剑士|服事|魔法师|盗贼|弓箭手
1027,1000|2000|3000|4000|5000|7000|6000,森灵:初心者|剑士|服事|魔法师|盗贼|弓箭手|商人
1028,1000|2000|2101|2201|3000|3101|3201|4000|4101|5000|5101|7000|7101|6101|7201|7211,噬人花:初心者|剑士|骑士|十字军|服事|牧师|武僧|魔法师|巫师|盗贼|刺客|弓箭手|猎人|铁匠|诗人|舞娘
1029,1000|2000|3000|4000|5000|7000,树精:初心者|剑士|服事|魔法师|盗贼|弓箭手
1030,1000|2000|2101|2201|3000|3101|3201|4000|4101|5000|5101|7000|7101|6000|6101|7201|7211,松鼠:初心者|剑士|骑士|十字军|服事|牧师|武僧|魔法师|巫师|盗贼|刺客|弓箭手|猎人|商人|铁匠|诗人|舞娘
1031,1000|2000|2101|2102|2201|2202|3000|3101|3102|3201|3202|4000|4101|4102|5000|5101|5102|7000|7101|7102|6101|6102|7201|7202|7211|7212,螳螂:初心者|剑士|骑士|骑士领主|十字军|圣殿十字军|服事|牧师|神官|武僧|武术宗师|魔法师|巫师|超魔导士|盗贼|刺客|十字刺客|弓箭手|猎人|神射手|铁匠|神工匠|诗人|搞笑艺人|舞娘|冷艳舞姬
1033,1000|2000|2101|2201|3000|3101|3201|4000|4101|5000|5101|7000|7101|6000|6101|7201|7211,土拨鼠:初心者|剑士|骑士|十字军|服事|牧师|武僧|魔法师|巫师|盗贼|刺客|弓箭手|猎人|商人|铁匠|诗人|舞娘
1034,1000|2000|2101|2201|3000|3101|3201|4000|4101|5000|5101|7000|7101|6000|6101|7201|7211,狼:初心者|剑士|骑士|十字军|服事|牧师|武僧|魔法师|巫师|盗贼|刺客|弓箭手|猎人|商人|铁匠|诗人|舞娘
1035,2000|2101|2102|2201|2202|3000|3101|3102|3201|3202|4000|4101|4102|5000|5101|5102|7000|7101|7102|6000|6101|6102|7201|7202|7211|7212,野猪:剑士|骑士|骑士领主|十字军|圣殿十字军|服事|牧师|神官|武僧|武术宗师|魔法师|巫师|超魔导士|盗贼|刺客|十字刺客|弓箭手|猎人|神射手|商人|铁匠|神工匠|诗人|搞笑艺人|舞娘|冷艳舞姬
1037,1000|2000|2101|2102|2201|2202|3000|3101|3102|3201|3202|4000|4101|4102|5000|5101|5102|7000|7101|7102|6000|6101|6102|7201|7202|7211|7212,艾斯蜘蛛:初心者|剑士|骑士|骑士领主|十字军|圣殿十字军|服事|牧师|神官|武僧|武术宗师|魔法师|巫师|超魔导士|盗贼|刺客|十字刺客|弓箭手|猎人|神射手|商人|铁匠|神工匠|诗人|搞笑艺人|舞娘|冷艳舞姬
1038,1000|2000|2101|2201|3000|3101|3201|4000|4101|5000|5101|7000|7101|6000|6101|7201|7211,毒魔菇:初心者|剑士|骑士|十字军|服事|牧师|武僧|魔法师|巫师|盗贼|刺客|弓箭手|猎人|商人|铁匠|诗人|舞娘
1039,1000|2000|2101|2201|3000|3101|3201|4000|4101|5000|5101|7000|7101|6000|6101|7201|7211,喷射哥布灵:初心者|剑士|骑士|十字军|服事|牧师|武僧|魔法师|巫师|盗贼|刺客|弓箭手|猎人|商人|铁匠|诗人|舞娘
1040,1000|2000|2101|2201|3000|3101|3201|4000|4101|5000|5101|7000|7101|6101|7201|7211,直升机哥布灵:初心者|剑士|骑士|十字军|服事|牧师|武僧|魔法师|巫师|盗贼|刺客|弓箭手|猎人|铁匠|诗人|舞娘
1048,2000|2101|2201|3000|3101|3201|4000|4101|5000|5101|7000|7101|6000|6101|7201|7211,猎蝇:剑士|骑士|十字军|服事|牧师|武僧|魔法师|巫师|盗贼|刺客|弓箭手|猎人|商人|铁匠|诗人|舞娘
1049,1000|2000|2101|2201|3000|3101|3201|4000|4101|5000|5101|7000|7101|6000|6101|7201|7211,青蛇:初心者|剑士|骑士|十字军|服事|牧师|武僧|魔法师|巫师|盗贼|刺客|弓箭手|猎人|商人|铁匠|诗人|舞娘
1051,1000|2000|3000|4000|5000|7000,蝎子:初心者|剑士|服事|魔法师|盗贼|弓箭手
1052,1000|2000|3000|4000|5000|7000,波波利:初心者|剑士|服事|魔法师|盗贼|弓箭手
1054,1000|2000|3000|4000|5000|7000|6000,土波利:初心者|剑士|服事|魔法师|盗贼|弓箭手|商人
1067,2000|3000|4000|5000|7000|6000,大嘴鸟蛋:剑士|服事|魔法师|盗贼|弓箭手|商人
1070,1000|2000|3000|4000|5000|7000,蛋壳小鸡:初心者|剑士|服事|魔法师|盗贼|弓箭手
1075,1000|2000|3000|4000|5000|7000|6000,秃鹰:初心者|剑士|服事|魔法师|盗贼|弓箭手|商人
1076,1000|2000|3000|4000|5000|7000|6000,沙漠幼狼:初心者|剑士|服事|魔法师|盗贼|弓箭手|商人
1091,2000|2101|2201|3000|3101|3201|4000|4101|5000|5101|7000|7101|6000|6101|7201|7211,海葵:剑士|骑士|十字军|服事|牧师|武僧|魔法师|巫师|盗贼|刺客|弓箭手|猎人|商人|铁匠|诗人|舞娘
1092,1000|2000|2101|2201|3000|3101|3201|4000|4101|5000|5101|7000|7101|6000|6101|7201|7211,水母:初心者|剑士|骑士|十字军|服事|牧师|武僧|魔法师|巫师|盗贼|刺客|弓箭手|猎人|商人|铁匠|诗人|舞娘
1093,1000|2000|2101|2102|2201|2202|3000|3101|3102|3201|3202|4000|4101|4102|5000|5101|5102|7000|7101|7102|6000|6101|6102|7201|7202|7211|7212,剑鱼:初心者|剑士|骑士|骑士领主|十字军|圣殿十字军|服事|牧师|神官|武僧|武术宗师|魔法师|巫师|超魔导士|盗贼|刺客|十字刺客|弓箭手|猎人|神射手|商人|铁匠|神工匠|诗人|搞笑艺人|舞娘|冷艳舞姬
1094,1000|2000|2101|2201|3000|3101|3201|4000|4101|5000|5101|7000|7101|6000|6101|7201|7211,邪骸海盗:初心者|剑士|骑士|十字军|服事|牧师|武僧|魔法师|巫师|盗贼|刺客|弓箭手|猎人|商人|铁匠|诗人|舞娘
1095,1000|2000|2101|2102|2201|2202|3000|3101|3102|3201|3202|4000|4101|4102|5000|5101|5102|7000|7101|7102|6000|6101|6102|7201|7202|7211|7212,马克:初心者|剑士|骑士|骑士领主|十字军|圣殿十字军|服事|牧师|神官|武僧|武术宗师|魔法师|巫师|超魔导士|盗贼|刺客|十字刺客|弓箭手|猎人|神射手|商人|铁匠|神工匠|诗人|搞笑艺人|舞娘|冷艳舞姬
1096,1000|2000|2101|2201|3000|3101|3201|4000|4101|5000|5101|7000|7101|6000|6101|7201|7211,螃蟹:初心者|剑士|骑士|十字军|服事|牧师|武僧|魔法师|巫师|盗贼|刺客|弓箭手|猎人|商人|铁匠|诗人|舞娘
1097,1000|2000|2101|2201|3000|3101|3201|4000|4101|5000|5101|7000|7101|6000|6101|7201|7211,乌贼:初心者|剑士|骑士|十字军|服事|牧师|武僧|魔法师|巫师|盗贼|刺客|弓箭手|猎人|商人|铁匠|诗人|舞娘
1098,1000|2000|2101|2201|3000|3101|3201|4000|4101|5000|5101|7000|7101|6000|6101|7201|7211,大嘴鸟:初心者|剑士|骑士|十字军|服事|牧师|武僧|魔法师|巫师|盗贼|刺客|弓箭手|猎人|商人|铁匠|诗人|舞娘
1099,1000|2000|2101|2201|3000|3101|3201|4000|4101|5000|5101|7000|7101|6101|7201|7211,人鱼:初心者|剑士|骑士|十字军|服事|牧师|武僧|魔法师|巫师|盗贼|刺客|弓箭手|猎人|铁匠|诗人|舞娘
1100,2000|2101|2102|2201|2202|3000|3101|3102|3201|3202|4000|4101|4102|5000|5101|5102|7000|7101|7102|6000|6101|6102|7201|7202|7211|7212,人鱼士兵:剑士|骑士|骑士领主|十字军|圣殿十字军|服事|牧师|神官|武僧|武术宗师|魔法师|巫师|超魔导士|盗贼|刺客|十字刺客|弓箭手|猎人|神射手|商人|铁匠|神工匠|诗人|搞笑艺人|舞娘|冷艳舞姬
1101,1000|2000|2101|2201|3000|3101|3201|4000|4101|5000|5101|7000|7101|6000|6101|7201|7211,基尔瑟:初心者|剑士|骑士|十字军|服事|牧师|武僧|魔法师|巫师|盗贼|刺客|弓箭手|猎人|商人|铁匠|诗人|舞娘
1104,1000|2000|2101|2201|3000|3101|3201|4000|4101|5000|5101|7000|7101|6000|6101|7201|7211,白幽灵:初心者|剑士|骑士|十字军|服事|牧师|武僧|魔法师|巫师|盗贼|刺客|弓箭手|猎人|商人|铁匠|诗人|舞娘
1105,1000|2000|2101|2201|3000|3101|3201|4000|4101|5000|5101|7000|7101|6000|6101|7201|7211,木乃伊:初心者|剑士|骑士|十字军|服事|牧师|武僧|魔法师|巫师|盗贼|刺客|弓箭手|猎人|商人|铁匠|诗人|舞娘
1106,2000|2101|2102|2201|2202|3000|3101|3102|3201|3202|4000|4101|4102|5000|5101|5102|7000|7101|7102|6000|6101|6102|7201|7202|7211|7212,狂暴木乃伊:剑士|骑士|骑士领主|十字军|圣殿十字军|服事|牧师|神官|武僧|武术宗师|魔法师|巫师|超魔导士|盗贼|刺客|十字刺客|弓箭手|猎人|神射手|商人|铁匠|神工匠|诗人|搞笑艺人|舞娘|冷艳舞姬
1108,1000|2000|2101|2201|3000|3101|3201|4000|4101|5000|5101|7000|7101|6000|6101|7201|7211,黑蚁:初心者|剑士|骑士|十字军|服事|牧师|武僧|魔法师|巫师|盗贼|刺客|弓箭手|猎人|商人|铁匠|诗人|舞娘
1109,1000|2000|2101|2201|3000|3101|3201|4000|4101|5000|5101|7000|7101|6000|6101|7201|7211,白蚁:初心者|剑士|骑士|十字军|服事|牧师|武僧|魔法师|巫师|盗贼|刺客|弓箭手|猎人|商人|铁匠|诗人|舞娘
1110,1000|2000|3000|4000|5000|7000|6000,工蚁:初心者|剑士|服事|魔法师|盗贼|弓箭手|商人
1111,1000|2000|3000|4000|5000|7000,兵蚁:初心者|剑士|服事|魔法师|盗贼|弓箭手
1112,2000|2101|2102|2201|2202|3000|3101|3102|3201|3202|4000|4101|4102|5000|5101|5102|7000|7101|7102|6000|6101|6102|7201|7202|7211|7212,海神:剑士|骑士|骑士领主|十字军|圣殿十字军|服事|牧师|神官|武僧|武术宗师|魔法师|巫师|超魔导士|盗贼|刺客|十字刺客|弓箭手|猎人|神射手|商人|铁匠|神工匠|诗人|搞笑艺人|舞娘|冷艳舞姬
1114,1000|2000|2101|2102|2201|2202|3000|3101|3102|3201|3202|4000|4101|4102|5000|5101|5102|7000|7101|7102|6000|6101|6102|7201|7202|7211|7212,杰洛米:初心者|剑士|骑士|骑士领主|十字军|圣殿十字军|服事|牧师|神官|武僧|武术宗师|魔法师|巫师|超魔导士|盗贼|刺客|十字刺客|弓箭手|猎人|神射手|商人|铁匠|神工匠|诗人|搞笑艺人|舞娘|冷艳舞姬
1118,1000|2000|2101|2102|2201|2202|3000|3101|3102|3201|3202|4000|4101|4102|5000|5101|5102|7000|7101|7102|6000|6101|6102|7201|7202|7211|7212,风魔巫师:初心者|剑士|骑士|骑士领主|十字军|圣殿十字军|服事|牧师|神官|武僧|武术宗师|魔法师|巫师|超魔导士|盗贼|刺客|十字刺客|弓箭手|猎人|神射手|商人|铁匠|神工匠|诗人|搞笑艺人|舞娘|冷艳舞姬
1119,1000|2000|2101|2201|3000|3101|3201|4000|4101|5000|5101|7000|7101|6000|6101|7201|7211,卡那多斯:初心者|剑士|骑士|十字军|服事|牧师|武僧|魔法师|巫师|盗贼|刺客|弓箭手|猎人|商人|铁匠|诗人|舞娘
1122,2000|2101|2201|3000|3101|3201|4000|4101|5000|5101|7000|7101|6000|6101|7201|7211,气泡虫:剑士|骑士|十字军|服事|牧师|武僧|魔法师|巫师|盗贼|刺客|弓箭手|猎人|商人|铁匠|诗人|舞娘
1124,1000|2000|2101|2201|3000|3101|3201|4000|4101|5000|5101|7000|7101|6000|6101|7201|7211,摩卡:初心者|剑士|骑士|十字军|服事|牧师|武僧|魔法师|巫师|盗贼|刺客|弓箭手|猎人|商人|铁匠|诗人|舞娘
1126,1000|2000|2101|2201|3000|3101|3201|4000|4101|5000|5101|7000|7101|6000|6101|7201|7211,绿苍蝇:初心者|剑士|骑士|十字军|服事|牧师|武僧|魔法师|巫师|盗贼|刺客|弓箭手|猎人|商人|铁匠|诗人|舞娘
1127,1000|2000|2101|2102|2201|2202|3000|3101|3102|3201|3202|4000|4101|4102|5000|5101|5102|7000|7101|7102|6000|6101|6102|7201|7202|7211|7212,绿腐尸:初心者|剑士|骑士|骑士领主|十字军|圣殿十字军|服事|牧师|神官|武僧|武术宗师|魔法师|巫师|超魔导士|盗贼|刺客|十字刺客|弓箭手|猎人|神射手|商人|铁匠|神工匠|诗人|搞笑艺人|舞娘|冷艳舞姬
1128,2000|3000|4000|5000|7000|6000,腐尸:剑士|服事|魔法师|盗贼|弓箭手|商人
1129,1000|2000|2101|2102|2201|2202|3000|3101|3102|3201|3202|4000|4101|4102|5000|5101|5102|7000|7101|7102|6000|6101|6102|7201|7202|7211|7212,赤苍蝇:初心者|剑士|骑士|骑士领主|十字军|圣殿十字军|服事|牧师|神官|武僧|武术宗师|魔法师|巫师|超魔导士|盗贼|刺客|十字刺客|弓箭手|猎人|神射手|商人|铁匠|神工匠|诗人|搞笑艺人|舞娘|冷艳舞姬
1130,1000|2000|2101|2201|3000|3101|3201|4000|4101|5000|5101|7000|7101|6000|6101|7201|7211,兽人战士:初心者|剑士|骑士|十字军|服事|牧师|武僧|魔法师|巫师|盗贼|刺客|弓箭手|猎人|商人|铁匠|诗人|舞娘
1131,1000|2000|2101|2201|3000|3101|3201|4000|4101|5000|5101|7000|7101|6000|6101|7201|7211,兽人女战士:初心者|剑士|骑士|十字军|服事|牧师|武僧|魔法师|巫师|盗贼|刺客|弓箭手|猎人|商人|铁匠|诗人|舞娘
1132,2000|2101|2102|2201|2202|3000|3101|3102|3201|3202|4000|4101|4102|5000|5101|5102|7000|7101|7102|6000|6101|6102|7201|7202|7211|7212,兽人弓箭手:剑士|骑士|骑士领主|十字军|圣殿十字军|服事|牧师|神官|武僧|武术宗师|魔法师|巫师|超魔导士|盗贼|刺客|十字刺客|弓箭手|猎人|神射手|商人|铁匠|神工匠|诗人|搞笑艺人|舞娘|冷艳舞姬
1134,1000|2000|2101|2201|3000|3101|3201|4000|4101|5000|5101|7000|7101|6000|6101|7201|7211,兽人婴儿:初心者|剑士|骑士|十字军|服事|牧师|武僧|魔法师|巫师|盗贼|刺客|弓箭手|猎人|商人|铁匠|诗人|舞娘
1136,1000|2000|2101|2201|3000|3101|3201|4000|4101|5000|5101|7000|7101|6000|6101|7201|7211,泥人:初心者|剑士|骑士|十字军|服事|牧师|武僧|魔法师|巫师|盗贼|刺客|弓箭手|猎人|商人|铁匠|诗人|舞娘
1137,1000|2000|2101|2201|3000|3101|3201|4000|4101|5000|5101|7000|7101|6000|6101|7201|7211,魔锅蛋:初心者|剑士|骑士|十字军|服事|牧师|武僧|魔法师|巫师|盗贼|刺客|弓箭手|猎人|商人|铁匠|诗人|舞娘
1138,2000|2101|2201|3000|3101|3201|4000|4101|5000|5101|7000|7101|6000|6101|7201|7211,蚯蚓:剑士|骑士|十字军|服事|牧师|武僧|魔法师|巫师|盗贼|刺客|弓箭手|猎人|商人|铁匠|诗人|舞娘
1139,2000|2101|2201|3000|3101|3201|4000|4101|5000|5101|7000|7101|6000|6101|7201|7211,邪骸弓箭手:剑士|骑士|十字军|服事|牧师|武僧|魔法师|巫师|盗贼|刺客|弓箭手|猎人|商人|铁匠|诗人|舞娘
1140,1000|2000|2101|2201|3000|3101|3201|4000|4101|5000|5101|7000|7101|6000|6101|7201|7211,邪骸士兵:初心者|剑士|骑士|十字军|服事|牧师|武僧|魔法师|巫师|盗贼|刺客|弓箭手|猎人|商人|铁匠|诗人|舞娘
1141,1000|2000|2101|2201|3000|3101|3201|4000|4101|5000|5101|7000|7101|6000|6101|7201|7211,毕莱特:初心者|剑士|骑士|十字军|服事|牧师|武僧|魔法师|巫师|盗贼|刺客|弓箭手|猎人|商人|铁匠|诗人|舞娘
1142,1000|2000|2101|2102|2201|2202|3000|3101|3102|3201|3202|4000|4101|4102|5000|5101|5102|7000|7101|7102|6000|6101|6102|7201|7202|7211|7212,邪恶箱:初心者|剑士|骑士|骑士领主|十字军|圣殿十字军|服事|牧师|神官|武僧|武术宗师|魔法师|巫师|超魔导士|盗贼|刺客|十字刺客|弓箭手|猎人|神射手|商人|铁匠|神工匠|诗人|搞笑艺人|舞娘|冷艳舞姬
1169,2000|3000|4000|7000,小鸡:剑士|服事|魔法师|弓箭手
1170,1000|2000|3000|4000|5000|7000|6000,蜗牛:初心者|剑士|服事|魔法师|盗贼|弓箭手|商人
1171,1000|2000|3000|4000|5000|7000|6000,蚂蚁幼虫:初心者|剑士|服事|魔法师|盗贼|弓箭手|商人
1174,1000|2000|3000|4000|5000|7000|6000,邪骸战士:初心者|剑士|服事|魔法师|盗贼|弓箭手|商人
1175,1000|2000|2101|2201|3000|3101|3201|4000|4101|5000|5101|7000|7101|6000|6101|7201|7211,锹形虫:初心者|剑士|骑士|十字军|服事|牧师|武僧|魔法师|巫师|盗贼|刺客|弓箭手|猎人|商人|铁匠|诗人|舞娘
1176,1000|2000|2101|2201|3000|3101|3201|4000|4101|5000|5101|7000|7101|6000|6101|7201|7211,大脚熊:初心者|剑士|骑士|十字军|服事|牧师|武僧|魔法师|巫师|盗贼|刺客|弓箭手|猎人|商人|铁匠|诗人|舞娘
1177,1000|2000|2101|2201|3000|3101|3201|4000|4101|5000|5101|7000|7101|6000|6101|7201|7211,漂浮虫:初心者|剑士|骑士|十字军|服事|牧师|武僧|魔法师|巫师|盗贼|刺客|弓箭手|猎人|商人|铁匠|诗人|舞娘
1178,1000|2000|2101|2201|3000|3101|3201|4000|4101|5000|5101|7000|7101|6000|6101|7201|7211,长老树精:初心者|剑士|骑士|十字军|服事|牧师|武僧|魔法师|巫师|盗贼|刺客|弓箭手|猎人|商人|铁匠|诗人|舞娘
1180,1000|2000|2101|2201|3000|3101|3201|4000|4101|5000|5101|7000|7101|6000|6101|7201|7211,邪骸矿工:初心者|剑士|骑士|十字军|服事|牧师|武僧|魔法师|巫师|盗贼|刺客|弓箭手|猎人|商人|铁匠|诗人|舞娘
1181,1000|2000|2101|2102|2201|2202|3000|3101|3102|3201|3202|4000|4101|4102|5000|5101|5102|7000|7101|7102|6000|6101|6102|7201|7202|7211|7212,兽人腐尸:初心者|剑士|骑士|骑士领主|十字军|圣殿十字军|服事|牧师|神官|武僧|武术宗师|魔法师|巫师|超魔导士|盗贼|刺客|十字刺客|弓箭手|猎人|神射手|商人|铁匠|神工匠|诗人|搞笑艺人|舞娘|冷艳舞姬
1182,1000|2000|2101|2201|3000|3101|3201|4000|4101|5000|5101|7000|7101|6000|6101|7201|7211,转转蛋:初心者|剑士|骑士|十字军|服事|牧师|武僧|魔法师|巫师|盗贼|刺客|弓箭手|猎人|商人|铁匠|诗人|舞娘
1183,1000|2000|2101|2102|2201|2202|3000|3101|3102|3201|3202|4000|4101|4102|5000|5101|5102|7000|7101|7102|6000|6101|6102|7201|7202|7211|7212,麦斯特:初心者|剑士|骑士|骑士领主|十字军|圣殿十字军|服事|牧师|神官|武僧|武术宗师|魔法师|巫师|超魔导士|盗贼|刺客|十字刺客|弓箭手|猎人|神射手|商人|铁匠|神工匠|诗人|搞笑艺人|舞娘|冷艳舞姬
1184,1000|2000|2101|2102|2201|2202|3000|3101|3102|3201|3202|4000|4101|4102|5000|5101|5102|7000|7101|7102|6000|6101|6102|7201|7202|7211|7212,邪骸兽人:初心者|剑士|骑士|骑士领主|十字军|圣殿十字军|服事|牧师|神官|武僧|武术宗师|魔法师|巫师|超魔导士|盗贼|刺客|十字刺客|弓箭手|猎人|神射手|商人|铁匠|神工匠|诗人|搞笑艺人|舞娘|冷艳舞姬
1185,1000|2000|2101|2201|3000|3101|3201|4000|4101|5000|5101|7000|7101|6000|6101|7201|7211,重金属蝗虫:初心者|剑士|骑士|十字军|服事|牧师|武僧|魔法师|巫师|盗贼|刺客|弓箭手|猎人|商人|铁匠|诗人|舞娘
1186,1000|2000|2101|2102|2201|2202|3000|3101|3102|3201|3202|4000|4101|4102|5000|5101|5102|7000|7101|7102|6000|6101|6102|7201|7202|7211|7212,妖道:初心者|剑士|骑士|骑士领主|十字军|圣殿十字军|服事|牧师|神官|武僧|武术宗师|魔法师|巫师|超魔导士|盗贼|刺客|十字刺客|弓箭手|猎人|神射手|商人|铁匠|神工匠|诗人|搞笑艺人|舞娘|冷艳舞姬
1188,1000|2000|2101|2102|2201|2202|3000|3101|3102|3201|3202|4000|4101|4102|5000|5101|5102|7000|7101|7102|6000|6101|6102|7201|7202|7211|7212,异变鱼:初心者|剑士|骑士|骑士领主|十字军|圣殿十字军|服事|牧师|神官|武僧|武术宗师|魔法师|巫师|超魔导士|盗贼|刺客|十字刺客|弓箭手|猎人|神射手|商人|铁匠|神工匠|诗人|搞笑艺人|舞娘|冷艳舞姬
1189,1000|2000|2101|2102|2201|2202|3000|3101|3102|3201|3202|4000|4101|4102|5000|5101|5102|7000|7101|7102|6000|6101|6102|7201|7202|7211|7212,巨象甲虫:初心者|剑士|骑士|骑士领主|十字军|圣殿十字军|服事|牧师|神官|武僧|武术宗师|魔法师|巫师|超魔导士|盗贼|刺客|十字刺客|弓箭手|猎人|神射手|商人|铁匠|神工匠|诗人|搞笑艺人|舞娘|冷艳舞姬
1190,1000|2000|2101|2102|2201|2202|3000|3101|3102|3201|3202|4000|4101|4102|5000|5101|5102|7000|7101|7102|6000|6101|6102|7201|7202|7211|7212,巨石怪:初心者|剑士|骑士|骑士领主|十字军|圣殿十字军|服事|牧师|神官|武僧|武术宗师|魔法师|巫师|超魔导士|盗贼|刺客|十字刺客|弓箭手|猎人|神射手|商人|铁匠|神工匠|诗人|搞笑艺人|舞娘|冷艳舞姬
1191,1000|2000|2101|2102|2201|2202|3000|3101|3102|3201|3202|4000|4101|4102|5000|5101|5102|7000|7101|7102|6000|6101|6102|7201|7202|7211|7212,南瓜先生:初心者|剑士|骑士|骑士领主|十字军|圣殿十字军|服事|牧师|神官|武僧|武术宗师|魔法师|巫师|超魔导士|盗贼|刺客|十字刺客|弓箭手|猎人|神射手|商人|铁匠|神工匠|诗人|搞笑艺人|舞娘|冷艳舞姬
1192,1000|2000|2101|2102|2201|2202|3000|3101|3102|3201|3202|4000|4101|4102|5000|5101|5102|7000|7101|7102|6000|6101|6102|7201|7202|7211|7212,将军魔碑:初心者|剑士|骑士|骑士领主|十字军|圣殿十字军|服事|牧师|神官|武僧|武术宗师|魔法师|巫师|超魔导士|盗贼|刺客|十字刺客|弓箭手|猎人|神射手|商人|铁匠|神工匠|诗人|搞笑艺人|舞娘|冷艳舞姬
1193,1000|2000|2101|2102|2201|2202|3000|3101|3102|3201|3202|4000|4101|4102|5000|5101|5102|7000|7101|7102|6000|6101|6102|7201|7202|7211|7212,鬼火:初心者|剑士|骑士|骑士领主|十字军|圣殿十字军|服事|牧师|神官|武僧|武术宗师|魔法师|巫师|超魔导士|盗贼|刺客|十字刺客|弓箭手|猎人|神射手|商人|铁匠|神工匠|诗人|搞笑艺人|舞娘|冷艳舞姬
1194,1000|2000|2101|2102|2201|2202|3000|3101|3102|3201|3202|4000|4101|4102|5000|5101|5102|7000|7101|7102|6000|6101|6102|7201|7202|7211|7212,鬼女:初心者|剑士|骑士|骑士领主|十字军|圣殿十字军|服事|牧师|神官|武僧|武术宗师|魔法师|巫师|超魔导士|盗贼|刺客|十字刺客|弓箭手|猎人|神射手|商人|铁匠|神工匠|诗人|搞笑艺人|舞娘|冷艳舞姬
1195,1000|2000|2101|2102|2201|2202|3000|3101|3102|3201|3202|4000|4101|4102|5000|5101|5102|7000|7101|7102|6000|6101|6102|7201|7202|7211|7212,梦魇:初心者|剑士|骑士|骑士领主|十字军|圣殿十字军|服事|牧师|神官|武僧|武术宗师|魔法师|巫师|超魔导士|盗贼|刺客|十字刺客|弓箭手|猎人|神射手|商人|铁匠|神工匠|诗人|搞笑艺人|舞娘|冷艳舞姬
1197,1000|2000|2101|2102|2201|2202|3000|3101|3102|3201|3202|4000|4101|4102|5000|5101|5102|7000|7101|7102|6000|6101|6102|7201|7202|7211|7212,黑蛇:初心者|剑士|骑士|骑士领主|十字军|圣殿十字军|服事|牧师|神官|武僧|武术宗师|魔法师|巫师|超魔导士|盗贼|刺客|十字刺客|弓箭手|猎人|神射手|商人|铁匠|神工匠|诗人|搞笑艺人|舞娘|冷艳舞姬
1199,1000|2000|2101|2102|2201|2202|3000|3101|3102|3201|3202|4000|4101|4102|5000|5101|5102|7000|7101|7102|6000|6101|6102|7201|7202|7211|7212,九尾狐:初心者|剑士|骑士|骑士领主|十字军|圣殿十字军|服事|牧师|神官|武僧|武术宗师|魔法师|巫师|超魔导士|盗贼|刺客|十字刺客|弓箭手|猎人|神射手|商人|铁匠|神工匠|诗人|搞笑艺人|舞娘|冷艳舞姬
1210,1000|2000|2101|2201|3000|3101|3201|4000|4101|5000|5101|7000|7101|6000|6101|7201|7211,僵尸:初心者|剑士|骑士|十字军|服事|牧师|武僧|魔法师|巫师|盗贼|刺客|弓箭手|猎人|商人|铁匠|诗人|舞娘
1220,2000|2101|2102|2201|2202|3000|3101|3102|3201|3202|4000|4101|4102|7000|7101|7102|6101|6102|7201|7202|7211|7212,傀儡娃娃:剑士|骑士|骑士领主|十字军|圣殿十字军|服事|牧师|神官|武僧|武术宗师|魔法师|巫师|超魔导士|弓箭手|猎人|神射手|铁匠|神工匠|诗人|搞笑艺人|舞娘|冷艳舞姬
1222,1000|2000|2101|2201|3000|3101|3201|4000|4101|5000|5101|7000|7101|6000|6101|7201|7211,米洛斯:初心者|剑士|骑士|十字军|服事|牧师|武僧|魔法师|巫师|盗贼|刺客|弓箭手|猎人|商人|铁匠|诗人|舞娘
1223,1000|2000|2101|2102|2201|2202|3000|3101|3102|3201|3202|4000|4101|4102|5000|5101|5102|7000|7101|7102|6000|6101|6102|7201|7202|7211|7212,马尔杜克:初心者|剑士|骑士|骑士领主|十字军|圣殿十字军|服事|牧师|神官|武僧|武术宗师|魔法师|巫师|超魔导士|盗贼|刺客|十字刺客|弓箭手|猎人|神射手|商人|铁匠|神工匠|诗人|搞笑艺人|舞娘|冷艳舞姬
1226,1000|2000|2101|2102|2201|2202|3000|3101|3102|3201|3202|4000|4101|4102|5000|5101|5102|7000|7101|7102|6000|6101|6102|7201|7202|7211|7212,毕帝特地龙:初心者|剑士|骑士|骑士领主|十字军|圣殿十字军|服事|牧师|神官|武僧|武术宗师|魔法师|巫师|超魔导士|盗贼|刺客|十字刺客|弓箭手|猎人|神射手|商人|铁匠|神工匠|诗人|搞笑艺人|舞娘|冷艳舞姬
1227,1000|2000|2101|2102|2201|2202|3000|3101|3102|3201|3202|4000|4101|4102|5000|5101|5102|7000|7101|7102|6000|6101|6102|7201|7202|7211|7212,灰森灵:初心者|剑士|骑士|骑士领主|十字军|圣殿十字军|服事|牧师|神官|武僧|武术宗师|魔法师|巫师|超魔导士|盗贼|刺客|十字刺客|弓箭手|猎人|神射手|商人|铁匠|神工匠|诗人|搞笑艺人|舞娘|冷艳舞姬
1228,1000|2000|2101|2102|2201|2202|3000|3101|3102|3201|3202|4000|4101|4102|5000|5101|5102|7000|7101|7102|6000|6101|6102|7201|7202|7211|7212,毕帝特飞龙:初心者|剑士|骑士|骑士领主|十字军|圣殿十字军|服事|牧师|神官|武僧|武术宗师|魔法师|巫师|超魔导士|盗贼|刺客|十字刺客|弓箭手|猎人|神射手|商人|铁匠|神工匠|诗人|搞笑艺人|舞娘|冷艳舞姬
1229,1000|2000|2101|2102|2201|2202|3000|3101|3102|3201|3202|4000|4101|4102|5000|5101|5102|7000|7101|7102|6000|6101|6102|7201|7202|7211|7212,大斧犬妖:初心者|剑士|骑士|骑士领主|十字军|圣殿十字军|服事|牧师|神官|武僧|武术宗师|魔法师|巫师|超魔导士|盗贼|刺客|十字刺客|弓箭手|猎人|神射手|商人|铁匠|神工匠|诗人|搞笑艺人|舞娘|冷艳舞姬
1230,1000|2000|2101|2102|2201|2202|3000|3101|3102|3201|3202|4000|4101|4102|5000|5101|5102|7000|7101|7102|6000|6101|6102|7201|7202|7211|7212,榔头犬妖:初心者|剑士|骑士|骑士领主|十字军|圣殿十字军|服事|牧师|神官|武僧|武术宗师|魔法师|巫师|超魔导士|盗贼|刺客|十字刺客|弓箭手|猎人|神射手|商人|铁匠|神工匠|诗人|搞笑艺人|舞娘|冷艳舞姬
1231,1000|2000|2101|2102|2201|2202|3000|3101|3102|3201|3202|4000|4101|4102|5000|5101|5102|7000|7101|7102|6000|6101|6102|7201|7202|7211|7212,刺锤犬妖:初心者|剑士|骑士|骑士领主|十字军|圣殿十字军|服事|牧师|神官|武僧|武术宗师|魔法师|巫师|超魔导士|盗贼|刺客|十字刺客|弓箭手|猎人|神射手|商人|铁匠|神工匠|诗人|搞笑艺人|舞娘|冷艳舞姬
1232,1000|2000|2101|2102|2201|2202|3000|3101|3102|3201|3202|4000|4101|4102|5000|5101|5102|7000|7101|7102|6000|6101|6102|7201|7202|7211|7212,犬妖弓箭手:初心者|剑士|骑士|骑士领主|十字军|圣殿十字军|服事|牧师|神官|武僧|武术宗师|魔法师|巫师|超魔导士|盗贼|刺客|十字刺客|弓箭手|猎人|神射手|商人|铁匠|神工匠|诗人|搞笑艺人|舞娘|冷艳舞姬
1233,1000|2000|2101|2102|2201|2202|3000|3101|3102|3201|3202|4000|4101|4102|5000|5101|5102|7000|7101|7102|6000|6101|6102|7201|7202|7211|7212,狂暴野猫:初心者|剑士|骑士|骑士领主|十字军|圣殿十字军|服事|牧师|神官|武僧|武术宗师|魔法师|巫师|超魔导士|盗贼|刺客|十字刺客|弓箭手|猎人|神射手|商人|铁匠|神工匠|诗人|搞笑艺人|舞娘|冷艳舞姬
1236,1000|2000|2101|2102|2201|2202|3000|3101|3102|3201|3202|4000|4101|4102|5000|5101|5102|7000|7101|7102|6000|6101|6102|7201|7202|7211|7212,帕莎纳:初心者|剑士|骑士|骑士领主|十字军|圣殿十字军|服事|牧师|神官|武僧|武术宗师|魔法师|巫师|超魔导士|盗贼|刺客|十字刺客|弓箭手|猎人|神射手|商人|铁匠|神工匠|诗人|搞笑艺人|舞娘|冷艳舞姬
1248,1000|2000|2101|2102|2201|2202|3000|3101|3102|3201|3202|4000|4101|4102|5000|5101|5102|7000|7101|7102|6000|6101|6102|7201|7202|7211|7212,恶灵:初心者|剑士|骑士|骑士领主|十字军|圣殿十字军|服事|牧师|神官|武僧|武术宗师|魔法师|巫师|超魔导士|盗贼|刺客|十字刺客|弓箭手|猎人|神射手|商人|铁匠|神工匠|诗人|搞笑艺人|舞娘|冷艳舞姬
1258,1000|2000|2101|2102|2201|2202|3000|3101|3102|3201|3202|4000|4101|4102|5000|5101|5102|7000|7101|7102|6000|6101|6102|7201|7202|7211|7212,伞蜥:初心者|剑士|骑士|骑士领主|十字军|圣殿十字军|服事|牧师|神官|武僧|武术宗师|魔法师|巫师|超魔导士|盗贼|刺客|十字刺客|弓箭手|猎人|神射手|商人|铁匠|神工匠|诗人|搞笑艺人|舞娘|冷艳舞姬
1259,1000|2000|2101|2102|2201|2202|3000|3101|3102|3201|3202|4000|4101|4102|5000|5101|5102|7000|7101|7102|6000|6101|6102|7201|7202|7211|7212,爆钻伞蜥:初心者|剑士|骑士|骑士领主|十字军|圣殿十字军|服事|牧师|神官|武僧|武术宗师|魔法师|巫师|超魔导士|盗贼|刺客|十字刺客|弓箭手|猎人|神射手|商人|铁匠|神工匠|诗人|搞笑艺人|舞娘|冷艳舞姬
1260,1000|2000|2101|2102|2201|2202|3000|3101|3102|3201|3202|4000|4101|4102|5000|5101|5102|7000|7101|7102|6000|6101|6102|7201|7202|7211|7212,梅纳海葵:初心者|剑士|骑士|骑士领主|十字军|圣殿十字军|服事|牧师|神官|武僧|武术宗师|魔法师|巫师|超魔导士|盗贼|刺客|十字刺客|弓箭手|猎人|神射手|商人|铁匠|神工匠|诗人|搞笑艺人|舞娘|冷艳舞姬
1261,1000|2000|2101|2102|2201|2202|3000|3101|3102|3201|3202|4000|4101|4102|5000|5101|5102|7000|7101|7102|6000|6101|6102|7201|7202|7211|7212,蓝鼠:初心者|剑士|骑士|骑士领主|十字军|圣殿十字军|服事|牧师|神官|武僧|武术宗师|魔法师|巫师|超魔导士|盗贼|刺客|十字刺客|弓箭手|猎人|神射手|商人|铁匠|神工匠|诗人|搞笑艺人|舞娘|冷艳舞姬
1262,1000|2000|2101|2201|3000|3101|3201|4000|4101|5000|5101|7000|7101|6000|6101|7201|7211,邪骸食人鱼:初心者|剑士|骑士|十字军|服事|牧师|武僧|魔法师|巫师|盗贼|刺客|弓箭手|猎人|商人|铁匠|诗人|舞娘
1272,1000|2000|2101|2102|2201|2202|3000|3101|3102|3201|3202|4000|4101|4102|5000|5101|5102|7000|7101|7102|6000|6101|6102|7201|7202|7211|7212,深海电鳗:初心者|剑士|骑士|骑士领主|十字军|圣殿十字军|服事|牧师|神官|武僧|武术宗师|魔法师|巫师|超魔导士|盗贼|刺客|十字刺客|弓箭手|猎人|神射手|商人|铁匠|神工匠|诗人|搞笑艺人|舞娘|冷艳舞姬
1273,2000|2101|2102|2201|2202|3000|3101|3102|3201|3202|4000|4101|4102|7000|7101|7102|6101|6102|7201|7202|7211|7212,酱缸章鱼:剑士|骑士|骑士领主|十字军|圣殿十字军|服事|牧师|神官|武僧|武术宗师|魔法师|巫师|超魔导士|弓箭手|猎人|神射手|铁匠|神工匠|诗人|搞笑艺人|舞娘|冷艳舞姬
1274,1000|2000|2101|2102|2201|2202|3000|3101|3102|3201|3202|4000|4101|4102|5000|5101|5102|7000|7101|7102|6000|6101|6102|7201|7202|7211|7212,赛杜拉:初心者|剑士|骑士|骑士领主|十字军|圣殿十字军|服事|牧师|神官|武僧|武术宗师|魔法师|巫师|超魔导士|盗贼|刺客|十字刺客|弓箭手|猎人|神射手|商人|铁匠|神工匠|诗人|搞笑艺人|舞娘|冷艳舞姬
1275,2000|2101|2102|2201|2202|3000|3101|3102|3201|3202|4000|4101|4102|7000|7101|7102|6101|6102|7201|7202|7211|7212,狄奥斯:剑士|骑士|骑士领主|十字军|圣殿十字军|服事|牧师|神官|武僧|武术宗师|魔法师|巫师|超魔导士|弓箭手|猎人|神射手|铁匠|神工匠|诗人|搞笑艺人|舞娘|冷艳舞姬
1276,2000|2101|2102|2201|2202|3000|3101|3102|3201|3202|4000|4101|4102|7000|7101|7102|6101|6102|7201|7202|7211|7212,雪熊:剑士|骑士|骑士领主|十字军|圣殿十字军|服事|牧师|神官|武僧|武术宗师|魔法师|巫师|超魔导士|弓箭手|猎人|神射手|铁匠|神工匠|诗人|搞笑艺人|舞娘|冷艳舞姬
1277,1000|2000|2101|2102|2201|2202|3000|3101|3102|3201|3202|4000|4101|4102|5000|5101|5102|7000|7101|7102|6000|6101|6102|7201|7202|7211|7212,狂暴大脚熊:初心者|剑士|骑士|骑士领主|十字军|圣殿十字军|服事|牧师|神官|武僧|武术宗师|魔法师|巫师|超魔导士|盗贼|刺客|十字刺客|弓箭手|猎人|神射手|商人|铁匠|神工匠|诗人|搞笑艺人|舞娘|冷艳舞姬
1278,2000|2101|2102|2201|2202|3000|3101|3102|3201|3202|4000|4101|4102|7000|7101|7102|6101|6102|7201|7202|7211|7212,愤怒波波利:剑士|骑士|骑士领主|十字军|圣殿十字军|服事|牧师|神官|武僧|武术宗师|魔法师|巫师|超魔导士|弓箭手|猎人|神射手|铁匠|神工匠|诗人|搞笑艺人|舞娘|冷艳舞姬
1279,2000|2101|2102|2201|2202|3000|3101|3102|3201|3202|4000|4101|4102|7000|7101|7102|6101|6102|7201|7202|7211|7212,狂暴螳螂:剑士|骑士|骑士领主|十字军|圣殿十字军|服事|牧师|神官|武僧|武术宗师|魔法师|巫师|超魔导士|弓箭手|猎人|神射手|铁匠|神工匠|诗人|搞笑艺人|舞娘|冷艳舞姬
1280,2000|2101|2102|2201|2202|3000|3101|3102|3201|3202|4000|4101|4102|7000|7101|7102|6101|6102|7201|7202|7211|7212,迅捷螳螂:剑士|骑士|骑士领主|十字军|圣殿十字军|服事|牧师|神官|武僧|武术宗师|魔法师|巫师|超魔导士|弓箭手|猎人|神射手|铁匠|神工匠|诗人|搞笑艺人|舞娘|冷艳舞姬
1282,2000|2101|2102|2201|2202|3000|3101|3102|3201|3202|4000|4101|4102|7000|7101|7102|6101|6102|7201|7202|7211|7212,狂暴克瑞米:剑士|骑士|骑士领主|十字军|圣殿十字军|服事|牧师|神官|武僧|武术宗师|魔法师|巫师|超魔导士|弓箭手|猎人|神射手|铁匠|神工匠|诗人|搞笑艺人|舞娘|冷艳舞姬
1302,1000|2000|2101|2102|2201|2202|3000|3101|3102|3201|3202|4000|4101|4102|5000|5101|5102|7000|7101|7102|6000|6101|6102|7201|7202|7211|7212,暗神官:初心者|剑士|骑士|骑士领主|十字军|圣殿十字军|服事|牧师|神官|武僧|武术宗师|魔法师|巫师|超魔导士|盗贼|刺客|十字刺客|弓箭手|猎人|神射手|商人|铁匠|神工匠|诗人|搞笑艺人|舞娘|冷艳舞姬
1303,1000|2000|2101|2102|2201|2202|3000|3101|3102|3201|3202|4000|4101|4102|5000|5101|5102|7000|7101|7102|6000|6101|6102|7201|7202|7211|7212,飞行魔书:初心者|剑士|骑士|骑士领主|十字军|圣殿十字军|服事|牧师|神官|武僧|武术宗师|魔法师|巫师|超魔导士|盗贼|刺客|十字刺客|弓箭手|猎人|神射手|商人|铁匠|神工匠|诗人|搞笑艺人|舞娘|冷艳舞姬
1305,1000|2000|2101|2102|2201|2202|3000|3101|3102|3201|3202|4000|4101|4102|5000|5101|5102|7000|7101|7102|6000|6101|6102|7201|7202|7211|7212,卡拉特小丑:初心者|剑士|骑士|骑士领主|十字军|圣殿十字军|服事|牧师|神官|武僧|武术宗师|魔法师|巫师|超魔导士|盗贼|刺客|十字刺客|弓箭手|猎人|神射手|商人|铁匠|神工匠|诗人|搞笑艺人|舞娘|冷艳舞姬
1306,1000|2000|2101|2102|2201|2202|3000|3101|3102|3201|3202|4000|4101|4102|5000|5101|5102|7000|7101|7102|6000|6101|6102|7201|7202|7211|7212,爱丽丝女仆:初心者|剑士|骑士|骑士领主|十字军|圣殿十字军|服事|牧师|神官|武僧|武术宗师|魔法师|巫师|超魔导士|盗贼|刺客|十字刺客|弓箭手|猎人|神射手|商人|铁匠|神工匠|诗人|搞笑艺人|舞娘|冷艳舞姬
1307,2000|2101|2102|2201|2202|3000|3101|3102|3201|3202|4000|4101|4102|7000|7101|7102|6101|6102|5101|5102|7201|7202|7211|7212,贤者虫:剑士|骑士|骑士领主|十字军|圣殿十字军|服事|牧师|神官|武僧|武术宗师|魔法师|巫师|超魔导士|弓箭手|猎人|神射手|铁匠|神工匠|刺客|十字刺客|诗人|搞笑艺人|舞娘|冷艳舞姬
1308,1000|2000|2101|2102|2201|2202|3000|3101|3102|3201|3202|4000|4101|4102|5000|5101|5102|7000|7101|7102|6000|6101|6102|7201|7202|7211|7212,邪骸浪人:初心者|剑士|骑士|骑士领主|十字军|圣殿十字军|服事|牧师|神官|武僧|武术宗师|魔法师|巫师|超魔导士|盗贼|刺客|十字刺客|弓箭手|猎人|神射手|商人|铁匠|神工匠|诗人|搞笑艺人|舞娘|冷艳舞姬
1309,1000|2000|2101|2102|2201|2202|3000|3101|3102|3201|3202|4000|4101|4102|5000|5101|5102|7000|7101|7102|6000|6101|6102|7201|7202|7211|7212,邪骸战俘:初心者|剑士|骑士|骑士领主|十字军|圣殿十字军|服事|牧师|神官|武僧|武术宗师|魔法师|巫师|超魔导士|盗贼|刺客|十字刺客|弓箭手|猎人|神射手|商人|铁匠|神工匠|诗人|搞笑艺人|舞娘|冷艳舞姬
1310,1000|2000|2101|2102|2201|2202|3000|3101|3102|3201|3202|4000|4101|4102|5000|5101|5102|7000|7101|7102|6000|6101|6102|7201|7202|7211|7212,瑞比欧:初心者|剑士|骑士|骑士领主|十字军|圣殿十字军|服事|牧师|神官|武僧|武术宗师|魔法师|巫师|超魔导士|盗贼|刺客|十字刺客|弓箭手|猎人|神射手|商人|铁匠|神工匠|诗人|搞笑艺人|舞娘|冷艳舞姬
1311,1000|2000|2101|2102|2201|2202|3000|3101|3102|3201|3202|4000|4101|4102|5000|5101|5102|7000|7101|7102|6000|6101|6102|7201|7202|7211|7212,阿修罗狂战士:初心者|剑士|骑士|骑士领主|十字军|圣殿十字军|服事|牧师|神官|武僧|武术宗师|魔法师|巫师|超魔导士|盗贼|刺客|十字刺客|弓箭手|猎人|神射手|商人|铁匠|神工匠|诗人|搞笑艺人|舞娘|冷艳舞姬
1312,1000|2000|2101|2102|2201|2202|3000|3101|3102|3201|3202|4000|4101|4102|5000|5101|5102|7000|7101|7102|6000|6101|6102|7201|7202|7211|7212,腐尸战俘:初心者|剑士|骑士|骑士领主|十字军|圣殿十字军|服事|牧师|神官|武僧|武术宗师|魔法师|巫师|超魔导士|盗贼|刺客|十字刺客|弓箭手|猎人|神射手|商人|铁匠|神工匠|诗人|搞笑艺人|舞娘|冷艳舞姬
1314,2000|2101|2102|2201|2202|3000|3101|3102|3201|3202|4000|4101|4102|7000|7101|7102|6101|6102|7201|7202|7211|7212,卷甲虫:剑士|骑士|骑士领主|十字军|圣殿十字军|服事|牧师|神官|武僧|武术宗师|魔法师|巫师|超魔导士|弓箭手|猎人|神射手|铁匠|神工匠|诗人|搞笑艺人|舞娘|冷艳舞姬
1315,1000|2000|2101|2102|2201|2202|3000|3101|3102|3201|3202|4000|4101|4102|5000|5101|5102|7000|7101|7102|6000|6101|6102|7201|7202|7211|7212,蝙蝠弓箭手:初心者|剑士|骑士|骑士领主|十字军|圣殿十字军|服事|牧师|神官|武僧|武术宗师|魔法师|巫师|超魔导士|盗贼|刺客|十字刺客|弓箭手|猎人|神射手|商人|铁匠|神工匠|诗人|搞笑艺人|舞娘|冷艳舞姬
1316,1000|2000|2101|2102|2201|2202|3000|3101|3102|3201|3202|4000|4101|4102|5000|5101|5102|7000|7101|7102|6000|6101|6102|7201|7202|7211|7212,虎蜥人:初心者|剑士|骑士|骑士领主|十字军|圣殿十字军|服事|牧师|神官|武僧|武术宗师|魔法师|巫师|超魔导士|盗贼|刺客|十字刺客|弓箭手|猎人|神射手|商人|铁匠|神工匠|诗人|搞笑艺人|舞娘|冷艳舞姬
1317,1000|2000|2101|2102|2201|2202|3000|3101|3102|3201|3202|4000|4101|4102|5000|5101|5102|7000|7101|7102|6000|6101|6102|7201|7202|7211|7212,史汀:初心者|剑士|骑士|骑士领主|十字军|圣殿十字军|服事|牧师|神官|武僧|武术宗师|魔法师|巫师|超魔导士|盗贼|刺客|十字刺客|弓箭手|猎人|神射手|商人|铁匠|神工匠|诗人|搞笑艺人|舞娘|冷艳舞姬
1318,1000|2000|2101|2102|2201|2202|3000|3101|3102|3201|3202|4000|4101|4102|5000|5101|5102|7000|7101|7102|6000|6101|6102|7201|7202|7211|7212,狂暴米洛斯:初心者|剑士|骑士|骑士领主|十字军|圣殿十字军|服事|牧师|神官|武僧|武术宗师|魔法师|巫师|超魔导士|盗贼|刺客|十字刺客|弓箭手|猎人|神射手|商人|铁匠|神工匠|诗人|搞笑艺人|舞娘|冷艳舞姬
1319,1000|2000|2101|2102|2201|2202|3000|3101|3102|3201|3202|4000|4101|4102|5000|5101|5102|7000|7101|7102|6000|6101|6102|7201|7202|7211|7212,卡利斯格:初心者|剑士|骑士|骑士领主|十字军|圣殿十字军|服事|牧师|神官|武僧|武术宗师|魔法师|巫师|超魔导士|盗贼|刺客|十字刺客|弓箭手|猎人|神射手|商人|铁匠|神工匠|诗人|搞笑艺人|舞娘|冷艳舞姬
1502,1000|2000|2101|2102|2201|2202|3000|3101|3102|3201|3202|4000|4101|4102|5000|5101|5102|7000|7101|7102|6000|6101|6102|6201|6202|7201|7202|7211|7212,绿饼人:初心者|剑士|骑士|骑士领主|十字军|圣殿十字军|服事|牧师|神官|武僧|武术宗师|魔法师|巫师|超魔导士|盗贼|刺客|十字刺客|弓箭手|猎人|神射手|商人|铁匠|神工匠|炼金术士|创造者|诗人|搞笑艺人|舞娘|冷艳舞姬
1503,1000|2000|2101|2102|2201|2202|3000|3101|3102|3201|3202|4000|4101|4102|5000|5101|5102|7000|7101|7102|6000|6101|6102|6201|6202|7201|7202|7211|7212,邪恶礼盒:初心者|剑士|骑士|骑士领主|十字军|圣殿十字军|服事|牧师|神官|武僧|武术宗师|魔法师|巫师|超魔导士|盗贼|刺客|十字刺客|弓箭手|猎人|神射手|商人|铁匠|神工匠|炼金术士|创造者|诗人|搞笑艺人|舞娘|冷艳舞姬
1504,1000|2000|2101|2102|2201|2202|3000|3101|3102|3201|3202|4000|4101|4102|5000|5101|5102|7000|7101|7102|6000|6101|6102|6201|6202|7201|7202|7211|7212,冰波利:初心者|剑士|骑士|骑士领主|十字军|圣殿十字军|服事|牧师|神官|武僧|武术宗师|魔法师|巫师|超魔导士|盗贼|刺客|十字刺客|弓箭手|猎人|神射手|商人|铁匠|神工匠|炼金术士|创造者|诗人|搞笑艺人|舞娘|冷艳舞姬
1505,1000|2000|2101|2102|2201|2202|3000|3101|3102|3201|3202|4000|4101|4102|5000|5101|5102|7000|7101|7102|6000|6101|6102|6201|6202|7201|7202|7211|7212,玩具士兵:初心者|剑士|骑士|骑士领主|十字军|圣殿十字军|服事|牧师|神官|武僧|武术宗师|魔法师|巫师|超魔导士|盗贼|刺客|十字刺客|弓箭手|猎人|神射手|商人|铁匠|神工匠|炼金术士|创造者|诗人|搞笑艺人|舞娘|冷艳舞姬
1510,1000|2000|2101|2102|2201|2202|3000|3101|3102|3201|3202|4000|4101|4102|5000|5101|5102|7000|7101|7102|6000|6101|6102|6201|6202|7201|7202|7211|7212,邪灵魔导士:初心者|剑士|骑士|骑士领主|十字军|圣殿十字军|服事|牧师|神官|武僧|武术宗师|魔法师|巫师|超魔导士|盗贼|刺客|十字刺客|弓箭手|猎人|神射手|商人|铁匠|神工匠|炼金术士|创造者|诗人|搞笑艺人|舞娘|冷艳舞姬
1511,1000|2000|2101|2102|2201|2202|3000|3101|3102|3201|3202|4000|4101|4102|5000|5101|5102|7000|7101|7102|6000|6101|6102|6201|6202|7201|7202|7211|7212,时间守护者:初心者|剑士|骑士|骑士领主|十字军|圣殿十字军|服事|牧师|神官|武僧|武术宗师|魔法师|巫师|超魔导士|盗贼|刺客|十字刺客|弓箭手|猎人|神射手|商人|铁匠|神工匠|炼金术士|创造者|诗人|搞笑艺人|舞娘|冷艳舞姬
1512,1000|2000|2101|2102|2201|2202|3000|3101|3102|3201|3202|4000|4101|4102|5000|5101|5102|7000|7101|7102|6000|6101|6102|6201|6202|7201|7202|7211|7212,大古钟:初心者|剑士|骑士|骑士领主|十字军|圣殿十字军|服事|牧师|神官|武僧|武术宗师|魔法师|巫师|超魔导士|盗贼|刺客|十字刺客|弓箭手|猎人|神射手|商人|铁匠|神工匠|炼金术士|创造者|诗人|搞笑艺人|舞娘|冷艳舞姬
1513,1000|2000|2101|2102|2201|2202|3000|3101|3102|3201|3202|4000|4101|4102|5000|5101|5102|7000|7101|7102|6000|6101|6102|6201|6202|7201|7202|7211|7212,裘卡:初心者|剑士|骑士|骑士领主|十字军|圣殿十字军|服事|牧师|神官|武僧|武术宗师|魔法师|巫师|超魔导士|盗贼|刺客|十字刺客|弓箭手|猎人|神射手|商人|铁匠|神工匠|炼金术士|创造者|诗人|搞笑艺人|舞娘|冷艳舞姬
1514,1000|2000|2101|2102|2201|2202|3000|3101|3102|3201|3202|4000|4101|4102|5000|5101|5102|7000|7101|7102|6000|6101|6102|6201|6202|7201|7202|7211|7212,狂暴雪熊:初心者|剑士|骑士|骑士领主|十字军|圣殿十字军|服事|牧师|神官|武僧|武术宗师|魔法师|巫师|超魔导士|盗贼|刺客|十字刺客|弓箭手|猎人|神射手|商人|铁匠|神工匠|炼金术士|创造者|诗人|搞笑艺人|舞娘|冷艳舞姬
1515,1000|2000|2101|2102|2201|2202|3000|3101|3102|3201|3202|4000|4101|4102|5000|5101|5102|7000|7101|7102|6000|6101|6102|6201|6202|7201|7202|7211|7212,卡仑宝宝:初心者|剑士|骑士|骑士领主|十字军|圣殿十字军|服事|牧师|神官|武僧|武术宗师|魔法师|巫师|超魔导士|盗贼|刺客|十字刺客|弓箭手|猎人|神射手|商人|铁匠|神工匠|炼金术士|创造者|诗人|搞笑艺人|舞娘|冷艳舞姬
1516,1000|2000|2101|2102|2201|2202|3000|3101|3102|3201|3202|4000|4101|4102|5000|5101|5102|7000|7101|7102|6000|6101|6102|6201|6202|7201|7202|7211|7212,猪笼草:初心者|剑士|骑士|骑士领主|十字军|圣殿十字军|服事|牧师|神官|武僧|武术宗师|魔法师|巫师|超魔导士|盗贼|刺客|十字刺客|弓箭手|猎人|神射手|商人|铁匠|神工匠|炼金术士|创造者|诗人|搞笑艺人|舞娘|冷艳舞姬
1517,1000|2000|2101|2102|2201|2202|3000|3101|3102|3201|3202|4000|4101|4102|5000|5101|5102|7000|7101|7102|6000|6101|6102|6201|6202|7201|7202|7211|7212,邪恶向日葵:初心者|剑士|骑士|骑士领主|十字军|圣殿十字军|服事|牧师|神官|武僧|武术宗师|魔法师|巫师|超魔导士|盗贼|刺客|十字刺客|弓箭手|猎人|神射手|商人|铁匠|神工匠|炼金术士|创造者|诗人|搞笑艺人|舞娘|冷艳舞姬
1518,1000|2000|2101|2102|2201|2202|3000|3101|3102|3201|3202|4000|4101|4102|5000|5101|5102|7000|7101|7102|6000|6101|6102|6201|6202|7201|7202|7211|7212,狂暴蜂兵:初心者|剑士|骑士|骑士领主|十字军|圣殿十字军|服事|牧师|神官|武僧|武术宗师|魔法师|巫师|超魔导士|盗贼|刺客|十字刺客|弓箭手|猎人|神射手|商人|铁匠|神工匠|炼金术士|创造者|诗人|搞笑艺人|舞娘|冷艳舞姬
1519,1000|2000|2101|2102|2201|2202|3000|3101|3102|3201|3202|4000|4101|4102|5000|5101|5102|7000|7101|7102|6000|6101|6102|6201|6202|7201|7202|7211|7212,朽魔:初心者|剑士|骑士|骑士领主|十字军|圣殿十字军|服事|牧师|神官|武僧|武术宗师|魔法师|巫师|超魔导士|盗贼|刺客|十字刺客|弓箭手|猎人|神射手|商人|铁匠|神工匠|炼金术士|创造者|诗人|搞笑艺人|舞娘|冷艳舞姬
1520,1000|2000|2101|2102|2201|2202|3000|3101|3102|3201|3202|4000|4101|4102|5000|5101|5102|7000|7101|7102|6000|6101|6102|6201|6202|7201|7202|7211|7212,钟塔守护者:初心者|剑士|骑士|骑士领主|十字军|圣殿十字军|服事|牧师|神官|武僧|武术宗师|魔法师|巫师|超魔导士|盗贼|刺客|十字刺客|弓箭手|猎人|神射手|商人|铁匠|神工匠|炼金术士|创造者|诗人|搞笑艺人|舞娘|冷艳舞姬
1521,1000|2000|2101|2102|2201|2202|3000|3101|3102|3201|3202|4000|4101|4102|5000|5101|5102|7000|7101|7102|6000|6101|6102|6201|6202|7201|7202|7211|7212,阴影之书:初心者|剑士|骑士|骑士领主|十字军|圣殿十字军|服事|牧师|神官|武僧|武术宗师|魔法师|巫师|超魔导士|盗贼|刺客|十字刺客|弓箭手|猎人|神射手|商人|铁匠|神工匠|炼金术士|创造者|诗人|搞笑艺人|舞娘|冷艳舞姬
1523,1000|2000|2101|2102|2201|2202|3000|3101|3102|3201|3202|4000|4101|4102|5000|5101|5102|7000|7101|7102|6000|6101|6102|6201|6202|7201|7202|7211|7212,钟怪:初心者|剑士|骑士|骑士领主|十字军|圣殿十字军|服事|牧师|神官|武僧|武术宗师|魔法师|巫师|超魔导士|盗贼|刺客|十字刺客|弓箭手|猎人|神射手|商人|铁匠|神工匠|炼金术士|创造者|诗人|搞笑艺人|舞娘|冷艳舞姬
1524,1000|2000|2101|2102|2201|2202|3000|3101|3102|3201|3202|4000|4101|4102|5000|5101|5102|7000|7101|7102|6000|6101|6102|6201|6202|7201|7202|7211|7212,受到诅咒的箱子:初心者|剑士|骑士|骑士领主|十字军|圣殿十字军|服事|牧师|神官|武僧|武术宗师|魔法师|巫师|超魔导士|盗贼|刺客|十字刺客|弓箭手|猎人|神射手|商人|铁匠|神工匠|炼金术士|创造者|诗人|搞笑艺人|舞娘|冷艳舞姬
1531,1000|2000|2101|2102|2201|2202|3000|3101|3102|3201|3202|4000|4101|4102|5000|5101|5102|7000|7101|7102|6000|6101|6102|6201|6202|7201|7202|7211|7212,魔灵娃娃:初心者|剑士|骑士|骑士领主|十字军|圣殿十字军|服事|牧师|神官|武僧|武术宗师|魔法师|巫师|超魔导士|盗贼|刺客|十字刺客|弓箭手|猎人|神射手|商人|铁匠|神工匠|炼金术士|创造者|诗人|搞笑艺人|舞娘|冷艳舞姬
1602,1000|2000|2101|2102|2201|2202|3000|3101|3102|3201|3202|4000|4101|4102|5000|5101|5102|7000|7101|7102|6000|6101|6102|6201|6202|7201|7202|7211|7212,钟乳巨石怪:初心者|剑士|骑士|骑士领主|十字军|圣殿十字军|服事|牧师|神官|武僧|武术宗师|魔法师|巫师|超魔导士|盗贼|刺客|十字刺客|弓箭手|猎人|神射手|商人|铁匠|神工匠|炼金术士|创造者|诗人|搞笑艺人|舞娘|冷艳舞姬
1603,1000|2000|2101|2102|2201|2202|3000|3101|3102|3201|3202|4000|4101|4102|5000|5101|5102|7000|7101|7102|6000|6101|6102|6201|6202|7201|7202|7211|7212,卡拉蟹:初心者|剑士|骑士|骑士领主|十字军|圣殿十字军|服事|牧师|神官|武僧|武术宗师|魔法师|巫师|超魔导士|盗贼|刺客|十字刺客|弓箭手|猎人|神射手|商人|铁匠|神工匠|炼金术士|创造者|诗人|搞笑艺人|舞娘|冷艳舞姬
1604,1000|2000|2101|2102|2201|2202|3000|3101|3102|3201|3202|4000|4101|4102|5000|5101|5102|7000|7101|7102|6000|6101|6102|6201|6202|7201|7202|7211|7212,米杜沙:初心者|剑士|骑士|骑士领主|十字军|圣殿十字军|服事|牧师|神官|武僧|武术宗师|魔法师|巫师|超魔导士|盗贼|刺客|十字刺客|弓箭手|猎人|神射手|商人|铁匠|神工匠|炼金术士|创造者|诗人|搞笑艺人|舞娘|冷艳舞姬
1605,1000|2000|2101|2102|2201|2202|3000|3101|3102|3201|3202|4000|4101|4102|5000|5101|5102|7000|7101|7102|6000|6101|6102|6201|6202|7201|7202|7211|7212,奈利虫:初心者|剑士|骑士|骑士领主|十字军|圣殿十字军|服事|牧师|神官|武僧|武术宗师|魔法师|巫师|超魔导士|盗贼|刺客|十字刺客|弓箭手|猎人|神射手|商人|铁匠|神工匠|炼金术士|创造者|诗人|搞笑艺人|舞娘|冷艳舞姬
1606,1000|2000|2101|2102|2201|2202|3000|3101|3102|3201|3202|4000|4101|4102|5000|5101|5102|7000|7101|7102|6000|6101|6102|6201|6202|7201|7202|7211|7212,邪恶摩艾:初心者|剑士|骑士|骑士领主|十字军|圣殿十字军|服事|牧师|神官|武僧|武术宗师|魔法师|巫师|超魔导士|盗贼|刺客|十字刺客|弓箭手|猎人|神射手|商人|铁匠|神工匠|炼金术士|创造者|诗人|搞笑艺人|舞娘|冷艳舞姬
1607,1000|2000|2101|2102|2201|2202|3000|3101|3102|3201|3202|4000|4101|4102|5000|5101|5102|7000|7101|7102|6000|6101|6102|6201|6202|7201|7202|7211|7212,愤怒海葵:初心者|剑士|骑士|骑士领主|十字军|圣殿十字军|服事|牧师|神官|武僧|武术宗师|魔法师|巫师|超魔导士|盗贼|刺客|十字刺客|弓箭手|猎人|神射手|商人|铁匠|神工匠|炼金术士|创造者|诗人|搞笑艺人|舞娘|冷艳舞姬
1608,1000|2000|2101|2102|2201|2202|3000|3101|3102|3201|3202|4000|4101|4102|5000|5101|5102|7000|7101|7102|6000|6101|6102|6201|6202|7201|7202|7211|7212,贝壳魔灵:初心者|剑士|骑士|骑士领主|十字军|圣殿十字军|服事|牧师|神官|武僧|武术宗师|魔法师|巫师|超魔导士|盗贼|刺客|十字刺客|弓箭手|猎人|神射手|商人|铁匠|神工匠|炼金术士|创造者|诗人|搞笑艺人|舞娘|冷艳舞姬
1609,1000|2000|2101|2102|2201|2202|3000|3101|3102|3201|3202|4000|4101|4102|5000|5101|5102|7000|7101|7102|6000|6101|6102|6201|6202|7201|7202|7211|7212,海星:初心者|剑士|骑士|骑士领主|十字军|圣殿十字军|服事|牧师|神官|武僧|武术宗师|魔法师|巫师|超魔导士|盗贼|刺客|十字刺客|弓箭手|猎人|神射手|商人|铁匠|神工匠|炼金术士|创造者|诗人|搞笑艺人|舞娘|冷艳舞姬
1610,1000|2000|2101|2102|2201|2202|3000|3101|3102|3201|3202|4000|4101|4102|5000|5101|5102|7000|7101|7102|6000|6101|6102|6201|6202|7201|7202|7211|7212,流氓:初心者|剑士|骑士|骑士领主|十字军|圣殿十字军|服事|牧师|神官|武僧|武术宗师|魔法师|巫师|超魔导士|盗贼|刺客|十字刺客|弓箭手|猎人|神射手|商人|铁匠|神工匠|炼金术士|创造者|诗人|搞笑艺人|舞娘|冷艳舞姬
1611,1000|2000|2101|2102|2201|2202|3000|3101|3102|3201|3202|4000|4101|4102|5000|5101|5102|7000|7101|7102|6000|6101|6102|6201|6202|7201|7202|7211|7212,鳄鱼人:初心者|剑士|骑士|骑士领主|十字军|圣殿十字军|服事|牧师|神官|武僧|武术宗师|魔法师|巫师|超魔导士|盗贼|刺客|十字刺客|弓箭手|猎人|神射手|商人|铁匠|神工匠|炼金术士|创造者|诗人|搞笑艺人|舞娘|冷艳舞姬
1612,2000|2101|2102|2201|2202|3000|3101|3102|3201|3202|4000|4101|4102|7000|7101|7102|6101|6102|6202|7201|7202|7211|7212,绿变色龙:剑士|骑士|骑士领主|十字军|圣殿十字军|服事|牧师|神官|武僧|武术宗师|魔法师|巫师|超魔导士|弓箭手|猎人|神射手|铁匠|神工匠|创造者|诗人|搞笑艺人|舞娘|冷艳舞姬
1613,2000|2101|2102|2201|2202|3000|3101|3102|3201|3202|4000|4101|4102|7000|7101|7102|6101|6102|6202|7201|7202|7211|7212,奈吉鸟:剑士|骑士|骑士领主|十字军|圣殿十字军|服事|牧师|神官|武僧|武术宗师|魔法师|巫师|超魔导士|弓箭手|猎人|神射手|铁匠|神工匠|创造者|诗人|搞笑艺人|舞娘|冷艳舞姬
