Id,MedalId,MedalLv,TotalCost,BaseAtttibuteSwordman,BaseAtttibuteAcolyte,BaseAtttibuteMagician,BaseAtttibuteThief,BaseAtttibuteMerchant,BaseAtttibuteArcher,Consume,TenConsume,OnecZenyEXP,OnceItemEXP,dec,TEXT
ID,勋章Id,勋章等级,升级所需经验（经验上限）,剑士（2000）基础属性，每级对应的属性全部枚举,服事（3000）基础属性，每级对应的属性全部枚举,魔法师（4000）基础属性，每级对应的属性全部枚举,刺客（5000）基础属性，每级对应的属性全部枚举,商人（6000）基础属性，每级对应的属性全部枚举,弓箭手（7000）基础属性，每级对应的属性全部枚举,单次晋升所需的铜币值,十次晋升所需的铜币值,铜币单次进阶给予的经验值,每个道具给予的经验值,前端专用,策划备注
1,1,0,2000,0=27=0=2|0=36=0=2,0=27=0=2|0=36=0=2,0=27=0=2|0=36=0=2,0=27=0=2|0=36=0=2,0=27=0=2|0=36=0=2,0=27=0=2|0=36=0=2,101=20000,101=200000,1000,1000,,物理攻击，魔法攻击
2,1,1,2000,0=27=0=4|0=36=0=4,0=27=0=4|0=36=0=4,0=27=0=4|0=36=0=4,0=27=0=4|0=36=0=4,0=27=0=4|0=36=0=4,0=27=0=4|0=36=0=4,101=20000,101=200000,1000,1000,,物理攻击，魔法攻击
3,1,2,2000,0=27=0=8|0=36=0=8,0=27=0=8|0=36=0=8,0=27=0=8|0=36=0=8,0=27=0=8|0=36=0=8,0=27=0=8|0=36=0=8,0=27=0=8|0=36=0=8,101=20000,101=200000,1000,1000,,物理攻击，魔法攻击
4,1,3,2000,0=27=0=12|0=36=0=12,0=27=0=12|0=36=0=12,0=27=0=12|0=36=0=12,0=27=0=12|0=36=0=12,0=27=0=12|0=36=0=12,0=27=0=12|0=36=0=12,101=20000,101=200000,1000,1000,,物理攻击，魔法攻击
5,1,4,2000,0=27=0=16|0=36=0=16,0=27=0=16|0=36=0=16,0=27=0=16|0=36=0=16,0=27=0=16|0=36=0=16,0=27=0=16|0=36=0=16,0=27=0=16|0=36=0=16,101=20000,101=200000,1000,1000,,物理攻击，魔法攻击
6,1,5,2000,0=27=0=20|0=36=0=20,0=27=0=20|0=36=0=20,0=27=0=20|0=36=0=20,0=27=0=20|0=36=0=20,0=27=0=20|0=36=0=20,0=27=0=20|0=36=0=20,101=20000,101=200000,1000,1000,,物理攻击，魔法攻击
7,1,6,2000,0=27=0=24|0=36=0=24,0=27=0=24|0=36=0=24,0=27=0=24|0=36=0=24,0=27=0=24|0=36=0=24,0=27=0=24|0=36=0=24,0=27=0=24|0=36=0=24,101=20000,101=200000,1000,1000,,物理攻击，魔法攻击
8,1,7,2000,0=27=0=28|0=36=0=28,0=27=0=28|0=36=0=28,0=27=0=28|0=36=0=28,0=27=0=28|0=36=0=28,0=27=0=28|0=36=0=28,0=27=0=28|0=36=0=28,101=20000,101=200000,1000,1000,,物理攻击，魔法攻击
9,1,8,2000,0=27=0=32|0=36=0=32,0=27=0=32|0=36=0=32,0=27=0=32|0=36=0=32,0=27=0=32|0=36=0=32,0=27=0=32|0=36=0=32,0=27=0=32|0=36=0=32,101=20000,101=200000,1000,1000,,物理攻击，魔法攻击
10,1,9,2000,0=27=0=36|0=36=0=36,0=27=0=36|0=36=0=36,0=27=0=36|0=36=0=36,0=27=0=36|0=36=0=36,0=27=0=36|0=36=0=36,0=27=0=36|0=36=0=36,101=20000,101=200000,1000,1000,,物理攻击，魔法攻击
11,1,10,2000,0=27=0=40|0=36=0=40,0=27=0=40|0=36=0=40,0=27=0=40|0=36=0=40,0=27=0=40|0=36=0=40,0=27=0=40|0=36=0=40,0=27=0=40|0=36=0=40,101=20000,101=200000,1000,1000,,物理攻击，魔法攻击
12,1,11,2000,0=27=0=44|0=36=0=44,0=27=0=44|0=36=0=44,0=27=0=44|0=36=0=44,0=27=0=44|0=36=0=44,0=27=0=44|0=36=0=44,0=27=0=44|0=36=0=44,101=20000,101=200000,1000,1000,,物理攻击，魔法攻击
13,1,12,2000,0=27=0=48|0=36=0=48,0=27=0=48|0=36=0=48,0=27=0=48|0=36=0=48,0=27=0=48|0=36=0=48,0=27=0=48|0=36=0=48,0=27=0=48|0=36=0=48,101=20000,101=200000,1000,1000,,物理攻击，魔法攻击
14,1,13,2000,0=27=0=52|0=36=0=52,0=27=0=52|0=36=0=52,0=27=0=52|0=36=0=52,0=27=0=52|0=36=0=52,0=27=0=52|0=36=0=52,0=27=0=52|0=36=0=52,101=20000,101=200000,1000,1000,,物理攻击，魔法攻击
15,1,14,2000,0=27=0=56|0=36=0=56,0=27=0=56|0=36=0=56,0=27=0=56|0=36=0=56,0=27=0=56|0=36=0=56,0=27=0=56|0=36=0=56,0=27=0=56|0=36=0=56,101=20000,101=200000,1000,1000,,物理攻击，魔法攻击
16,1,15,2000,0=27=0=60|0=36=0=60,0=27=0=60|0=36=0=60,0=27=0=60|0=36=0=60,0=27=0=60|0=36=0=60,0=27=0=60|0=36=0=60,0=27=0=60|0=36=0=60,101=20000,101=200000,1000,1000,,物理攻击，魔法攻击
17,1,16,2000,0=27=0=64|0=36=0=64,0=27=0=64|0=36=0=64,0=27=0=64|0=36=0=64,0=27=0=64|0=36=0=64,0=27=0=64|0=36=0=64,0=27=0=64|0=36=0=64,101=20000,101=200000,1000,1000,,物理攻击，魔法攻击
18,1,17,2000,0=27=0=68|0=36=0=68,0=27=0=68|0=36=0=68,0=27=0=68|0=36=0=68,0=27=0=68|0=36=0=68,0=27=0=68|0=36=0=68,0=27=0=68|0=36=0=68,101=20000,101=200000,1000,1000,,物理攻击，魔法攻击
19,1,18,2000,0=27=0=72|0=36=0=72,0=27=0=72|0=36=0=72,0=27=0=72|0=36=0=72,0=27=0=72|0=36=0=72,0=27=0=72|0=36=0=72,0=27=0=72|0=36=0=72,101=20000,101=200000,1000,1000,,物理攻击，魔法攻击
20,1,19,2000,0=27=0=76|0=36=0=76,0=27=0=76|0=36=0=76,0=27=0=76|0=36=0=76,0=27=0=76|0=36=0=76,0=27=0=76|0=36=0=76,0=27=0=76|0=36=0=76,101=20000,101=200000,1000,1000,,物理攻击，魔法攻击
21,1,20,2000,0=27=0=80|0=36=0=80,0=27=0=80|0=36=0=80,0=27=0=80|0=36=0=80,0=27=0=80|0=36=0=80,0=27=0=80|0=36=0=80,0=27=0=80|0=36=0=80,101=20000,101=200000,1000,1000,,物理攻击，魔法攻击
22,1,21,2000,0=27=0=86|0=36=0=86,0=27=0=86|0=36=0=86,0=27=0=86|0=36=0=86,0=27=0=86|0=36=0=86,0=27=0=86|0=36=0=86,0=27=0=86|0=36=0=86,101=20000,101=200000,1000,1000,,物理攻击，魔法攻击
23,1,22,2000,0=27=0=92|0=36=0=92,0=27=0=92|0=36=0=92,0=27=0=92|0=36=0=92,0=27=0=92|0=36=0=92,0=27=0=92|0=36=0=92,0=27=0=92|0=36=0=92,101=20000,101=200000,1000,1000,,物理攻击，魔法攻击
24,1,23,2000,0=27=0=98|0=36=0=98,0=27=0=98|0=36=0=98,0=27=0=98|0=36=0=98,0=27=0=98|0=36=0=98,0=27=0=98|0=36=0=98,0=27=0=98|0=36=0=98,101=20000,101=200000,1000,1000,,物理攻击，魔法攻击
25,1,24,2000,0=27=0=104|0=36=0=104,0=27=0=104|0=36=0=104,0=27=0=104|0=36=0=104,0=27=0=104|0=36=0=104,0=27=0=104|0=36=0=104,0=27=0=104|0=36=0=104,101=20000,101=200000,1000,1000,,物理攻击，魔法攻击
26,1,25,2000,0=27=0=110|0=36=0=110,0=27=0=110|0=36=0=110,0=27=0=110|0=36=0=110,0=27=0=110|0=36=0=110,0=27=0=110|0=36=0=110,0=27=0=110|0=36=0=110,101=20000,101=200000,1000,1000,,物理攻击，魔法攻击
27,1,26,2000,0=27=0=116|0=36=0=116,0=27=0=116|0=36=0=116,0=27=0=116|0=36=0=116,0=27=0=116|0=36=0=116,0=27=0=116|0=36=0=116,0=27=0=116|0=36=0=116,101=20000,101=200000,1000,1000,,物理攻击，魔法攻击
28,1,27,2000,0=27=0=122|0=36=0=122,0=27=0=122|0=36=0=122,0=27=0=122|0=36=0=122,0=27=0=122|0=36=0=122,0=27=0=122|0=36=0=122,0=27=0=122|0=36=0=122,101=20000,101=200000,1000,1000,,物理攻击，魔法攻击
29,1,28,2000,0=27=0=128|0=36=0=128,0=27=0=128|0=36=0=128,0=27=0=128|0=36=0=128,0=27=0=128|0=36=0=128,0=27=0=128|0=36=0=128,0=27=0=128|0=36=0=128,101=20000,101=200000,1000,1000,,物理攻击，魔法攻击
30,1,29,2000,0=27=0=134|0=36=0=134,0=27=0=134|0=36=0=134,0=27=0=134|0=36=0=134,0=27=0=134|0=36=0=134,0=27=0=134|0=36=0=134,0=27=0=134|0=36=0=134,101=20000,101=200000,1000,1000,,物理攻击，魔法攻击
31,1,30,2000,0=27=0=140|0=36=0=140,0=27=0=140|0=36=0=140,0=27=0=140|0=36=0=140,0=27=0=140|0=36=0=140,0=27=0=140|0=36=0=140,0=27=0=140|0=36=0=140,101=20000,101=200000,1000,1000,,物理攻击，魔法攻击
32,1,31,2000,0=27=0=146|0=36=0=146,0=27=0=146|0=36=0=146,0=27=0=146|0=36=0=146,0=27=0=146|0=36=0=146,0=27=0=146|0=36=0=146,0=27=0=146|0=36=0=146,101=20000,101=200000,1000,1000,,物理攻击，魔法攻击
33,1,32,2000,0=27=0=152|0=36=0=152,0=27=0=152|0=36=0=152,0=27=0=152|0=36=0=152,0=27=0=152|0=36=0=152,0=27=0=152|0=36=0=152,0=27=0=152|0=36=0=152,101=20000,101=200000,1000,1000,,物理攻击，魔法攻击
34,1,33,2000,0=27=0=158|0=36=0=158,0=27=0=158|0=36=0=158,0=27=0=158|0=36=0=158,0=27=0=158|0=36=0=158,0=27=0=158|0=36=0=158,0=27=0=158|0=36=0=158,101=20000,101=200000,1000,1000,,物理攻击，魔法攻击
35,1,34,2000,0=27=0=164|0=36=0=164,0=27=0=164|0=36=0=164,0=27=0=164|0=36=0=164,0=27=0=164|0=36=0=164,0=27=0=164|0=36=0=164,0=27=0=164|0=36=0=164,101=20000,101=200000,1000,1000,,物理攻击，魔法攻击
36,1,35,2000,0=27=0=170|0=36=0=170,0=27=0=170|0=36=0=170,0=27=0=170|0=36=0=170,0=27=0=170|0=36=0=170,0=27=0=170|0=36=0=170,0=27=0=170|0=36=0=170,101=20000,101=200000,1000,1000,,物理攻击，魔法攻击
37,1,36,2000,0=27=0=176|0=36=0=176,0=27=0=176|0=36=0=176,0=27=0=176|0=36=0=176,0=27=0=176|0=36=0=176,0=27=0=176|0=36=0=176,0=27=0=176|0=36=0=176,101=20000,101=200000,1000,1000,,物理攻击，魔法攻击
38,1,37,2000,0=27=0=182|0=36=0=182,0=27=0=182|0=36=0=182,0=27=0=182|0=36=0=182,0=27=0=182|0=36=0=182,0=27=0=182|0=36=0=182,0=27=0=182|0=36=0=182,101=20000,101=200000,1000,1000,,物理攻击，魔法攻击
39,1,38,2000,0=27=0=188|0=36=0=188,0=27=0=188|0=36=0=188,0=27=0=188|0=36=0=188,0=27=0=188|0=36=0=188,0=27=0=188|0=36=0=188,0=27=0=188|0=36=0=188,101=20000,101=200000,1000,1000,,物理攻击，魔法攻击
40,1,39,2000,0=27=0=194|0=36=0=194,0=27=0=194|0=36=0=194,0=27=0=194|0=36=0=194,0=27=0=194|0=36=0=194,0=27=0=194|0=36=0=194,0=27=0=194|0=36=0=194,101=20000,101=200000,1000,1000,,物理攻击，魔法攻击
41,1,40,2000,0=27=0=200|0=36=0=200,0=27=0=200|0=36=0=200,0=27=0=200|0=36=0=200,0=27=0=200|0=36=0=200,0=27=0=200|0=36=0=200,0=27=0=200|0=36=0=200,101=20000,101=200000,1000,1000,,物理攻击，魔法攻击
42,2,0,2000,0=47=0=13|0=65=0=13,0=47=0=13|0=65=0=13,0=47=0=13|0=65=0=13,0=47=0=13|0=65=0=13,0=47=0=13|0=65=0=13,0=47=0=13|0=65=0=13,101=20000,101=200000,1000,1000,,生命上限，物伤加成%
43,2,1,2000,0=47=0=27|0=65=0=25,0=47=0=27|0=65=0=25,0=47=0=27|0=65=0=25,0=47=0=27|0=65=0=25,0=47=0=27|0=65=0=25,0=47=0=27|0=65=0=25,101=20000,101=200000,1000,1000,,生命上限，物伤加成%
44,2,2,2000,0=47=0=45|0=65=0=50,0=47=0=45|0=65=0=50,0=47=0=45|0=65=0=50,0=47=0=45|0=65=0=50,0=47=0=45|0=65=0=50,0=47=0=45|0=65=0=50,101=20000,101=200000,1000,1000,,生命上限，物伤加成%
45,2,3,2000,0=47=0=62|0=65=0=75,0=47=0=62|0=65=0=75,0=47=0=62|0=65=0=75,0=47=0=62|0=65=0=75,0=47=0=62|0=65=0=75,0=47=0=62|0=65=0=75,101=20000,101=200000,1000,1000,,生命上限，物伤加成%
46,2,4,2000,0=47=0=80|0=65=0=100,0=47=0=80|0=65=0=100,0=47=0=80|0=65=0=100,0=47=0=80|0=65=0=100,0=47=0=80|0=65=0=100,0=47=0=80|0=65=0=100,101=20000,101=200000,1000,1000,,生命上限，物伤加成%
47,2,5,2000,0=47=0=97|0=65=0=125,0=47=0=97|0=65=0=125,0=47=0=97|0=65=0=125,0=47=0=97|0=65=0=125,0=47=0=97|0=65=0=125,0=47=0=97|0=65=0=125,101=20000,101=200000,1000,1000,,生命上限，物伤加成%
48,2,6,2000,0=47=0=115|0=65=0=150,0=47=0=115|0=65=0=150,0=47=0=115|0=65=0=150,0=47=0=115|0=65=0=150,0=47=0=115|0=65=0=150,0=47=0=115|0=65=0=150,101=20000,101=200000,1000,1000,,生命上限，物伤加成%
49,2,7,2000,0=47=0=132|0=65=0=175,0=47=0=132|0=65=0=175,0=47=0=132|0=65=0=175,0=47=0=132|0=65=0=175,0=47=0=132|0=65=0=175,0=47=0=132|0=65=0=175,101=20000,101=200000,1000,1000,,生命上限，物伤加成%
50,2,8,2000,0=47=0=150|0=65=0=200,0=47=0=150|0=65=0=200,0=47=0=150|0=65=0=200,0=47=0=150|0=65=0=200,0=47=0=150|0=65=0=200,0=47=0=150|0=65=0=200,101=20000,101=200000,1000,1000,,生命上限，物伤加成%
51,2,9,2000,0=47=0=167|0=65=0=225,0=47=0=167|0=65=0=225,0=47=0=167|0=65=0=225,0=47=0=167|0=65=0=225,0=47=0=167|0=65=0=225,0=47=0=167|0=65=0=225,101=20000,101=200000,1000,1000,,生命上限，物伤加成%
52,2,10,2000,0=47=0=185|0=65=0=250,0=47=0=185|0=65=0=250,0=47=0=185|0=65=0=250,0=47=0=185|0=65=0=250,0=47=0=185|0=65=0=250,0=47=0=185|0=65=0=250,101=20000,101=200000,1000,1000,,生命上限，物伤加成%
53,2,11,2000,0=47=0=202|0=65=0=275,0=47=0=202|0=65=0=275,0=47=0=202|0=65=0=275,0=47=0=202|0=65=0=275,0=47=0=202|0=65=0=275,0=47=0=202|0=65=0=275,101=20000,101=200000,1000,1000,,生命上限，物伤加成%
54,2,12,2000,0=47=0=220|0=65=0=300,0=47=0=220|0=65=0=300,0=47=0=220|0=65=0=300,0=47=0=220|0=65=0=300,0=47=0=220|0=65=0=300,0=47=0=220|0=65=0=300,101=20000,101=200000,1000,1000,,生命上限，物伤加成%
55,2,13,2000,0=47=0=237|0=65=0=325,0=47=0=237|0=65=0=325,0=47=0=237|0=65=0=325,0=47=0=237|0=65=0=325,0=47=0=237|0=65=0=325,0=47=0=237|0=65=0=325,101=20000,101=200000,1000,1000,,生命上限，物伤加成%
56,2,14,2000,0=47=0=255|0=65=0=350,0=47=0=255|0=65=0=350,0=47=0=255|0=65=0=350,0=47=0=255|0=65=0=350,0=47=0=255|0=65=0=350,0=47=0=255|0=65=0=350,101=20000,101=200000,1000,1000,,生命上限，物伤加成%
57,2,15,2000,0=47=0=272|0=65=0=375,0=47=0=272|0=65=0=375,0=47=0=272|0=65=0=375,0=47=0=272|0=65=0=375,0=47=0=272|0=65=0=375,0=47=0=272|0=65=0=375,101=20000,101=200000,1000,1000,,生命上限，物伤加成%
58,2,16,2000,0=47=0=290|0=65=0=400,0=47=0=290|0=65=0=400,0=47=0=290|0=65=0=400,0=47=0=290|0=65=0=400,0=47=0=290|0=65=0=400,0=47=0=290|0=65=0=400,101=20000,101=200000,1000,1000,,生命上限，物伤加成%
59,2,17,2000,0=47=0=307|0=65=0=425,0=47=0=307|0=65=0=425,0=47=0=307|0=65=0=425,0=47=0=307|0=65=0=425,0=47=0=307|0=65=0=425,0=47=0=307|0=65=0=425,101=20000,101=200000,1000,1000,,生命上限，物伤加成%
60,2,18,2000,0=47=0=325|0=65=0=450,0=47=0=325|0=65=0=450,0=47=0=325|0=65=0=450,0=47=0=325|0=65=0=450,0=47=0=325|0=65=0=450,0=47=0=325|0=65=0=450,101=20000,101=200000,1000,1000,,生命上限，物伤加成%
61,2,19,2000,0=47=0=342|0=65=0=475,0=47=0=342|0=65=0=475,0=47=0=342|0=65=0=475,0=47=0=342|0=65=0=475,0=47=0=342|0=65=0=475,0=47=0=342|0=65=0=475,101=20000,101=200000,1000,1000,,生命上限，物伤加成%
62,2,20,2000,0=47=0=360|0=65=0=500,0=47=0=360|0=65=0=500,0=47=0=360|0=65=0=500,0=47=0=360|0=65=0=500,0=47=0=360|0=65=0=500,0=47=0=360|0=65=0=500,101=20000,101=200000,1000,1000,,生命上限，物伤加成%
63,2,21,2000,0=47=0=385|0=65=0=540,0=47=0=385|0=65=0=540,0=47=0=385|0=65=0=540,0=47=0=385|0=65=0=540,0=47=0=385|0=65=0=540,0=47=0=385|0=65=0=540,101=20000,101=200000,1000,1000,,生命上限，物伤加成%
64,2,22,2000,0=47=0=410|0=65=0=580,0=47=0=410|0=65=0=580,0=47=0=410|0=65=0=580,0=47=0=410|0=65=0=580,0=47=0=410|0=65=0=580,0=47=0=410|0=65=0=580,101=20000,101=200000,1000,1000,,生命上限，物伤加成%
65,2,23,2000,0=47=0=435|0=65=0=620,0=47=0=435|0=65=0=620,0=47=0=435|0=65=0=620,0=47=0=435|0=65=0=620,0=47=0=435|0=65=0=620,0=47=0=435|0=65=0=620,101=20000,101=200000,1000,1000,,生命上限，物伤加成%
66,2,24,2000,0=47=0=460|0=65=0=660,0=47=0=460|0=65=0=660,0=47=0=460|0=65=0=660,0=47=0=460|0=65=0=660,0=47=0=460|0=65=0=660,0=47=0=460|0=65=0=660,101=20000,101=200000,1000,1000,,生命上限，物伤加成%
67,2,25,2000,0=47=0=485|0=65=0=700,0=47=0=485|0=65=0=700,0=47=0=485|0=65=0=700,0=47=0=485|0=65=0=700,0=47=0=485|0=65=0=700,0=47=0=485|0=65=0=700,101=20000,101=200000,1000,1000,,生命上限，物伤加成%
68,2,26,2000,0=47=0=510|0=65=0=740,0=47=0=510|0=65=0=740,0=47=0=510|0=65=0=740,0=47=0=510|0=65=0=740,0=47=0=510|0=65=0=740,0=47=0=510|0=65=0=740,101=20000,101=200000,1000,1000,,生命上限，物伤加成%
69,2,27,2000,0=47=0=535|0=65=0=780,0=47=0=535|0=65=0=780,0=47=0=535|0=65=0=780,0=47=0=535|0=65=0=780,0=47=0=535|0=65=0=780,0=47=0=535|0=65=0=780,101=20000,101=200000,1000,1000,,生命上限，物伤加成%
70,2,28,2000,0=47=0=560|0=65=0=820,0=47=0=560|0=65=0=820,0=47=0=560|0=65=0=820,0=47=0=560|0=65=0=820,0=47=0=560|0=65=0=820,0=47=0=560|0=65=0=820,101=20000,101=200000,1000,1000,,生命上限，物伤加成%
71,2,29,2000,0=47=0=585|0=65=0=860,0=47=0=585|0=65=0=860,0=47=0=585|0=65=0=860,0=47=0=585|0=65=0=860,0=47=0=585|0=65=0=860,0=47=0=585|0=65=0=860,101=20000,101=200000,1000,1000,,生命上限，物伤加成%
72,2,30,2000,0=47=0=610|0=65=0=900,0=47=0=610|0=65=0=900,0=47=0=610|0=65=0=900,0=47=0=610|0=65=0=900,0=47=0=610|0=65=0=900,0=47=0=610|0=65=0=900,101=20000,101=200000,1000,1000,,生命上限，物伤加成%
73,2,31,2000,0=47=0=635|0=65=0=940,0=47=0=635|0=65=0=940,0=47=0=635|0=65=0=940,0=47=0=635|0=65=0=940,0=47=0=635|0=65=0=940,0=47=0=635|0=65=0=940,101=20000,101=200000,1000,1000,,生命上限，物伤加成%
74,2,32,2000,0=47=0=660|0=65=0=980,0=47=0=660|0=65=0=980,0=47=0=660|0=65=0=980,0=47=0=660|0=65=0=980,0=47=0=660|0=65=0=980,0=47=0=660|0=65=0=980,101=20000,101=200000,1000,1000,,生命上限，物伤加成%
75,2,33,2000,0=47=0=685|0=65=0=1020,0=47=0=685|0=65=0=1020,0=47=0=685|0=65=0=1020,0=47=0=685|0=65=0=1020,0=47=0=685|0=65=0=1020,0=47=0=685|0=65=0=1020,101=20000,101=200000,1000,1000,,生命上限，物伤加成%
76,2,34,2000,0=47=0=710|0=65=0=1060,0=47=0=710|0=65=0=1060,0=47=0=710|0=65=0=1060,0=47=0=710|0=65=0=1060,0=47=0=710|0=65=0=1060,0=47=0=710|0=65=0=1060,101=20000,101=200000,1000,1000,,生命上限，物伤加成%
77,2,35,2000,0=47=0=735|0=65=0=1100,0=47=0=735|0=65=0=1100,0=47=0=735|0=65=0=1100,0=47=0=735|0=65=0=1100,0=47=0=735|0=65=0=1100,0=47=0=735|0=65=0=1100,101=20000,101=200000,1000,1000,,生命上限，物伤加成%
78,2,36,2000,0=47=0=760|0=65=0=1140,0=47=0=760|0=65=0=1140,0=47=0=760|0=65=0=1140,0=47=0=760|0=65=0=1140,0=47=0=760|0=65=0=1140,0=47=0=760|0=65=0=1140,101=20000,101=200000,1000,1000,,生命上限，物伤加成%
79,2,37,2000,0=47=0=785|0=65=0=1180,0=47=0=785|0=65=0=1180,0=47=0=785|0=65=0=1180,0=47=0=785|0=65=0=1180,0=47=0=785|0=65=0=1180,0=47=0=785|0=65=0=1180,101=20000,101=200000,1000,1000,,生命上限，物伤加成%
80,2,38,2000,0=47=0=810|0=65=0=1220,0=47=0=810|0=65=0=1220,0=47=0=810|0=65=0=1220,0=47=0=810|0=65=0=1220,0=47=0=810|0=65=0=1220,0=47=0=810|0=65=0=1220,101=20000,101=200000,1000,1000,,生命上限，物伤加成%
81,2,39,2000,0=47=0=835|0=65=0=1260,0=47=0=835|0=65=0=1260,0=47=0=835|0=65=0=1260,0=47=0=835|0=65=0=1260,0=47=0=835|0=65=0=1260,0=47=0=835|0=65=0=1260,101=20000,101=200000,1000,1000,,生命上限，物伤加成%
82,2,40,2000,0=47=0=860|0=65=0=1300,0=47=0=860|0=65=0=1300,0=47=0=860|0=65=0=1300,0=47=0=860|0=65=0=1300,0=47=0=860|0=65=0=1300,0=47=0=860|0=65=0=1300,101=20000,101=200000,1000,1000,,生命上限，物伤加成%
83,3,0,2000,0=47=0=13|0=66=0=13,0=47=0=13|0=66=0=13,0=47=0=13|0=66=0=13,0=47=0=13|0=66=0=13,0=47=0=13|0=66=0=13,0=47=0=13|0=66=0=13,101=20000,101=200000,1000,1000,,生命上限，魔伤加成%
84,3,1,2000,0=47=0=27|0=66=0=25,0=47=0=27|0=66=0=25,0=47=0=27|0=66=0=25,0=47=0=27|0=66=0=25,0=47=0=27|0=66=0=25,0=47=0=27|0=66=0=25,101=20000,101=200000,1000,1000,,生命上限，魔伤加成%
85,3,2,2000,0=47=0=45|0=66=0=50,0=47=0=45|0=66=0=50,0=47=0=45|0=66=0=50,0=47=0=45|0=66=0=50,0=47=0=45|0=66=0=50,0=47=0=45|0=66=0=50,101=20000,101=200000,1000,1000,,生命上限，魔伤加成%
86,3,3,2000,0=47=0=62|0=66=0=75,0=47=0=62|0=66=0=75,0=47=0=62|0=66=0=75,0=47=0=62|0=66=0=75,0=47=0=62|0=66=0=75,0=47=0=62|0=66=0=75,101=20000,101=200000,1000,1000,,生命上限，魔伤加成%
87,3,4,2000,0=47=0=80|0=66=0=100,0=47=0=80|0=66=0=100,0=47=0=80|0=66=0=100,0=47=0=80|0=66=0=100,0=47=0=80|0=66=0=100,0=47=0=80|0=66=0=100,101=20000,101=200000,1000,1000,,生命上限，魔伤加成%
88,3,5,2000,0=47=0=97|0=66=0=125,0=47=0=97|0=66=0=125,0=47=0=97|0=66=0=125,0=47=0=97|0=66=0=125,0=47=0=97|0=66=0=125,0=47=0=97|0=66=0=125,101=20000,101=200000,1000,1000,,生命上限，魔伤加成%
89,3,6,2000,0=47=0=115|0=66=0=150,0=47=0=115|0=66=0=150,0=47=0=115|0=66=0=150,0=47=0=115|0=66=0=150,0=47=0=115|0=66=0=150,0=47=0=115|0=66=0=150,101=20000,101=200000,1000,1000,,生命上限，魔伤加成%
90,3,7,2000,0=47=0=132|0=66=0=175,0=47=0=132|0=66=0=175,0=47=0=132|0=66=0=175,0=47=0=132|0=66=0=175,0=47=0=132|0=66=0=175,0=47=0=132|0=66=0=175,101=20000,101=200000,1000,1000,,生命上限，魔伤加成%
91,3,8,2000,0=47=0=150|0=66=0=200,0=47=0=150|0=66=0=200,0=47=0=150|0=66=0=200,0=47=0=150|0=66=0=200,0=47=0=150|0=66=0=200,0=47=0=150|0=66=0=200,101=20000,101=200000,1000,1000,,生命上限，魔伤加成%
92,3,9,2000,0=47=0=167|0=66=0=225,0=47=0=167|0=66=0=225,0=47=0=167|0=66=0=225,0=47=0=167|0=66=0=225,0=47=0=167|0=66=0=225,0=47=0=167|0=66=0=225,101=20000,101=200000,1000,1000,,生命上限，魔伤加成%
93,3,10,2000,0=47=0=185|0=66=0=250,0=47=0=185|0=66=0=250,0=47=0=185|0=66=0=250,0=47=0=185|0=66=0=250,0=47=0=185|0=66=0=250,0=47=0=185|0=66=0=250,101=20000,101=200000,1000,1000,,生命上限，魔伤加成%
94,3,11,2000,0=47=0=202|0=66=0=275,0=47=0=202|0=66=0=275,0=47=0=202|0=66=0=275,0=47=0=202|0=66=0=275,0=47=0=202|0=66=0=275,0=47=0=202|0=66=0=275,101=20000,101=200000,1000,1000,,生命上限，魔伤加成%
95,3,12,2000,0=47=0=220|0=66=0=300,0=47=0=220|0=66=0=300,0=47=0=220|0=66=0=300,0=47=0=220|0=66=0=300,0=47=0=220|0=66=0=300,0=47=0=220|0=66=0=300,101=20000,101=200000,1000,1000,,生命上限，魔伤加成%
96,3,13,2000,0=47=0=237|0=66=0=325,0=47=0=237|0=66=0=325,0=47=0=237|0=66=0=325,0=47=0=237|0=66=0=325,0=47=0=237|0=66=0=325,0=47=0=237|0=66=0=325,101=20000,101=200000,1000,1000,,生命上限，魔伤加成%
97,3,14,2000,0=47=0=255|0=66=0=350,0=47=0=255|0=66=0=350,0=47=0=255|0=66=0=350,0=47=0=255|0=66=0=350,0=47=0=255|0=66=0=350,0=47=0=255|0=66=0=350,101=20000,101=200000,1000,1000,,生命上限，魔伤加成%
98,3,15,2000,0=47=0=272|0=66=0=375,0=47=0=272|0=66=0=375,0=47=0=272|0=66=0=375,0=47=0=272|0=66=0=375,0=47=0=272|0=66=0=375,0=47=0=272|0=66=0=375,101=20000,101=200000,1000,1000,,生命上限，魔伤加成%
99,3,16,2000,0=47=0=290|0=66=0=400,0=47=0=290|0=66=0=400,0=47=0=290|0=66=0=400,0=47=0=290|0=66=0=400,0=47=0=290|0=66=0=400,0=47=0=290|0=66=0=400,101=20000,101=200000,1000,1000,,生命上限，魔伤加成%
100,3,17,2000,0=47=0=307|0=66=0=425,0=47=0=307|0=66=0=425,0=47=0=307|0=66=0=425,0=47=0=307|0=66=0=425,0=47=0=307|0=66=0=425,0=47=0=307|0=66=0=425,101=20000,101=200000,1000,1000,,生命上限，魔伤加成%
101,3,18,2000,0=47=0=325|0=66=0=450,0=47=0=325|0=66=0=450,0=47=0=325|0=66=0=450,0=47=0=325|0=66=0=450,0=47=0=325|0=66=0=450,0=47=0=325|0=66=0=450,101=20000,101=200000,1000,1000,,生命上限，魔伤加成%
102,3,19,2000,0=47=0=342|0=66=0=475,0=47=0=342|0=66=0=475,0=47=0=342|0=66=0=475,0=47=0=342|0=66=0=475,0=47=0=342|0=66=0=475,0=47=0=342|0=66=0=475,101=20000,101=200000,1000,1000,,生命上限，魔伤加成%
103,3,20,2000,0=47=0=360|0=66=0=500,0=47=0=360|0=66=0=500,0=47=0=360|0=66=0=500,0=47=0=360|0=66=0=500,0=47=0=360|0=66=0=500,0=47=0=360|0=66=0=500,101=20000,101=200000,1000,1000,,生命上限，魔伤加成%
104,3,21,2000,0=47=0=385|0=66=0=540,0=47=0=385|0=66=0=540,0=47=0=385|0=66=0=540,0=47=0=385|0=66=0=540,0=47=0=385|0=66=0=540,0=47=0=385|0=66=0=540,101=20000,101=200000,1000,1000,,生命上限，魔伤加成%
105,3,22,2000,0=47=0=410|0=66=0=580,0=47=0=410|0=66=0=580,0=47=0=410|0=66=0=580,0=47=0=410|0=66=0=580,0=47=0=410|0=66=0=580,0=47=0=410|0=66=0=580,101=20000,101=200000,1000,1000,,生命上限，魔伤加成%
106,3,23,2000,0=47=0=435|0=66=0=620,0=47=0=435|0=66=0=620,0=47=0=435|0=66=0=620,0=47=0=435|0=66=0=620,0=47=0=435|0=66=0=620,0=47=0=435|0=66=0=620,101=20000,101=200000,1000,1000,,生命上限，魔伤加成%
107,3,24,2000,0=47=0=460|0=66=0=660,0=47=0=460|0=66=0=660,0=47=0=460|0=66=0=660,0=47=0=460|0=66=0=660,0=47=0=460|0=66=0=660,0=47=0=460|0=66=0=660,101=20000,101=200000,1000,1000,,生命上限，魔伤加成%
108,3,25,2000,0=47=0=485|0=66=0=700,0=47=0=485|0=66=0=700,0=47=0=485|0=66=0=700,0=47=0=485|0=66=0=700,0=47=0=485|0=66=0=700,0=47=0=485|0=66=0=700,101=20000,101=200000,1000,1000,,生命上限，魔伤加成%
109,3,26,2000,0=47=0=510|0=66=0=740,0=47=0=510|0=66=0=740,0=47=0=510|0=66=0=740,0=47=0=510|0=66=0=740,0=47=0=510|0=66=0=740,0=47=0=510|0=66=0=740,101=20000,101=200000,1000,1000,,生命上限，魔伤加成%
110,3,27,2000,0=47=0=535|0=66=0=780,0=47=0=535|0=66=0=780,0=47=0=535|0=66=0=780,0=47=0=535|0=66=0=780,0=47=0=535|0=66=0=780,0=47=0=535|0=66=0=780,101=20000,101=200000,1000,1000,,生命上限，魔伤加成%
111,3,28,2000,0=47=0=560|0=66=0=820,0=47=0=560|0=66=0=820,0=47=0=560|0=66=0=820,0=47=0=560|0=66=0=820,0=47=0=560|0=66=0=820,0=47=0=560|0=66=0=820,101=20000,101=200000,1000,1000,,生命上限，魔伤加成%
112,3,29,2000,0=47=0=585|0=66=0=860,0=47=0=585|0=66=0=860,0=47=0=585|0=66=0=860,0=47=0=585|0=66=0=860,0=47=0=585|0=66=0=860,0=47=0=585|0=66=0=860,101=20000,101=200000,1000,1000,,生命上限，魔伤加成%
113,3,30,2000,0=47=0=610|0=66=0=900,0=47=0=610|0=66=0=900,0=47=0=610|0=66=0=900,0=47=0=610|0=66=0=900,0=47=0=610|0=66=0=900,0=47=0=610|0=66=0=900,101=20000,101=200000,1000,1000,,生命上限，魔伤加成%
114,3,31,2000,0=47=0=635|0=66=0=940,0=47=0=635|0=66=0=940,0=47=0=635|0=66=0=940,0=47=0=635|0=66=0=940,0=47=0=635|0=66=0=940,0=47=0=635|0=66=0=940,101=20000,101=200000,1000,1000,,生命上限，魔伤加成%
115,3,32,2000,0=47=0=660|0=66=0=980,0=47=0=660|0=66=0=980,0=47=0=660|0=66=0=980,0=47=0=660|0=66=0=980,0=47=0=660|0=66=0=980,0=47=0=660|0=66=0=980,101=20000,101=200000,1000,1000,,生命上限，魔伤加成%
116,3,33,2000,0=47=0=685|0=66=0=1020,0=47=0=685|0=66=0=1020,0=47=0=685|0=66=0=1020,0=47=0=685|0=66=0=1020,0=47=0=685|0=66=0=1020,0=47=0=685|0=66=0=1020,101=20000,101=200000,1000,1000,,生命上限，魔伤加成%
117,3,34,2000,0=47=0=710|0=66=0=1060,0=47=0=710|0=66=0=1060,0=47=0=710|0=66=0=1060,0=47=0=710|0=66=0=1060,0=47=0=710|0=66=0=1060,0=47=0=710|0=66=0=1060,101=20000,101=200000,1000,1000,,生命上限，魔伤加成%
118,3,35,2000,0=47=0=735|0=66=0=1100,0=47=0=735|0=66=0=1100,0=47=0=735|0=66=0=1100,0=47=0=735|0=66=0=1100,0=47=0=735|0=66=0=1100,0=47=0=735|0=66=0=1100,101=20000,101=200000,1000,1000,,生命上限，魔伤加成%
119,3,36,2000,0=47=0=760|0=66=0=1140,0=47=0=760|0=66=0=1140,0=47=0=760|0=66=0=1140,0=47=0=760|0=66=0=1140,0=47=0=760|0=66=0=1140,0=47=0=760|0=66=0=1140,101=20000,101=200000,1000,1000,,生命上限，魔伤加成%
120,3,37,2000,0=47=0=785|0=66=0=1180,0=47=0=785|0=66=0=1180,0=47=0=785|0=66=0=1180,0=47=0=785|0=66=0=1180,0=47=0=785|0=66=0=1180,0=47=0=785|0=66=0=1180,101=20000,101=200000,1000,1000,,生命上限，魔伤加成%
121,3,38,2000,0=47=0=810|0=66=0=1220,0=47=0=810|0=66=0=1220,0=47=0=810|0=66=0=1220,0=47=0=810|0=66=0=1220,0=47=0=810|0=66=0=1220,0=47=0=810|0=66=0=1220,101=20000,101=200000,1000,1000,,生命上限，魔伤加成%
122,3,39,2000,0=47=0=835|0=66=0=1260,0=47=0=835|0=66=0=1260,0=47=0=835|0=66=0=1260,0=47=0=835|0=66=0=1260,0=47=0=835|0=66=0=1260,0=47=0=835|0=66=0=1260,101=20000,101=200000,1000,1000,,生命上限，魔伤加成%
123,3,40,2000,0=47=0=860|0=66=0=1300,0=47=0=860|0=66=0=1300,0=47=0=860|0=66=0=1300,0=47=0=860|0=66=0=1300,0=47=0=860|0=66=0=1300,0=47=0=860|0=66=0=1300,101=20000,101=200000,1000,1000,,生命上限，魔伤加成%
124,4,0,2000,0=27=0=2|0=36=0=2,0=27=0=2|0=36=0=2,0=27=0=2|0=36=0=2,0=27=0=2|0=36=0=2,0=27=0=2|0=36=0=2,0=27=0=2|0=36=0=2,101=20000,101=200000,1000,1000,,佣兵物理攻击、魔法攻击
125,4,1,2000,0=27=0=5|0=36=0=5,0=27=0=5|0=36=0=5,0=27=0=5|0=36=0=5,0=27=0=5|0=36=0=5,0=27=0=5|0=36=0=5,0=27=0=5|0=36=0=5,101=20000,101=200000,1000,1000,,佣兵物理攻击、魔法攻击
126,4,2,2000,0=27=0=10|0=36=0=10,0=27=0=10|0=36=0=10,0=27=0=10|0=36=0=10,0=27=0=10|0=36=0=10,0=27=0=10|0=36=0=10,0=27=0=10|0=36=0=10,101=20000,101=200000,1000,1000,,佣兵物理攻击、魔法攻击
127,4,3,2000,0=27=0=15|0=36=0=15,0=27=0=15|0=36=0=15,0=27=0=15|0=36=0=15,0=27=0=15|0=36=0=15,0=27=0=15|0=36=0=15,0=27=0=15|0=36=0=15,101=20000,101=200000,1000,1000,,佣兵物理攻击、魔法攻击
128,4,4,2000,0=27=0=20|0=36=0=20,0=27=0=20|0=36=0=20,0=27=0=20|0=36=0=20,0=27=0=20|0=36=0=20,0=27=0=20|0=36=0=20,0=27=0=20|0=36=0=20,101=20000,101=200000,1000,1000,,佣兵物理攻击、魔法攻击
129,4,5,2000,0=27=0=25|0=36=0=25,0=27=0=25|0=36=0=25,0=27=0=25|0=36=0=25,0=27=0=25|0=36=0=25,0=27=0=25|0=36=0=25,0=27=0=25|0=36=0=25,101=20000,101=200000,1000,1000,,佣兵物理攻击、魔法攻击
130,4,6,2000,0=27=0=30|0=36=0=30,0=27=0=30|0=36=0=30,0=27=0=30|0=36=0=30,0=27=0=30|0=36=0=30,0=27=0=30|0=36=0=30,0=27=0=30|0=36=0=30,101=20000,101=200000,1000,1000,,佣兵物理攻击、魔法攻击
131,4,7,2000,0=27=0=35|0=36=0=35,0=27=0=35|0=36=0=35,0=27=0=35|0=36=0=35,0=27=0=35|0=36=0=35,0=27=0=35|0=36=0=35,0=27=0=35|0=36=0=35,101=20000,101=200000,1000,1000,,佣兵物理攻击、魔法攻击
132,4,8,2000,0=27=0=40|0=36=0=40,0=27=0=40|0=36=0=40,0=27=0=40|0=36=0=40,0=27=0=40|0=36=0=40,0=27=0=40|0=36=0=40,0=27=0=40|0=36=0=40,101=20000,101=200000,1000,1000,,佣兵物理攻击、魔法攻击
133,4,9,2000,0=27=0=45|0=36=0=45,0=27=0=45|0=36=0=45,0=27=0=45|0=36=0=45,0=27=0=45|0=36=0=45,0=27=0=45|0=36=0=45,0=27=0=45|0=36=0=45,101=20000,101=200000,1000,1000,,佣兵物理攻击、魔法攻击
134,4,10,2000,0=27=0=50|0=36=0=50,0=27=0=50|0=36=0=50,0=27=0=50|0=36=0=50,0=27=0=50|0=36=0=50,0=27=0=50|0=36=0=50,0=27=0=50|0=36=0=50,101=20000,101=200000,1000,1000,,佣兵物理攻击、魔法攻击
135,4,11,2000,0=27=0=55|0=36=0=55,0=27=0=55|0=36=0=55,0=27=0=55|0=36=0=55,0=27=0=55|0=36=0=55,0=27=0=55|0=36=0=55,0=27=0=55|0=36=0=55,101=20000,101=200000,1000,1000,,佣兵物理攻击、魔法攻击
136,4,12,2000,0=27=0=60|0=36=0=60,0=27=0=60|0=36=0=60,0=27=0=60|0=36=0=60,0=27=0=60|0=36=0=60,0=27=0=60|0=36=0=60,0=27=0=60|0=36=0=60,101=20000,101=200000,1000,1000,,佣兵物理攻击、魔法攻击
137,4,13,2000,0=27=0=65|0=36=0=65,0=27=0=65|0=36=0=65,0=27=0=65|0=36=0=65,0=27=0=65|0=36=0=65,0=27=0=65|0=36=0=65,0=27=0=65|0=36=0=65,101=20000,101=200000,1000,1000,,佣兵物理攻击、魔法攻击
138,4,14,2000,0=27=0=70|0=36=0=70,0=27=0=70|0=36=0=70,0=27=0=70|0=36=0=70,0=27=0=70|0=36=0=70,0=27=0=70|0=36=0=70,0=27=0=70|0=36=0=70,101=20000,101=200000,1000,1000,,佣兵物理攻击、魔法攻击
139,4,15,2000,0=27=0=75|0=36=0=75,0=27=0=75|0=36=0=75,0=27=0=75|0=36=0=75,0=27=0=75|0=36=0=75,0=27=0=75|0=36=0=75,0=27=0=75|0=36=0=75,101=20000,101=200000,1000,1000,,佣兵物理攻击、魔法攻击
140,4,16,2000,0=27=0=80|0=36=0=80,0=27=0=80|0=36=0=80,0=27=0=80|0=36=0=80,0=27=0=80|0=36=0=80,0=27=0=80|0=36=0=80,0=27=0=80|0=36=0=80,101=20000,101=200000,1000,1000,,佣兵物理攻击、魔法攻击
141,4,17,2000,0=27=0=85|0=36=0=85,0=27=0=85|0=36=0=85,0=27=0=85|0=36=0=85,0=27=0=85|0=36=0=85,0=27=0=85|0=36=0=85,0=27=0=85|0=36=0=85,101=20000,101=200000,1000,1000,,佣兵物理攻击、魔法攻击
142,4,18,2000,0=27=0=90|0=36=0=90,0=27=0=90|0=36=0=90,0=27=0=90|0=36=0=90,0=27=0=90|0=36=0=90,0=27=0=90|0=36=0=90,0=27=0=90|0=36=0=90,101=20000,101=200000,1000,1000,,佣兵物理攻击、魔法攻击
143,4,19,2000,0=27=0=95|0=36=0=95,0=27=0=95|0=36=0=95,0=27=0=95|0=36=0=95,0=27=0=95|0=36=0=95,0=27=0=95|0=36=0=95,0=27=0=95|0=36=0=95,101=20000,101=200000,1000,1000,,佣兵物理攻击、魔法攻击
144,4,20,2000,0=27=0=100|0=36=0=100,0=27=0=100|0=36=0=100,0=27=0=100|0=36=0=100,0=27=0=100|0=36=0=100,0=27=0=100|0=36=0=100,0=27=0=100|0=36=0=100,101=20000,101=200000,1000,1000,,佣兵物理攻击、魔法攻击
145,4,21,2000,0=27=0=107|0=36=0=107,0=27=0=107|0=36=0=107,0=27=0=107|0=36=0=107,0=27=0=107|0=36=0=107,0=27=0=107|0=36=0=107,0=27=0=107|0=36=0=107,101=20000,101=200000,1000,1000,,佣兵物理攻击、魔法攻击
146,4,22,2000,0=27=0=114|0=36=0=114,0=27=0=114|0=36=0=114,0=27=0=114|0=36=0=114,0=27=0=114|0=36=0=114,0=27=0=114|0=36=0=114,0=27=0=114|0=36=0=114,101=20000,101=200000,1000,1000,,佣兵物理攻击、魔法攻击
147,4,23,2000,0=27=0=121|0=36=0=121,0=27=0=121|0=36=0=121,0=27=0=121|0=36=0=121,0=27=0=121|0=36=0=121,0=27=0=121|0=36=0=121,0=27=0=121|0=36=0=121,101=20000,101=200000,1000,1000,,佣兵物理攻击、魔法攻击
148,4,24,2000,0=27=0=128|0=36=0=128,0=27=0=128|0=36=0=128,0=27=0=128|0=36=0=128,0=27=0=128|0=36=0=128,0=27=0=128|0=36=0=128,0=27=0=128|0=36=0=128,101=20000,101=200000,1000,1000,,佣兵物理攻击、魔法攻击
149,4,25,2000,0=27=0=135|0=36=0=135,0=27=0=135|0=36=0=135,0=27=0=135|0=36=0=135,0=27=0=135|0=36=0=135,0=27=0=135|0=36=0=135,0=27=0=135|0=36=0=135,101=20000,101=200000,1000,1000,,佣兵物理攻击、魔法攻击
150,4,26,2000,0=27=0=142|0=36=0=142,0=27=0=142|0=36=0=142,0=27=0=142|0=36=0=142,0=27=0=142|0=36=0=142,0=27=0=142|0=36=0=142,0=27=0=142|0=36=0=142,101=20000,101=200000,1000,1000,,佣兵物理攻击、魔法攻击
151,4,27,2000,0=27=0=149|0=36=0=149,0=27=0=149|0=36=0=149,0=27=0=149|0=36=0=149,0=27=0=149|0=36=0=149,0=27=0=149|0=36=0=149,0=27=0=149|0=36=0=149,101=20000,101=200000,1000,1000,,佣兵物理攻击、魔法攻击
152,4,28,2000,0=27=0=156|0=36=0=156,0=27=0=156|0=36=0=156,0=27=0=156|0=36=0=156,0=27=0=156|0=36=0=156,0=27=0=156|0=36=0=156,0=27=0=156|0=36=0=156,101=20000,101=200000,1000,1000,,佣兵物理攻击、魔法攻击
153,4,29,2000,0=27=0=163|0=36=0=163,0=27=0=163|0=36=0=163,0=27=0=163|0=36=0=163,0=27=0=163|0=36=0=163,0=27=0=163|0=36=0=163,0=27=0=163|0=36=0=163,101=20000,101=200000,1000,1000,,佣兵物理攻击、魔法攻击
154,4,30,2000,0=27=0=170|0=36=0=170,0=27=0=170|0=36=0=170,0=27=0=170|0=36=0=170,0=27=0=170|0=36=0=170,0=27=0=170|0=36=0=170,0=27=0=170|0=36=0=170,101=20000,101=200000,1000,1000,,佣兵物理攻击、魔法攻击
155,4,31,2000,0=27=0=177|0=36=0=177,0=27=0=177|0=36=0=177,0=27=0=177|0=36=0=177,0=27=0=177|0=36=0=177,0=27=0=177|0=36=0=177,0=27=0=177|0=36=0=177,101=20000,101=200000,1000,1000,,佣兵物理攻击、魔法攻击
156,4,32,2000,0=27=0=184|0=36=0=184,0=27=0=184|0=36=0=184,0=27=0=184|0=36=0=184,0=27=0=184|0=36=0=184,0=27=0=184|0=36=0=184,0=27=0=184|0=36=0=184,101=20000,101=200000,1000,1000,,佣兵物理攻击、魔法攻击
157,4,33,2000,0=27=0=191|0=36=0=191,0=27=0=191|0=36=0=191,0=27=0=191|0=36=0=191,0=27=0=191|0=36=0=191,0=27=0=191|0=36=0=191,0=27=0=191|0=36=0=191,101=20000,101=200000,1000,1000,,佣兵物理攻击、魔法攻击
158,4,34,2000,0=27=0=198|0=36=0=198,0=27=0=198|0=36=0=198,0=27=0=198|0=36=0=198,0=27=0=198|0=36=0=198,0=27=0=198|0=36=0=198,0=27=0=198|0=36=0=198,101=20000,101=200000,1000,1000,,佣兵物理攻击、魔法攻击
159,4,35,2000,0=27=0=205|0=36=0=205,0=27=0=205|0=36=0=205,0=27=0=205|0=36=0=205,0=27=0=205|0=36=0=205,0=27=0=205|0=36=0=205,0=27=0=205|0=36=0=205,101=20000,101=200000,1000,1000,,佣兵物理攻击、魔法攻击
160,4,36,2000,0=27=0=212|0=36=0=212,0=27=0=212|0=36=0=212,0=27=0=212|0=36=0=212,0=27=0=212|0=36=0=212,0=27=0=212|0=36=0=212,0=27=0=212|0=36=0=212,101=20000,101=200000,1000,1000,,佣兵物理攻击、魔法攻击
161,4,37,2000,0=27=0=219|0=36=0=219,0=27=0=219|0=36=0=219,0=27=0=219|0=36=0=219,0=27=0=219|0=36=0=219,0=27=0=219|0=36=0=219,0=27=0=219|0=36=0=219,101=20000,101=200000,1000,1000,,佣兵物理攻击、魔法攻击
162,4,38,2000,0=27=0=226|0=36=0=226,0=27=0=226|0=36=0=226,0=27=0=226|0=36=0=226,0=27=0=226|0=36=0=226,0=27=0=226|0=36=0=226,0=27=0=226|0=36=0=226,101=20000,101=200000,1000,1000,,佣兵物理攻击、魔法攻击
163,4,39,2000,0=27=0=233|0=36=0=233,0=27=0=233|0=36=0=233,0=27=0=233|0=36=0=233,0=27=0=233|0=36=0=233,0=27=0=233|0=36=0=233,0=27=0=233|0=36=0=233,101=20000,101=200000,1000,1000,,佣兵物理攻击、魔法攻击
164,4,40,2000,0=27=0=240|0=36=0=240,0=27=0=240|0=36=0=240,0=27=0=240|0=36=0=240,0=27=0=240|0=36=0=240,0=27=0=240|0=36=0=240,0=27=0=240|0=36=0=240,101=20000,101=200000,1000,1000,,佣兵物理攻击、魔法攻击
165,5,0,2000,0=47=0=25|0=77=0=1,0=47=0=25|0=77=0=1,0=47=0=25|0=77=0=1,0=47=0=25|0=77=0=1,0=47=0=25|0=77=0=1,0=47=0=25|0=77=0=1,101=20000,101=200000,1000,1000,,佣兵生命上限、魔法恢复
166,5,1,2000,0=47=0=50|0=77=0=2,0=47=0=50|0=77=0=2,0=47=0=50|0=77=0=2,0=47=0=50|0=77=0=2,0=47=0=50|0=77=0=2,0=47=0=50|0=77=0=2,101=20000,101=200000,1000,1000,,佣兵生命上限、魔法恢复
167,5,2,2000,0=47=0=100|0=77=0=4,0=47=0=100|0=77=0=4,0=47=0=100|0=77=0=4,0=47=0=100|0=77=0=4,0=47=0=100|0=77=0=4,0=47=0=100|0=77=0=4,101=20000,101=200000,1000,1000,,佣兵生命上限、魔法恢复
168,5,3,2000,0=47=0=150|0=77=0=6,0=47=0=150|0=77=0=6,0=47=0=150|0=77=0=6,0=47=0=150|0=77=0=6,0=47=0=150|0=77=0=6,0=47=0=150|0=77=0=6,101=20000,101=200000,1000,1000,,佣兵生命上限、魔法恢复
169,5,4,2000,0=47=0=200|0=77=0=8,0=47=0=200|0=77=0=8,0=47=0=200|0=77=0=8,0=47=0=200|0=77=0=8,0=47=0=200|0=77=0=8,0=47=0=200|0=77=0=8,101=20000,101=200000,1000,1000,,佣兵生命上限、魔法恢复
170,5,5,2000,0=47=0=250|0=77=0=10,0=47=0=250|0=77=0=10,0=47=0=250|0=77=0=10,0=47=0=250|0=77=0=10,0=47=0=250|0=77=0=10,0=47=0=250|0=77=0=10,101=20000,101=200000,1000,1000,,佣兵生命上限、魔法恢复
171,5,6,2000,0=47=0=300|0=77=0=12,0=47=0=300|0=77=0=12,0=47=0=300|0=77=0=12,0=47=0=300|0=77=0=12,0=47=0=300|0=77=0=12,0=47=0=300|0=77=0=12,101=20000,101=200000,1000,1000,,佣兵生命上限、魔法恢复
172,5,7,2000,0=47=0=350|0=77=0=14,0=47=0=350|0=77=0=14,0=47=0=350|0=77=0=14,0=47=0=350|0=77=0=14,0=47=0=350|0=77=0=14,0=47=0=350|0=77=0=14,101=20000,101=200000,1000,1000,,佣兵生命上限、魔法恢复
173,5,8,2000,0=47=0=400|0=77=0=16,0=47=0=400|0=77=0=16,0=47=0=400|0=77=0=16,0=47=0=400|0=77=0=16,0=47=0=400|0=77=0=16,0=47=0=400|0=77=0=16,101=20000,101=200000,1000,1000,,佣兵生命上限、魔法恢复
174,5,9,2000,0=47=0=450|0=77=0=18,0=47=0=450|0=77=0=18,0=47=0=450|0=77=0=18,0=47=0=450|0=77=0=18,0=47=0=450|0=77=0=18,0=47=0=450|0=77=0=18,101=20000,101=200000,1000,1000,,佣兵生命上限、魔法恢复
175,5,10,2000,0=47=0=500|0=77=0=20,0=47=0=500|0=77=0=20,0=47=0=500|0=77=0=20,0=47=0=500|0=77=0=20,0=47=0=500|0=77=0=20,0=47=0=500|0=77=0=20,101=20000,101=200000,1000,1000,,佣兵生命上限、魔法恢复
176,5,11,2000,0=47=0=550|0=77=0=22,0=47=0=550|0=77=0=22,0=47=0=550|0=77=0=22,0=47=0=550|0=77=0=22,0=47=0=550|0=77=0=22,0=47=0=550|0=77=0=22,101=20000,101=200000,1000,1000,,佣兵生命上限、魔法恢复
177,5,12,2000,0=47=0=600|0=77=0=24,0=47=0=600|0=77=0=24,0=47=0=600|0=77=0=24,0=47=0=600|0=77=0=24,0=47=0=600|0=77=0=24,0=47=0=600|0=77=0=24,101=20000,101=200000,1000,1000,,佣兵生命上限、魔法恢复
178,5,13,2000,0=47=0=650|0=77=0=26,0=47=0=650|0=77=0=26,0=47=0=650|0=77=0=26,0=47=0=650|0=77=0=26,0=47=0=650|0=77=0=26,0=47=0=650|0=77=0=26,101=20000,101=200000,1000,1000,,佣兵生命上限、魔法恢复
179,5,14,2000,0=47=0=700|0=77=0=28,0=47=0=700|0=77=0=28,0=47=0=700|0=77=0=28,0=47=0=700|0=77=0=28,0=47=0=700|0=77=0=28,0=47=0=700|0=77=0=28,101=20000,101=200000,1000,1000,,佣兵生命上限、魔法恢复
180,5,15,2000,0=47=0=750|0=77=0=30,0=47=0=750|0=77=0=30,0=47=0=750|0=77=0=30,0=47=0=750|0=77=0=30,0=47=0=750|0=77=0=30,0=47=0=750|0=77=0=30,101=20000,101=200000,1000,1000,,佣兵生命上限、魔法恢复
181,5,16,2000,0=47=0=800|0=77=0=32,0=47=0=800|0=77=0=32,0=47=0=800|0=77=0=32,0=47=0=800|0=77=0=32,0=47=0=800|0=77=0=32,0=47=0=800|0=77=0=32,101=20000,101=200000,1000,1000,,佣兵生命上限、魔法恢复
182,5,17,2000,0=47=0=850|0=77=0=34,0=47=0=850|0=77=0=34,0=47=0=850|0=77=0=34,0=47=0=850|0=77=0=34,0=47=0=850|0=77=0=34,0=47=0=850|0=77=0=34,101=20000,101=200000,1000,1000,,佣兵生命上限、魔法恢复
183,5,18,2000,0=47=0=900|0=77=0=36,0=47=0=900|0=77=0=36,0=47=0=900|0=77=0=36,0=47=0=900|0=77=0=36,0=47=0=900|0=77=0=36,0=47=0=900|0=77=0=36,101=20000,101=200000,1000,1000,,佣兵生命上限、魔法恢复
184,5,19,2000,0=47=0=950|0=77=0=38,0=47=0=950|0=77=0=38,0=47=0=950|0=77=0=38,0=47=0=950|0=77=0=38,0=47=0=950|0=77=0=38,0=47=0=950|0=77=0=38,101=20000,101=200000,1000,1000,,佣兵生命上限、魔法恢复
185,5,20,2000,0=47=0=1000|0=77=0=40,0=47=0=1000|0=77=0=40,0=47=0=1000|0=77=0=40,0=47=0=1000|0=77=0=40,0=47=0=1000|0=77=0=40,0=47=0=1000|0=77=0=40,101=20000,101=200000,1000,1000,,佣兵生命上限、魔法恢复
186,5,21,2000,0=47=0=1070|0=77=0=44,0=47=0=1070|0=77=0=44,0=47=0=1070|0=77=0=44,0=47=0=1070|0=77=0=44,0=47=0=1070|0=77=0=44,0=47=0=1070|0=77=0=44,101=20000,101=200000,1000,1000,,佣兵生命上限、魔法恢复
187,5,22,2000,0=47=0=1140|0=77=0=48,0=47=0=1140|0=77=0=48,0=47=0=1140|0=77=0=48,0=47=0=1140|0=77=0=48,0=47=0=1140|0=77=0=48,0=47=0=1140|0=77=0=48,101=20000,101=200000,1000,1000,,佣兵生命上限、魔法恢复
188,5,23,2000,0=47=0=1210|0=77=0=52,0=47=0=1210|0=77=0=52,0=47=0=1210|0=77=0=52,0=47=0=1210|0=77=0=52,0=47=0=1210|0=77=0=52,0=47=0=1210|0=77=0=52,101=20000,101=200000,1000,1000,,佣兵生命上限、魔法恢复
189,5,24,2000,0=47=0=1280|0=77=0=56,0=47=0=1280|0=77=0=56,0=47=0=1280|0=77=0=56,0=47=0=1280|0=77=0=56,0=47=0=1280|0=77=0=56,0=47=0=1280|0=77=0=56,101=20000,101=200000,1000,1000,,佣兵生命上限、魔法恢复
190,5,25,2000,0=47=0=1350|0=77=0=60,0=47=0=1350|0=77=0=60,0=47=0=1350|0=77=0=60,0=47=0=1350|0=77=0=60,0=47=0=1350|0=77=0=60,0=47=0=1350|0=77=0=60,101=20000,101=200000,1000,1000,,佣兵生命上限、魔法恢复
191,5,26,2000,0=47=0=1420|0=77=0=64,0=47=0=1420|0=77=0=64,0=47=0=1420|0=77=0=64,0=47=0=1420|0=77=0=64,0=47=0=1420|0=77=0=64,0=47=0=1420|0=77=0=64,101=20000,101=200000,1000,1000,,佣兵生命上限、魔法恢复
192,5,27,2000,0=47=0=1490|0=77=0=68,0=47=0=1490|0=77=0=68,0=47=0=1490|0=77=0=68,0=47=0=1490|0=77=0=68,0=47=0=1490|0=77=0=68,0=47=0=1490|0=77=0=68,101=20000,101=200000,1000,1000,,佣兵生命上限、魔法恢复
193,5,28,2000,0=47=0=1560|0=77=0=72,0=47=0=1560|0=77=0=72,0=47=0=1560|0=77=0=72,0=47=0=1560|0=77=0=72,0=47=0=1560|0=77=0=72,0=47=0=1560|0=77=0=72,101=20000,101=200000,1000,1000,,佣兵生命上限、魔法恢复
194,5,29,2000,0=47=0=1630|0=77=0=76,0=47=0=1630|0=77=0=76,0=47=0=1630|0=77=0=76,0=47=0=1630|0=77=0=76,0=47=0=1630|0=77=0=76,0=47=0=1630|0=77=0=76,101=20000,101=200000,1000,1000,,佣兵生命上限、魔法恢复
195,5,30,2000,0=47=0=1700|0=77=0=80,0=47=0=1700|0=77=0=80,0=47=0=1700|0=77=0=80,0=47=0=1700|0=77=0=80,0=47=0=1700|0=77=0=80,0=47=0=1700|0=77=0=80,101=20000,101=200000,1000,1000,,佣兵生命上限、魔法恢复
196,5,31,2000,0=47=0=1770|0=77=0=84,0=47=0=1770|0=77=0=84,0=47=0=1770|0=77=0=84,0=47=0=1770|0=77=0=84,0=47=0=1770|0=77=0=84,0=47=0=1770|0=77=0=84,101=20000,101=200000,1000,1000,,佣兵生命上限、魔法恢复
197,5,32,2000,0=47=0=1840|0=77=0=88,0=47=0=1840|0=77=0=88,0=47=0=1840|0=77=0=88,0=47=0=1840|0=77=0=88,0=47=0=1840|0=77=0=88,0=47=0=1840|0=77=0=88,101=20000,101=200000,1000,1000,,佣兵生命上限、魔法恢复
198,5,33,2000,0=47=0=1910|0=77=0=92,0=47=0=1910|0=77=0=92,0=47=0=1910|0=77=0=92,0=47=0=1910|0=77=0=92,0=47=0=1910|0=77=0=92,0=47=0=1910|0=77=0=92,101=20000,101=200000,1000,1000,,佣兵生命上限、魔法恢复
199,5,34,2000,0=47=0=1980|0=77=0=96,0=47=0=1980|0=77=0=96,0=47=0=1980|0=77=0=96,0=47=0=1980|0=77=0=96,0=47=0=1980|0=77=0=96,0=47=0=1980|0=77=0=96,101=20000,101=200000,1000,1000,,佣兵生命上限、魔法恢复
200,5,35,2000,0=47=0=2050|0=77=0=100,0=47=0=2050|0=77=0=100,0=47=0=2050|0=77=0=100,0=47=0=2050|0=77=0=100,0=47=0=2050|0=77=0=100,0=47=0=2050|0=77=0=100,101=20000,101=200000,1000,1000,,佣兵生命上限、魔法恢复
201,5,36,2000,0=47=0=2120|0=77=0=104,0=47=0=2120|0=77=0=104,0=47=0=2120|0=77=0=104,0=47=0=2120|0=77=0=104,0=47=0=2120|0=77=0=104,0=47=0=2120|0=77=0=104,101=20000,101=200000,1000,1000,,佣兵生命上限、魔法恢复
202,5,37,2000,0=47=0=2190|0=77=0=108,0=47=0=2190|0=77=0=108,0=47=0=2190|0=77=0=108,0=47=0=2190|0=77=0=108,0=47=0=2190|0=77=0=108,0=47=0=2190|0=77=0=108,101=20000,101=200000,1000,1000,,佣兵生命上限、魔法恢复
203,5,38,2000,0=47=0=2260|0=77=0=112,0=47=0=2260|0=77=0=112,0=47=0=2260|0=77=0=112,0=47=0=2260|0=77=0=112,0=47=0=2260|0=77=0=112,0=47=0=2260|0=77=0=112,101=20000,101=200000,1000,1000,,佣兵生命上限、魔法恢复
204,5,39,2000,0=47=0=2330|0=77=0=116,0=47=0=2330|0=77=0=116,0=47=0=2330|0=77=0=116,0=47=0=2330|0=77=0=116,0=47=0=2330|0=77=0=116,0=47=0=2330|0=77=0=116,101=20000,101=200000,1000,1000,,佣兵生命上限、魔法恢复
205,5,40,2000,0=47=0=2400|0=77=0=120,0=47=0=2400|0=77=0=120,0=47=0=2400|0=77=0=120,0=47=0=2400|0=77=0=120,0=47=0=2400|0=77=0=120,0=47=0=2400|0=77=0=120,101=20000,101=200000,1000,1000,,佣兵生命上限、魔法恢复
206,6,0,2000,0=67=0=12,0=67=0=12,0=67=0=12,0=67=0=12,0=67=0=12,0=67=0=12,101=20000,101=200000,1000,1000,,物伤减免%
207,6,1,2000,0=67=0=25,0=67=0=25,0=67=0=25,0=67=0=25,0=67=0=25,0=67=0=25,101=20000,101=200000,1000,1000,,物伤减免%
208,6,2,2000,0=67=0=50,0=67=0=50,0=67=0=50,0=67=0=50,0=67=0=50,0=67=0=50,101=20000,101=200000,1000,1000,,物伤减免%
209,6,3,2000,0=67=0=75,0=67=0=75,0=67=0=75,0=67=0=75,0=67=0=75,0=67=0=75,101=20000,101=200000,1000,1000,,物伤减免%
210,6,4,2000,0=67=0=100,0=67=0=100,0=67=0=100,0=67=0=100,0=67=0=100,0=67=0=100,101=20000,101=200000,1000,1000,,物伤减免%
211,6,5,2000,0=67=0=125,0=67=0=125,0=67=0=125,0=67=0=125,0=67=0=125,0=67=0=125,101=20000,101=200000,1000,1000,,物伤减免%
212,6,6,2000,0=67=0=150,0=67=0=150,0=67=0=150,0=67=0=150,0=67=0=150,0=67=0=150,101=20000,101=200000,1000,1000,,物伤减免%
213,6,7,2000,0=67=0=175,0=67=0=175,0=67=0=175,0=67=0=175,0=67=0=175,0=67=0=175,101=20000,101=200000,1000,1000,,物伤减免%
214,6,8,2000,0=67=0=200,0=67=0=200,0=67=0=200,0=67=0=200,0=67=0=200,0=67=0=200,101=20000,101=200000,1000,1000,,物伤减免%
215,6,9,2000,0=67=0=225,0=67=0=225,0=67=0=225,0=67=0=225,0=67=0=225,0=67=0=225,101=20000,101=200000,1000,1000,,物伤减免%
216,6,10,2000,0=67=0=250,0=67=0=250,0=67=0=250,0=67=0=250,0=67=0=250,0=67=0=250,101=20000,101=200000,1000,1000,,物伤减免%
217,6,11,2000,0=67=0=275,0=67=0=275,0=67=0=275,0=67=0=275,0=67=0=275,0=67=0=275,101=20000,101=200000,1000,1000,,物伤减免%
218,6,12,2000,0=67=0=300,0=67=0=300,0=67=0=300,0=67=0=300,0=67=0=300,0=67=0=300,101=20000,101=200000,1000,1000,,物伤减免%
219,6,13,2000,0=67=0=325,0=67=0=325,0=67=0=325,0=67=0=325,0=67=0=325,0=67=0=325,101=20000,101=200000,1000,1000,,物伤减免%
220,6,14,2000,0=67=0=350,0=67=0=350,0=67=0=350,0=67=0=350,0=67=0=350,0=67=0=350,101=20000,101=200000,1000,1000,,物伤减免%
221,6,15,2000,0=67=0=375,0=67=0=375,0=67=0=375,0=67=0=375,0=67=0=375,0=67=0=375,101=20000,101=200000,1000,1000,,物伤减免%
222,6,16,2000,0=67=0=400,0=67=0=400,0=67=0=400,0=67=0=400,0=67=0=400,0=67=0=400,101=20000,101=200000,1000,1000,,物伤减免%
223,6,17,2000,0=67=0=425,0=67=0=425,0=67=0=425,0=67=0=425,0=67=0=425,0=67=0=425,101=20000,101=200000,1000,1000,,物伤减免%
224,6,18,2000,0=67=0=450,0=67=0=450,0=67=0=450,0=67=0=450,0=67=0=450,0=67=0=450,101=20000,101=200000,1000,1000,,物伤减免%
225,6,19,2000,0=67=0=475,0=67=0=475,0=67=0=475,0=67=0=475,0=67=0=475,0=67=0=475,101=20000,101=200000,1000,1000,,物伤减免%
226,6,20,2000,0=67=0=500,0=67=0=500,0=67=0=500,0=67=0=500,0=67=0=500,0=67=0=500,101=20000,101=200000,1000,1000,,物伤减免%
227,6,21,2000,0=67=0=540,0=67=0=540,0=67=0=540,0=67=0=540,0=67=0=540,0=67=0=540,101=20000,101=200000,1000,1000,,物伤减免%
228,6,22,2000,0=67=0=580,0=67=0=580,0=67=0=580,0=67=0=580,0=67=0=580,0=67=0=580,101=20000,101=200000,1000,1000,,物伤减免%
229,6,23,2000,0=67=0=620,0=67=0=620,0=67=0=620,0=67=0=620,0=67=0=620,0=67=0=620,101=20000,101=200000,1000,1000,,物伤减免%
230,6,24,2000,0=67=0=660,0=67=0=660,0=67=0=660,0=67=0=660,0=67=0=660,0=67=0=660,101=20000,101=200000,1000,1000,,物伤减免%
231,6,25,2000,0=67=0=700,0=67=0=700,0=67=0=700,0=67=0=700,0=67=0=700,0=67=0=700,101=20000,101=200000,1000,1000,,物伤减免%
232,6,26,2000,0=67=0=740,0=67=0=740,0=67=0=740,0=67=0=740,0=67=0=740,0=67=0=740,101=20000,101=200000,1000,1000,,物伤减免%
233,6,27,2000,0=67=0=780,0=67=0=780,0=67=0=780,0=67=0=780,0=67=0=780,0=67=0=780,101=20000,101=200000,1000,1000,,物伤减免%
234,6,28,2000,0=67=0=820,0=67=0=820,0=67=0=820,0=67=0=820,0=67=0=820,0=67=0=820,101=20000,101=200000,1000,1000,,物伤减免%
235,6,29,2000,0=67=0=860,0=67=0=860,0=67=0=860,0=67=0=860,0=67=0=860,0=67=0=860,101=20000,101=200000,1000,1000,,物伤减免%
236,6,30,2000,0=67=0=900,0=67=0=900,0=67=0=900,0=67=0=900,0=67=0=900,0=67=0=900,101=20000,101=200000,1000,1000,,物伤减免%
237,6,31,2000,0=67=0=940,0=67=0=940,0=67=0=940,0=67=0=940,0=67=0=940,0=67=0=940,101=20000,101=200000,1000,1000,,物伤减免%
238,6,32,2000,0=67=0=980,0=67=0=980,0=67=0=980,0=67=0=980,0=67=0=980,0=67=0=980,101=20000,101=200000,1000,1000,,物伤减免%
239,6,33,2000,0=67=0=1020,0=67=0=1020,0=67=0=1020,0=67=0=1020,0=67=0=1020,0=67=0=1020,101=20000,101=200000,1000,1000,,物伤减免%
240,6,34,2000,0=67=0=1060,0=67=0=1060,0=67=0=1060,0=67=0=1060,0=67=0=1060,0=67=0=1060,101=20000,101=200000,1000,1000,,物伤减免%
241,6,35,2000,0=67=0=1100,0=67=0=1100,0=67=0=1100,0=67=0=1100,0=67=0=1100,0=67=0=1100,101=20000,101=200000,1000,1000,,物伤减免%
242,6,36,2000,0=67=0=1140,0=67=0=1140,0=67=0=1140,0=67=0=1140,0=67=0=1140,0=67=0=1140,101=20000,101=200000,1000,1000,,物伤减免%
243,6,37,2000,0=67=0=1180,0=67=0=1180,0=67=0=1180,0=67=0=1180,0=67=0=1180,0=67=0=1180,101=20000,101=200000,1000,1000,,物伤减免%
244,6,38,2000,0=67=0=1220,0=67=0=1220,0=67=0=1220,0=67=0=1220,0=67=0=1220,0=67=0=1220,101=20000,101=200000,1000,1000,,物伤减免%
245,6,39,2000,0=67=0=1260,0=67=0=1260,0=67=0=1260,0=67=0=1260,0=67=0=1260,0=67=0=1260,101=20000,101=200000,1000,1000,,物伤减免%
246,6,40,2000,0=67=0=1300,0=67=0=1300,0=67=0=1300,0=67=0=1300,0=67=0=1300,0=67=0=1300,101=20000,101=200000,1000,1000,,物伤减免%
247,7,0,2000,0=68=0=12,0=68=0=12,0=68=0=12,0=68=0=12,0=68=0=12,0=68=0=12,101=20000,101=200000,1000,1000,,魔伤减免%
248,7,1,2000,0=68=0=25,0=68=0=25,0=68=0=25,0=68=0=25,0=68=0=25,0=68=0=25,101=20000,101=200000,1000,1000,,魔伤减免%
249,7,2,2000,0=68=0=50,0=68=0=50,0=68=0=50,0=68=0=50,0=68=0=50,0=68=0=50,101=20000,101=200000,1000,1000,,魔伤减免%
250,7,3,2000,0=68=0=75,0=68=0=75,0=68=0=75,0=68=0=75,0=68=0=75,0=68=0=75,101=20000,101=200000,1000,1000,,魔伤减免%
251,7,4,2000,0=68=0=100,0=68=0=100,0=68=0=100,0=68=0=100,0=68=0=100,0=68=0=100,101=20000,101=200000,1000,1000,,魔伤减免%
252,7,5,2000,0=68=0=125,0=68=0=125,0=68=0=125,0=68=0=125,0=68=0=125,0=68=0=125,101=20000,101=200000,1000,1000,,魔伤减免%
253,7,6,2000,0=68=0=150,0=68=0=150,0=68=0=150,0=68=0=150,0=68=0=150,0=68=0=150,101=20000,101=200000,1000,1000,,魔伤减免%
254,7,7,2000,0=68=0=175,0=68=0=175,0=68=0=175,0=68=0=175,0=68=0=175,0=68=0=175,101=20000,101=200000,1000,1000,,魔伤减免%
255,7,8,2000,0=68=0=200,0=68=0=200,0=68=0=200,0=68=0=200,0=68=0=200,0=68=0=200,101=20000,101=200000,1000,1000,,魔伤减免%
256,7,9,2000,0=68=0=225,0=68=0=225,0=68=0=225,0=68=0=225,0=68=0=225,0=68=0=225,101=20000,101=200000,1000,1000,,魔伤减免%
257,7,10,2000,0=68=0=250,0=68=0=250,0=68=0=250,0=68=0=250,0=68=0=250,0=68=0=250,101=20000,101=200000,1000,1000,,魔伤减免%
258,7,11,2000,0=68=0=275,0=68=0=275,0=68=0=275,0=68=0=275,0=68=0=275,0=68=0=275,101=20000,101=200000,1000,1000,,魔伤减免%
259,7,12,2000,0=68=0=300,0=68=0=300,0=68=0=300,0=68=0=300,0=68=0=300,0=68=0=300,101=20000,101=200000,1000,1000,,魔伤减免%
260,7,13,2000,0=68=0=325,0=68=0=325,0=68=0=325,0=68=0=325,0=68=0=325,0=68=0=325,101=20000,101=200000,1000,1000,,魔伤减免%
261,7,14,2000,0=68=0=350,0=68=0=350,0=68=0=350,0=68=0=350,0=68=0=350,0=68=0=350,101=20000,101=200000,1000,1000,,魔伤减免%
262,7,15,2000,0=68=0=375,0=68=0=375,0=68=0=375,0=68=0=375,0=68=0=375,0=68=0=375,101=20000,101=200000,1000,1000,,魔伤减免%
263,7,16,2000,0=68=0=400,0=68=0=400,0=68=0=400,0=68=0=400,0=68=0=400,0=68=0=400,101=20000,101=200000,1000,1000,,魔伤减免%
264,7,17,2000,0=68=0=425,0=68=0=425,0=68=0=425,0=68=0=425,0=68=0=425,0=68=0=425,101=20000,101=200000,1000,1000,,魔伤减免%
265,7,18,2000,0=68=0=450,0=68=0=450,0=68=0=450,0=68=0=450,0=68=0=450,0=68=0=450,101=20000,101=200000,1000,1000,,魔伤减免%
266,7,19,2000,0=68=0=475,0=68=0=475,0=68=0=475,0=68=0=475,0=68=0=475,0=68=0=475,101=20000,101=200000,1000,1000,,魔伤减免%
267,7,20,2000,0=68=0=500,0=68=0=500,0=68=0=500,0=68=0=500,0=68=0=500,0=68=0=500,101=20000,101=200000,1000,1000,,魔伤减免%
268,7,21,2000,0=68=0=540,0=68=0=540,0=68=0=540,0=68=0=540,0=68=0=540,0=68=0=540,101=20000,101=200000,1000,1000,,魔伤减免%
269,7,22,2000,0=68=0=580,0=68=0=580,0=68=0=580,0=68=0=580,0=68=0=580,0=68=0=580,101=20000,101=200000,1000,1000,,魔伤减免%
270,7,23,2000,0=68=0=620,0=68=0=620,0=68=0=620,0=68=0=620,0=68=0=620,0=68=0=620,101=20000,101=200000,1000,1000,,魔伤减免%
271,7,24,2000,0=68=0=660,0=68=0=660,0=68=0=660,0=68=0=660,0=68=0=660,0=68=0=660,101=20000,101=200000,1000,1000,,魔伤减免%
272,7,25,2000,0=68=0=700,0=68=0=700,0=68=0=700,0=68=0=700,0=68=0=700,0=68=0=700,101=20000,101=200000,1000,1000,,魔伤减免%
273,7,26,2000,0=68=0=740,0=68=0=740,0=68=0=740,0=68=0=740,0=68=0=740,0=68=0=740,101=20000,101=200000,1000,1000,,魔伤减免%
274,7,27,2000,0=68=0=780,0=68=0=780,0=68=0=780,0=68=0=780,0=68=0=780,0=68=0=780,101=20000,101=200000,1000,1000,,魔伤减免%
275,7,28,2000,0=68=0=820,0=68=0=820,0=68=0=820,0=68=0=820,0=68=0=820,0=68=0=820,101=20000,101=200000,1000,1000,,魔伤减免%
276,7,29,2000,0=68=0=860,0=68=0=860,0=68=0=860,0=68=0=860,0=68=0=860,0=68=0=860,101=20000,101=200000,1000,1000,,魔伤减免%
277,7,30,2000,0=68=0=900,0=68=0=900,0=68=0=900,0=68=0=900,0=68=0=900,0=68=0=900,101=20000,101=200000,1000,1000,,魔伤减免%
278,7,31,2000,0=68=0=940,0=68=0=940,0=68=0=940,0=68=0=940,0=68=0=940,0=68=0=940,101=20000,101=200000,1000,1000,,魔伤减免%
279,7,32,2000,0=68=0=980,0=68=0=980,0=68=0=980,0=68=0=980,0=68=0=980,0=68=0=980,101=20000,101=200000,1000,1000,,魔伤减免%
280,7,33,2000,0=68=0=1020,0=68=0=1020,0=68=0=1020,0=68=0=1020,0=68=0=1020,0=68=0=1020,101=20000,101=200000,1000,1000,,魔伤减免%
281,7,34,2000,0=68=0=1060,0=68=0=1060,0=68=0=1060,0=68=0=1060,0=68=0=1060,0=68=0=1060,101=20000,101=200000,1000,1000,,魔伤减免%
282,7,35,2000,0=68=0=1100,0=68=0=1100,0=68=0=1100,0=68=0=1100,0=68=0=1100,0=68=0=1100,101=20000,101=200000,1000,1000,,魔伤减免%
283,7,36,2000,0=68=0=1140,0=68=0=1140,0=68=0=1140,0=68=0=1140,0=68=0=1140,0=68=0=1140,101=20000,101=200000,1000,1000,,魔伤减免%
284,7,37,2000,0=68=0=1180,0=68=0=1180,0=68=0=1180,0=68=0=1180,0=68=0=1180,0=68=0=1180,101=20000,101=200000,1000,1000,,魔伤减免%
285,7,38,2000,0=68=0=1220,0=68=0=1220,0=68=0=1220,0=68=0=1220,0=68=0=1220,0=68=0=1220,101=20000,101=200000,1000,1000,,魔伤减免%
286,7,39,2000,0=68=0=1260,0=68=0=1260,0=68=0=1260,0=68=0=1260,0=68=0=1260,0=68=0=1260,101=20000,101=200000,1000,1000,,魔伤减免%
287,7,40,2000,0=68=0=1300,0=68=0=1300,0=68=0=1300,0=68=0=1300,0=68=0=1300,0=68=0=1300,101=20000,101=200000,1000,1000,,魔伤减免%
288,8,0,2000,0=68=0=12,0=68=0=12,0=68=0=12,0=68=0=12,0=68=0=12,0=68=0=12,101=20000,101=200000,1000,1000,,魔伤减免%
289,8,1,2000,0=68=0=25,0=68=0=25,0=68=0=25,0=68=0=25,0=68=0=25,0=68=0=25,101=20000,101=200000,1000,1000,,魔伤减免%
290,8,2,2000,0=68=0=50,0=68=0=50,0=68=0=50,0=68=0=50,0=68=0=50,0=68=0=50,101=20000,101=200000,1000,1000,,魔伤减免%
291,8,3,2000,0=68=0=75,0=68=0=75,0=68=0=75,0=68=0=75,0=68=0=75,0=68=0=75,101=20000,101=200000,1000,1000,,魔伤减免%
292,8,4,2000,0=68=0=100,0=68=0=100,0=68=0=100,0=68=0=100,0=68=0=100,0=68=0=100,101=20000,101=200000,1000,1000,,魔伤减免%
293,8,5,2000,0=68=0=125,0=68=0=125,0=68=0=125,0=68=0=125,0=68=0=125,0=68=0=125,101=20000,101=200000,1000,1000,,魔伤减免%
294,8,6,2000,0=68=0=150,0=68=0=150,0=68=0=150,0=68=0=150,0=68=0=150,0=68=0=150,101=20000,101=200000,1000,1000,,魔伤减免%
295,8,7,2000,0=68=0=175,0=68=0=175,0=68=0=175,0=68=0=175,0=68=0=175,0=68=0=175,101=20000,101=200000,1000,1000,,魔伤减免%
296,8,8,2000,0=68=0=200,0=68=0=200,0=68=0=200,0=68=0=200,0=68=0=200,0=68=0=200,101=20000,101=200000,1000,1000,,魔伤减免%
297,8,9,2000,0=68=0=225,0=68=0=225,0=68=0=225,0=68=0=225,0=68=0=225,0=68=0=225,101=20000,101=200000,1000,1000,,魔伤减免%
298,8,10,2000,0=68=0=250,0=68=0=250,0=68=0=250,0=68=0=250,0=68=0=250,0=68=0=250,101=20000,101=200000,1000,1000,,魔伤减免%
299,8,11,2000,0=68=0=275,0=68=0=275,0=68=0=275,0=68=0=275,0=68=0=275,0=68=0=275,101=20000,101=200000,1000,1000,,魔伤减免%
300,8,12,2000,0=68=0=300,0=68=0=300,0=68=0=300,0=68=0=300,0=68=0=300,0=68=0=300,101=20000,101=200000,1000,1000,,魔伤减免%
301,8,13,2000,0=68=0=325,0=68=0=325,0=68=0=325,0=68=0=325,0=68=0=325,0=68=0=325,101=20000,101=200000,1000,1000,,魔伤减免%
302,8,14,2000,0=68=0=350,0=68=0=350,0=68=0=350,0=68=0=350,0=68=0=350,0=68=0=350,101=20000,101=200000,1000,1000,,魔伤减免%
303,8,15,2000,0=68=0=375,0=68=0=375,0=68=0=375,0=68=0=375,0=68=0=375,0=68=0=375,101=20000,101=200000,1000,1000,,魔伤减免%
304,8,16,2000,0=68=0=400,0=68=0=400,0=68=0=400,0=68=0=400,0=68=0=400,0=68=0=400,101=20000,101=200000,1000,1000,,魔伤减免%
305,8,17,2000,0=68=0=425,0=68=0=425,0=68=0=425,0=68=0=425,0=68=0=425,0=68=0=425,101=20000,101=200000,1000,1000,,魔伤减免%
306,8,18,2000,0=68=0=450,0=68=0=450,0=68=0=450,0=68=0=450,0=68=0=450,0=68=0=450,101=20000,101=200000,1000,1000,,魔伤减免%
307,8,19,2000,0=68=0=475,0=68=0=475,0=68=0=475,0=68=0=475,0=68=0=475,0=68=0=475,101=20000,101=200000,1000,1000,,魔伤减免%
308,8,20,2000,0=68=0=500,0=68=0=500,0=68=0=500,0=68=0=500,0=68=0=500,0=68=0=500,101=20000,101=200000,1000,1000,,魔伤减免%
309,8,21,2000,0=68=0=540,0=68=0=540,0=68=0=540,0=68=0=540,0=68=0=540,0=68=0=540,101=20000,101=200000,1000,1000,,魔伤减免%
310,8,22,2000,0=68=0=580,0=68=0=580,0=68=0=580,0=68=0=580,0=68=0=580,0=68=0=580,101=20000,101=200000,1000,1000,,魔伤减免%
311,8,23,2000,0=68=0=620,0=68=0=620,0=68=0=620,0=68=0=620,0=68=0=620,0=68=0=620,101=20000,101=200000,1000,1000,,魔伤减免%
312,8,24,2000,0=68=0=660,0=68=0=660,0=68=0=660,0=68=0=660,0=68=0=660,0=68=0=660,101=20000,101=200000,1000,1000,,魔伤减免%
313,8,25,2000,0=68=0=700,0=68=0=700,0=68=0=700,0=68=0=700,0=68=0=700,0=68=0=700,101=20000,101=200000,1000,1000,,魔伤减免%
314,8,26,2000,0=68=0=740,0=68=0=740,0=68=0=740,0=68=0=740,0=68=0=740,0=68=0=740,101=20000,101=200000,1000,1000,,魔伤减免%
315,8,27,2000,0=68=0=780,0=68=0=780,0=68=0=780,0=68=0=780,0=68=0=780,0=68=0=780,101=20000,101=200000,1000,1000,,魔伤减免%
316,8,28,2000,0=68=0=820,0=68=0=820,0=68=0=820,0=68=0=820,0=68=0=820,0=68=0=820,101=20000,101=200000,1000,1000,,魔伤减免%
317,8,29,2000,0=68=0=860,0=68=0=860,0=68=0=860,0=68=0=860,0=68=0=860,0=68=0=860,101=20000,101=200000,1000,1000,,魔伤减免%
318,8,30,2000,0=68=0=900,0=68=0=900,0=68=0=900,0=68=0=900,0=68=0=900,0=68=0=900,101=20000,101=200000,1000,1000,,魔伤减免%
319,8,31,2000,0=68=0=940,0=68=0=940,0=68=0=940,0=68=0=940,0=68=0=940,0=68=0=940,101=20000,101=200000,1000,1000,,魔伤减免%
320,8,32,2000,0=68=0=980,0=68=0=980,0=68=0=980,0=68=0=980,0=68=0=980,0=68=0=980,101=20000,101=200000,1000,1000,,魔伤减免%
321,8,33,2000,0=68=0=1020,0=68=0=1020,0=68=0=1020,0=68=0=1020,0=68=0=1020,0=68=0=1020,101=20000,101=200000,1000,1000,,魔伤减免%
322,8,34,2000,0=68=0=1060,0=68=0=1060,0=68=0=1060,0=68=0=1060,0=68=0=1060,0=68=0=1060,101=20000,101=200000,1000,1000,,魔伤减免%
323,8,35,2000,0=68=0=1100,0=68=0=1100,0=68=0=1100,0=68=0=1100,0=68=0=1100,0=68=0=1100,101=20000,101=200000,1000,1000,,魔伤减免%
324,8,36,2000,0=68=0=1140,0=68=0=1140,0=68=0=1140,0=68=0=1140,0=68=0=1140,0=68=0=1140,101=20000,101=200000,1000,1000,,魔伤减免%
325,8,37,2000,0=68=0=1180,0=68=0=1180,0=68=0=1180,0=68=0=1180,0=68=0=1180,0=68=0=1180,101=20000,101=200000,1000,1000,,魔伤减免%
326,8,38,2000,0=68=0=1220,0=68=0=1220,0=68=0=1220,0=68=0=1220,0=68=0=1220,0=68=0=1220,101=20000,101=200000,1000,1000,,魔伤减免%
327,8,39,2000,0=68=0=1260,0=68=0=1260,0=68=0=1260,0=68=0=1260,0=68=0=1260,0=68=0=1260,101=20000,101=200000,1000,1000,,魔伤减免%
328,8,40,2000,0=68=0=1300,0=68=0=1300,0=68=0=1300,0=68=0=1300,0=68=0=1300,0=68=0=1300,101=20000,101=200000,1000,1000,,魔伤减免%
329,9,0,2000,0=68=0=12,0=68=0=12,0=68=0=12,0=68=0=12,0=68=0=12,0=68=0=12,101=20000,101=200000,1000,1000,,魔伤减免%
330,9,1,2000,0=68=0=25,0=68=0=25,0=68=0=25,0=68=0=25,0=68=0=25,0=68=0=25,101=20000,101=200000,1000,1000,,魔伤减免%
331,9,2,2000,0=68=0=50,0=68=0=50,0=68=0=50,0=68=0=50,0=68=0=50,0=68=0=50,101=20000,101=200000,1000,1000,,魔伤减免%
332,9,3,2000,0=68=0=75,0=68=0=75,0=68=0=75,0=68=0=75,0=68=0=75,0=68=0=75,101=20000,101=200000,1000,1000,,魔伤减免%
333,9,4,2000,0=68=0=100,0=68=0=100,0=68=0=100,0=68=0=100,0=68=0=100,0=68=0=100,101=20000,101=200000,1000,1000,,魔伤减免%
334,9,5,2000,0=68=0=125,0=68=0=125,0=68=0=125,0=68=0=125,0=68=0=125,0=68=0=125,101=20000,101=200000,1000,1000,,魔伤减免%
335,9,6,2000,0=68=0=150,0=68=0=150,0=68=0=150,0=68=0=150,0=68=0=150,0=68=0=150,101=20000,101=200000,1000,1000,,魔伤减免%
336,9,7,2000,0=68=0=175,0=68=0=175,0=68=0=175,0=68=0=175,0=68=0=175,0=68=0=175,101=20000,101=200000,1000,1000,,魔伤减免%
337,9,8,2000,0=68=0=200,0=68=0=200,0=68=0=200,0=68=0=200,0=68=0=200,0=68=0=200,101=20000,101=200000,1000,1000,,魔伤减免%
338,9,9,2000,0=68=0=225,0=68=0=225,0=68=0=225,0=68=0=225,0=68=0=225,0=68=0=225,101=20000,101=200000,1000,1000,,魔伤减免%
339,9,10,2000,0=68=0=250,0=68=0=250,0=68=0=250,0=68=0=250,0=68=0=250,0=68=0=250,101=20000,101=200000,1000,1000,,魔伤减免%
340,9,11,2000,0=68=0=275,0=68=0=275,0=68=0=275,0=68=0=275,0=68=0=275,0=68=0=275,101=20000,101=200000,1000,1000,,魔伤减免%
341,9,12,2000,0=68=0=300,0=68=0=300,0=68=0=300,0=68=0=300,0=68=0=300,0=68=0=300,101=20000,101=200000,1000,1000,,魔伤减免%
342,9,13,2000,0=68=0=325,0=68=0=325,0=68=0=325,0=68=0=325,0=68=0=325,0=68=0=325,101=20000,101=200000,1000,1000,,魔伤减免%
343,9,14,2000,0=68=0=350,0=68=0=350,0=68=0=350,0=68=0=350,0=68=0=350,0=68=0=350,101=20000,101=200000,1000,1000,,魔伤减免%
344,9,15,2000,0=68=0=375,0=68=0=375,0=68=0=375,0=68=0=375,0=68=0=375,0=68=0=375,101=20000,101=200000,1000,1000,,魔伤减免%
345,9,16,2000,0=68=0=400,0=68=0=400,0=68=0=400,0=68=0=400,0=68=0=400,0=68=0=400,101=20000,101=200000,1000,1000,,魔伤减免%
346,9,17,2000,0=68=0=425,0=68=0=425,0=68=0=425,0=68=0=425,0=68=0=425,0=68=0=425,101=20000,101=200000,1000,1000,,魔伤减免%
347,9,18,2000,0=68=0=450,0=68=0=450,0=68=0=450,0=68=0=450,0=68=0=450,0=68=0=450,101=20000,101=200000,1000,1000,,魔伤减免%
348,9,19,2000,0=68=0=475,0=68=0=475,0=68=0=475,0=68=0=475,0=68=0=475,0=68=0=475,101=20000,101=200000,1000,1000,,魔伤减免%
349,9,20,2000,0=68=0=500,0=68=0=500,0=68=0=500,0=68=0=500,0=68=0=500,0=68=0=500,101=20000,101=200000,1000,1000,,魔伤减免%
350,9,21,2000,0=68=0=540,0=68=0=540,0=68=0=540,0=68=0=540,0=68=0=540,0=68=0=540,101=20000,101=200000,1000,1000,,魔伤减免%
351,9,22,2000,0=68=0=580,0=68=0=580,0=68=0=580,0=68=0=580,0=68=0=580,0=68=0=580,101=20000,101=200000,1000,1000,,魔伤减免%
352,9,23,2000,0=68=0=620,0=68=0=620,0=68=0=620,0=68=0=620,0=68=0=620,0=68=0=620,101=20000,101=200000,1000,1000,,魔伤减免%
353,9,24,2000,0=68=0=660,0=68=0=660,0=68=0=660,0=68=0=660,0=68=0=660,0=68=0=660,101=20000,101=200000,1000,1000,,魔伤减免%
354,9,25,2000,0=68=0=700,0=68=0=700,0=68=0=700,0=68=0=700,0=68=0=700,0=68=0=700,101=20000,101=200000,1000,1000,,魔伤减免%
355,9,26,2000,0=68=0=740,0=68=0=740,0=68=0=740,0=68=0=740,0=68=0=740,0=68=0=740,101=20000,101=200000,1000,1000,,魔伤减免%
356,9,27,2000,0=68=0=780,0=68=0=780,0=68=0=780,0=68=0=780,0=68=0=780,0=68=0=780,101=20000,101=200000,1000,1000,,魔伤减免%
357,9,28,2000,0=68=0=820,0=68=0=820,0=68=0=820,0=68=0=820,0=68=0=820,0=68=0=820,101=20000,101=200000,1000,1000,,魔伤减免%
358,9,29,2000,0=68=0=860,0=68=0=860,0=68=0=860,0=68=0=860,0=68=0=860,0=68=0=860,101=20000,101=200000,1000,1000,,魔伤减免%
359,9,30,2000,0=68=0=900,0=68=0=900,0=68=0=900,0=68=0=900,0=68=0=900,0=68=0=900,101=20000,101=200000,1000,1000,,魔伤减免%
360,9,31,2000,0=68=0=940,0=68=0=940,0=68=0=940,0=68=0=940,0=68=0=940,0=68=0=940,101=20000,101=200000,1000,1000,,魔伤减免%
361,9,32,2000,0=68=0=980,0=68=0=980,0=68=0=980,0=68=0=980,0=68=0=980,0=68=0=980,101=20000,101=200000,1000,1000,,魔伤减免%
362,9,33,2000,0=68=0=1020,0=68=0=1020,0=68=0=1020,0=68=0=1020,0=68=0=1020,0=68=0=1020,101=20000,101=200000,1000,1000,,魔伤减免%
363,9,34,2000,0=68=0=1060,0=68=0=1060,0=68=0=1060,0=68=0=1060,0=68=0=1060,0=68=0=1060,101=20000,101=200000,1000,1000,,魔伤减免%
364,9,35,2000,0=68=0=1100,0=68=0=1100,0=68=0=1100,0=68=0=1100,0=68=0=1100,0=68=0=1100,101=20000,101=200000,1000,1000,,魔伤减免%
365,9,36,2000,0=68=0=1140,0=68=0=1140,0=68=0=1140,0=68=0=1140,0=68=0=1140,0=68=0=1140,101=20000,101=200000,1000,1000,,魔伤减免%
366,9,37,2000,0=68=0=1180,0=68=0=1180,0=68=0=1180,0=68=0=1180,0=68=0=1180,0=68=0=1180,101=20000,101=200000,1000,1000,,魔伤减免%
367,9,38,2000,0=68=0=1220,0=68=0=1220,0=68=0=1220,0=68=0=1220,0=68=0=1220,0=68=0=1220,101=20000,101=200000,1000,1000,,魔伤减免%
368,9,39,2000,0=68=0=1260,0=68=0=1260,0=68=0=1260,0=68=0=1260,0=68=0=1260,0=68=0=1260,101=20000,101=200000,1000,1000,,魔伤减免%
369,9,40,2000,0=68=0=1300,0=68=0=1300,0=68=0=1300,0=68=0=1300,0=68=0=1300,0=68=0=1300,101=20000,101=200000,1000,1000,,魔伤减免%
370,10,0,2000,0=68=0=12,0=68=0=12,0=68=0=12,0=68=0=12,0=68=0=12,0=68=0=12,101=20000,101=200000,1000,1000,,魔伤减免%
371,10,1,2000,0=68=0=25,0=68=0=25,0=68=0=25,0=68=0=25,0=68=0=25,0=68=0=25,101=20000,101=200000,1000,1000,,魔伤减免%
372,10,2,2000,0=68=0=50,0=68=0=50,0=68=0=50,0=68=0=50,0=68=0=50,0=68=0=50,101=20000,101=200000,1000,1000,,魔伤减免%
373,10,3,2000,0=68=0=75,0=68=0=75,0=68=0=75,0=68=0=75,0=68=0=75,0=68=0=75,101=20000,101=200000,1000,1000,,魔伤减免%
374,10,4,2000,0=68=0=100,0=68=0=100,0=68=0=100,0=68=0=100,0=68=0=100,0=68=0=100,101=20000,101=200000,1000,1000,,魔伤减免%
375,10,5,2000,0=68=0=125,0=68=0=125,0=68=0=125,0=68=0=125,0=68=0=125,0=68=0=125,101=20000,101=200000,1000,1000,,魔伤减免%
376,10,6,2000,0=68=0=150,0=68=0=150,0=68=0=150,0=68=0=150,0=68=0=150,0=68=0=150,101=20000,101=200000,1000,1000,,魔伤减免%
377,10,7,2000,0=68=0=175,0=68=0=175,0=68=0=175,0=68=0=175,0=68=0=175,0=68=0=175,101=20000,101=200000,1000,1000,,魔伤减免%
378,10,8,2000,0=68=0=200,0=68=0=200,0=68=0=200,0=68=0=200,0=68=0=200,0=68=0=200,101=20000,101=200000,1000,1000,,魔伤减免%
379,10,9,2000,0=68=0=225,0=68=0=225,0=68=0=225,0=68=0=225,0=68=0=225,0=68=0=225,101=20000,101=200000,1000,1000,,魔伤减免%
380,10,10,2000,0=68=0=250,0=68=0=250,0=68=0=250,0=68=0=250,0=68=0=250,0=68=0=250,101=20000,101=200000,1000,1000,,魔伤减免%
381,10,11,2000,0=68=0=275,0=68=0=275,0=68=0=275,0=68=0=275,0=68=0=275,0=68=0=275,101=20000,101=200000,1000,1000,,魔伤减免%
382,10,12,2000,0=68=0=300,0=68=0=300,0=68=0=300,0=68=0=300,0=68=0=300,0=68=0=300,101=20000,101=200000,1000,1000,,魔伤减免%
383,10,13,2000,0=68=0=325,0=68=0=325,0=68=0=325,0=68=0=325,0=68=0=325,0=68=0=325,101=20000,101=200000,1000,1000,,魔伤减免%
384,10,14,2000,0=68=0=350,0=68=0=350,0=68=0=350,0=68=0=350,0=68=0=350,0=68=0=350,101=20000,101=200000,1000,1000,,魔伤减免%
385,10,15,2000,0=68=0=375,0=68=0=375,0=68=0=375,0=68=0=375,0=68=0=375,0=68=0=375,101=20000,101=200000,1000,1000,,魔伤减免%
386,10,16,2000,0=68=0=400,0=68=0=400,0=68=0=400,0=68=0=400,0=68=0=400,0=68=0=400,101=20000,101=200000,1000,1000,,魔伤减免%
387,10,17,2000,0=68=0=425,0=68=0=425,0=68=0=425,0=68=0=425,0=68=0=425,0=68=0=425,101=20000,101=200000,1000,1000,,魔伤减免%
388,10,18,2000,0=68=0=450,0=68=0=450,0=68=0=450,0=68=0=450,0=68=0=450,0=68=0=450,101=20000,101=200000,1000,1000,,魔伤减免%
389,10,19,2000,0=68=0=475,0=68=0=475,0=68=0=475,0=68=0=475,0=68=0=475,0=68=0=475,101=20000,101=200000,1000,1000,,魔伤减免%
390,10,20,2000,0=68=0=500,0=68=0=500,0=68=0=500,0=68=0=500,0=68=0=500,0=68=0=500,101=20000,101=200000,1000,1000,,魔伤减免%
391,10,21,2000,0=68=0=540,0=68=0=540,0=68=0=540,0=68=0=540,0=68=0=540,0=68=0=540,101=20000,101=200000,1000,1000,,魔伤减免%
392,10,22,2000,0=68=0=580,0=68=0=580,0=68=0=580,0=68=0=580,0=68=0=580,0=68=0=580,101=20000,101=200000,1000,1000,,魔伤减免%
393,10,23,2000,0=68=0=620,0=68=0=620,0=68=0=620,0=68=0=620,0=68=0=620,0=68=0=620,101=20000,101=200000,1000,1000,,魔伤减免%
394,10,24,2000,0=68=0=660,0=68=0=660,0=68=0=660,0=68=0=660,0=68=0=660,0=68=0=660,101=20000,101=200000,1000,1000,,魔伤减免%
395,10,25,2000,0=68=0=700,0=68=0=700,0=68=0=700,0=68=0=700,0=68=0=700,0=68=0=700,101=20000,101=200000,1000,1000,,魔伤减免%
396,10,26,2000,0=68=0=740,0=68=0=740,0=68=0=740,0=68=0=740,0=68=0=740,0=68=0=740,101=20000,101=200000,1000,1000,,魔伤减免%
397,10,27,2000,0=68=0=780,0=68=0=780,0=68=0=780,0=68=0=780,0=68=0=780,0=68=0=780,101=20000,101=200000,1000,1000,,魔伤减免%
398,10,28,2000,0=68=0=820,0=68=0=820,0=68=0=820,0=68=0=820,0=68=0=820,0=68=0=820,101=20000,101=200000,1000,1000,,魔伤减免%
399,10,29,2000,0=68=0=860,0=68=0=860,0=68=0=860,0=68=0=860,0=68=0=860,0=68=0=860,101=20000,101=200000,1000,1000,,魔伤减免%
400,10,30,2000,0=68=0=900,0=68=0=900,0=68=0=900,0=68=0=900,0=68=0=900,0=68=0=900,101=20000,101=200000,1000,1000,,魔伤减免%
401,10,31,2000,0=68=0=940,0=68=0=940,0=68=0=940,0=68=0=940,0=68=0=940,0=68=0=940,101=20000,101=200000,1000,1000,,魔伤减免%
402,10,32,2000,0=68=0=980,0=68=0=980,0=68=0=980,0=68=0=980,0=68=0=980,0=68=0=980,101=20000,101=200000,1000,1000,,魔伤减免%
403,10,33,2000,0=68=0=1020,0=68=0=1020,0=68=0=1020,0=68=0=1020,0=68=0=1020,0=68=0=1020,101=20000,101=200000,1000,1000,,魔伤减免%
404,10,34,2000,0=68=0=1060,0=68=0=1060,0=68=0=1060,0=68=0=1060,0=68=0=1060,0=68=0=1060,101=20000,101=200000,1000,1000,,魔伤减免%
405,10,35,2000,0=68=0=1100,0=68=0=1100,0=68=0=1100,0=68=0=1100,0=68=0=1100,0=68=0=1100,101=20000,101=200000,1000,1000,,魔伤减免%
406,10,36,2000,0=68=0=1140,0=68=0=1140,0=68=0=1140,0=68=0=1140,0=68=0=1140,0=68=0=1140,101=20000,101=200000,1000,1000,,魔伤减免%
407,10,37,2000,0=68=0=1180,0=68=0=1180,0=68=0=1180,0=68=0=1180,0=68=0=1180,0=68=0=1180,101=20000,101=200000,1000,1000,,魔伤减免%
408,10,38,2000,0=68=0=1220,0=68=0=1220,0=68=0=1220,0=68=0=1220,0=68=0=1220,0=68=0=1220,101=20000,101=200000,1000,1000,,魔伤减免%
409,10,39,2000,0=68=0=1260,0=68=0=1260,0=68=0=1260,0=68=0=1260,0=68=0=1260,0=68=0=1260,101=20000,101=200000,1000,1000,,魔伤减免%
410,10,40,2000,0=68=0=1300,0=68=0=1300,0=68=0=1300,0=68=0=1300,0=68=0=1300,0=68=0=1300,101=20000,101=200000,1000,1000,,魔伤减免%
411,11,0,2000,0=68=0=12,0=68=0=12,0=68=0=12,0=68=0=12,0=68=0=12,0=68=0=12,101=20000,101=200000,1000,1000,,魔伤减免%
412,11,1,2000,0=68=0=25,0=68=0=25,0=68=0=25,0=68=0=25,0=68=0=25,0=68=0=25,101=20000,101=200000,1000,1000,,魔伤减免%
413,11,2,2000,0=68=0=50,0=68=0=50,0=68=0=50,0=68=0=50,0=68=0=50,0=68=0=50,101=20000,101=200000,1000,1000,,魔伤减免%
414,11,3,2000,0=68=0=75,0=68=0=75,0=68=0=75,0=68=0=75,0=68=0=75,0=68=0=75,101=20000,101=200000,1000,1000,,魔伤减免%
415,11,4,2000,0=68=0=100,0=68=0=100,0=68=0=100,0=68=0=100,0=68=0=100,0=68=0=100,101=20000,101=200000,1000,1000,,魔伤减免%
416,11,5,2000,0=68=0=125,0=68=0=125,0=68=0=125,0=68=0=125,0=68=0=125,0=68=0=125,101=20000,101=200000,1000,1000,,魔伤减免%
417,11,6,2000,0=68=0=150,0=68=0=150,0=68=0=150,0=68=0=150,0=68=0=150,0=68=0=150,101=20000,101=200000,1000,1000,,魔伤减免%
418,11,7,2000,0=68=0=175,0=68=0=175,0=68=0=175,0=68=0=175,0=68=0=175,0=68=0=175,101=20000,101=200000,1000,1000,,魔伤减免%
419,11,8,2000,0=68=0=200,0=68=0=200,0=68=0=200,0=68=0=200,0=68=0=200,0=68=0=200,101=20000,101=200000,1000,1000,,魔伤减免%
420,11,9,2000,0=68=0=225,0=68=0=225,0=68=0=225,0=68=0=225,0=68=0=225,0=68=0=225,101=20000,101=200000,1000,1000,,魔伤减免%
421,11,10,2000,0=68=0=250,0=68=0=250,0=68=0=250,0=68=0=250,0=68=0=250,0=68=0=250,101=20000,101=200000,1000,1000,,魔伤减免%
422,11,11,2000,0=68=0=275,0=68=0=275,0=68=0=275,0=68=0=275,0=68=0=275,0=68=0=275,101=20000,101=200000,1000,1000,,魔伤减免%
423,11,12,2000,0=68=0=300,0=68=0=300,0=68=0=300,0=68=0=300,0=68=0=300,0=68=0=300,101=20000,101=200000,1000,1000,,魔伤减免%
424,11,13,2000,0=68=0=325,0=68=0=325,0=68=0=325,0=68=0=325,0=68=0=325,0=68=0=325,101=20000,101=200000,1000,1000,,魔伤减免%
425,11,14,2000,0=68=0=350,0=68=0=350,0=68=0=350,0=68=0=350,0=68=0=350,0=68=0=350,101=20000,101=200000,1000,1000,,魔伤减免%
426,11,15,2000,0=68=0=375,0=68=0=375,0=68=0=375,0=68=0=375,0=68=0=375,0=68=0=375,101=20000,101=200000,1000,1000,,魔伤减免%
427,11,16,2000,0=68=0=400,0=68=0=400,0=68=0=400,0=68=0=400,0=68=0=400,0=68=0=400,101=20000,101=200000,1000,1000,,魔伤减免%
428,11,17,2000,0=68=0=425,0=68=0=425,0=68=0=425,0=68=0=425,0=68=0=425,0=68=0=425,101=20000,101=200000,1000,1000,,魔伤减免%
429,11,18,2000,0=68=0=450,0=68=0=450,0=68=0=450,0=68=0=450,0=68=0=450,0=68=0=450,101=20000,101=200000,1000,1000,,魔伤减免%
430,11,19,2000,0=68=0=475,0=68=0=475,0=68=0=475,0=68=0=475,0=68=0=475,0=68=0=475,101=20000,101=200000,1000,1000,,魔伤减免%
431,11,20,2000,0=68=0=500,0=68=0=500,0=68=0=500,0=68=0=500,0=68=0=500,0=68=0=500,101=20000,101=200000,1000,1000,,魔伤减免%
432,11,21,2000,0=68=0=540,0=68=0=540,0=68=0=540,0=68=0=540,0=68=0=540,0=68=0=540,101=20000,101=200000,1000,1000,,魔伤减免%
433,11,22,2000,0=68=0=580,0=68=0=580,0=68=0=580,0=68=0=580,0=68=0=580,0=68=0=580,101=20000,101=200000,1000,1000,,魔伤减免%
434,11,23,2000,0=68=0=620,0=68=0=620,0=68=0=620,0=68=0=620,0=68=0=620,0=68=0=620,101=20000,101=200000,1000,1000,,魔伤减免%
435,11,24,2000,0=68=0=660,0=68=0=660,0=68=0=660,0=68=0=660,0=68=0=660,0=68=0=660,101=20000,101=200000,1000,1000,,魔伤减免%
436,11,25,2000,0=68=0=700,0=68=0=700,0=68=0=700,0=68=0=700,0=68=0=700,0=68=0=700,101=20000,101=200000,1000,1000,,魔伤减免%
437,11,26,2000,0=68=0=740,0=68=0=740,0=68=0=740,0=68=0=740,0=68=0=740,0=68=0=740,101=20000,101=200000,1000,1000,,魔伤减免%
438,11,27,2000,0=68=0=780,0=68=0=780,0=68=0=780,0=68=0=780,0=68=0=780,0=68=0=780,101=20000,101=200000,1000,1000,,魔伤减免%
439,11,28,2000,0=68=0=820,0=68=0=820,0=68=0=820,0=68=0=820,0=68=0=820,0=68=0=820,101=20000,101=200000,1000,1000,,魔伤减免%
440,11,29,2000,0=68=0=860,0=68=0=860,0=68=0=860,0=68=0=860,0=68=0=860,0=68=0=860,101=20000,101=200000,1000,1000,,魔伤减免%
441,11,30,2000,0=68=0=900,0=68=0=900,0=68=0=900,0=68=0=900,0=68=0=900,0=68=0=900,101=20000,101=200000,1000,1000,,魔伤减免%
442,11,31,2000,0=68=0=940,0=68=0=940,0=68=0=940,0=68=0=940,0=68=0=940,0=68=0=940,101=20000,101=200000,1000,1000,,魔伤减免%
443,11,32,2000,0=68=0=980,0=68=0=980,0=68=0=980,0=68=0=980,0=68=0=980,0=68=0=980,101=20000,101=200000,1000,1000,,魔伤减免%
444,11,33,2000,0=68=0=1020,0=68=0=1020,0=68=0=1020,0=68=0=1020,0=68=0=1020,0=68=0=1020,101=20000,101=200000,1000,1000,,魔伤减免%
445,11,34,2000,0=68=0=1060,0=68=0=1060,0=68=0=1060,0=68=0=1060,0=68=0=1060,0=68=0=1060,101=20000,101=200000,1000,1000,,魔伤减免%
446,11,35,2000,0=68=0=1100,0=68=0=1100,0=68=0=1100,0=68=0=1100,0=68=0=1100,0=68=0=1100,101=20000,101=200000,1000,1000,,魔伤减免%
447,11,36,2000,0=68=0=1140,0=68=0=1140,0=68=0=1140,0=68=0=1140,0=68=0=1140,0=68=0=1140,101=20000,101=200000,1000,1000,,魔伤减免%
448,11,37,2000,0=68=0=1180,0=68=0=1180,0=68=0=1180,0=68=0=1180,0=68=0=1180,0=68=0=1180,101=20000,101=200000,1000,1000,,魔伤减免%
449,11,38,2000,0=68=0=1220,0=68=0=1220,0=68=0=1220,0=68=0=1220,0=68=0=1220,0=68=0=1220,101=20000,101=200000,1000,1000,,魔伤减免%
450,11,39,2000,0=68=0=1260,0=68=0=1260,0=68=0=1260,0=68=0=1260,0=68=0=1260,0=68=0=1260,101=20000,101=200000,1000,1000,,魔伤减免%
451,11,40,2000,0=68=0=1300,0=68=0=1300,0=68=0=1300,0=68=0=1300,0=68=0=1300,0=68=0=1300,101=20000,101=200000,1000,1000,,魔伤减免%
452,12,0,2000,0=68=0=12,0=68=0=12,0=68=0=12,0=68=0=12,0=68=0=12,0=68=0=12,101=20000,101=200000,1000,1000,,魔伤减免%
453,12,1,2000,0=68=0=25,0=68=0=25,0=68=0=25,0=68=0=25,0=68=0=25,0=68=0=25,101=20000,101=200000,1000,1000,,魔伤减免%
454,12,2,2000,0=68=0=50,0=68=0=50,0=68=0=50,0=68=0=50,0=68=0=50,0=68=0=50,101=20000,101=200000,1000,1000,,魔伤减免%
455,12,3,2000,0=68=0=75,0=68=0=75,0=68=0=75,0=68=0=75,0=68=0=75,0=68=0=75,101=20000,101=200000,1000,1000,,魔伤减免%
456,12,4,2000,0=68=0=100,0=68=0=100,0=68=0=100,0=68=0=100,0=68=0=100,0=68=0=100,101=20000,101=200000,1000,1000,,魔伤减免%
457,12,5,2000,0=68=0=125,0=68=0=125,0=68=0=125,0=68=0=125,0=68=0=125,0=68=0=125,101=20000,101=200000,1000,1000,,魔伤减免%
458,12,6,2000,0=68=0=150,0=68=0=150,0=68=0=150,0=68=0=150,0=68=0=150,0=68=0=150,101=20000,101=200000,1000,1000,,魔伤减免%
459,12,7,2000,0=68=0=175,0=68=0=175,0=68=0=175,0=68=0=175,0=68=0=175,0=68=0=175,101=20000,101=200000,1000,1000,,魔伤减免%
460,12,8,2000,0=68=0=200,0=68=0=200,0=68=0=200,0=68=0=200,0=68=0=200,0=68=0=200,101=20000,101=200000,1000,1000,,魔伤减免%
461,12,9,2000,0=68=0=225,0=68=0=225,0=68=0=225,0=68=0=225,0=68=0=225,0=68=0=225,101=20000,101=200000,1000,1000,,魔伤减免%
462,12,10,2000,0=68=0=250,0=68=0=250,0=68=0=250,0=68=0=250,0=68=0=250,0=68=0=250,101=20000,101=200000,1000,1000,,魔伤减免%
463,12,11,2000,0=68=0=275,0=68=0=275,0=68=0=275,0=68=0=275,0=68=0=275,0=68=0=275,101=20000,101=200000,1000,1000,,魔伤减免%
464,12,12,2000,0=68=0=300,0=68=0=300,0=68=0=300,0=68=0=300,0=68=0=300,0=68=0=300,101=20000,101=200000,1000,1000,,魔伤减免%
465,12,13,2000,0=68=0=325,0=68=0=325,0=68=0=325,0=68=0=325,0=68=0=325,0=68=0=325,101=20000,101=200000,1000,1000,,魔伤减免%
466,12,14,2000,0=68=0=350,0=68=0=350,0=68=0=350,0=68=0=350,0=68=0=350,0=68=0=350,101=20000,101=200000,1000,1000,,魔伤减免%
467,12,15,2000,0=68=0=375,0=68=0=375,0=68=0=375,0=68=0=375,0=68=0=375,0=68=0=375,101=20000,101=200000,1000,1000,,魔伤减免%
468,12,16,2000,0=68=0=400,0=68=0=400,0=68=0=400,0=68=0=400,0=68=0=400,0=68=0=400,101=20000,101=200000,1000,1000,,魔伤减免%
469,12,17,2000,0=68=0=425,0=68=0=425,0=68=0=425,0=68=0=425,0=68=0=425,0=68=0=425,101=20000,101=200000,1000,1000,,魔伤减免%
470,12,18,2000,0=68=0=450,0=68=0=450,0=68=0=450,0=68=0=450,0=68=0=450,0=68=0=450,101=20000,101=200000,1000,1000,,魔伤减免%
471,12,19,2000,0=68=0=475,0=68=0=475,0=68=0=475,0=68=0=475,0=68=0=475,0=68=0=475,101=20000,101=200000,1000,1000,,魔伤减免%
472,12,20,2000,0=68=0=500,0=68=0=500,0=68=0=500,0=68=0=500,0=68=0=500,0=68=0=500,101=20000,101=200000,1000,1000,,魔伤减免%
473,12,21,2000,0=68=0=540,0=68=0=540,0=68=0=540,0=68=0=540,0=68=0=540,0=68=0=540,101=20000,101=200000,1000,1000,,魔伤减免%
474,12,22,2000,0=68=0=580,0=68=0=580,0=68=0=580,0=68=0=580,0=68=0=580,0=68=0=580,101=20000,101=200000,1000,1000,,魔伤减免%
475,12,23,2000,0=68=0=620,0=68=0=620,0=68=0=620,0=68=0=620,0=68=0=620,0=68=0=620,101=20000,101=200000,1000,1000,,魔伤减免%
476,12,24,2000,0=68=0=660,0=68=0=660,0=68=0=660,0=68=0=660,0=68=0=660,0=68=0=660,101=20000,101=200000,1000,1000,,魔伤减免%
477,12,25,2000,0=68=0=700,0=68=0=700,0=68=0=700,0=68=0=700,0=68=0=700,0=68=0=700,101=20000,101=200000,1000,1000,,魔伤减免%
478,12,26,2000,0=68=0=740,0=68=0=740,0=68=0=740,0=68=0=740,0=68=0=740,0=68=0=740,101=20000,101=200000,1000,1000,,魔伤减免%
479,12,27,2000,0=68=0=780,0=68=0=780,0=68=0=780,0=68=0=780,0=68=0=780,0=68=0=780,101=20000,101=200000,1000,1000,,魔伤减免%
480,12,28,2000,0=68=0=820,0=68=0=820,0=68=0=820,0=68=0=820,0=68=0=820,0=68=0=820,101=20000,101=200000,1000,1000,,魔伤减免%
481,12,29,2000,0=68=0=860,0=68=0=860,0=68=0=860,0=68=0=860,0=68=0=860,0=68=0=860,101=20000,101=200000,1000,1000,,魔伤减免%
482,12,30,2000,0=68=0=900,0=68=0=900,0=68=0=900,0=68=0=900,0=68=0=900,0=68=0=900,101=20000,101=200000,1000,1000,,魔伤减免%
483,12,31,2000,0=68=0=940,0=68=0=940,0=68=0=940,0=68=0=940,0=68=0=940,0=68=0=940,101=20000,101=200000,1000,1000,,魔伤减免%
484,12,32,2000,0=68=0=980,0=68=0=980,0=68=0=980,0=68=0=980,0=68=0=980,0=68=0=980,101=20000,101=200000,1000,1000,,魔伤减免%
485,12,33,2000,0=68=0=1020,0=68=0=1020,0=68=0=1020,0=68=0=1020,0=68=0=1020,0=68=0=1020,101=20000,101=200000,1000,1000,,魔伤减免%
486,12,34,2000,0=68=0=1060,0=68=0=1060,0=68=0=1060,0=68=0=1060,0=68=0=1060,0=68=0=1060,101=20000,101=200000,1000,1000,,魔伤减免%
487,12,35,2000,0=68=0=1100,0=68=0=1100,0=68=0=1100,0=68=0=1100,0=68=0=1100,0=68=0=1100,101=20000,101=200000,1000,1000,,魔伤减免%
488,12,36,2000,0=68=0=1140,0=68=0=1140,0=68=0=1140,0=68=0=1140,0=68=0=1140,0=68=0=1140,101=20000,101=200000,1000,1000,,魔伤减免%
489,12,37,2000,0=68=0=1180,0=68=0=1180,0=68=0=1180,0=68=0=1180,0=68=0=1180,0=68=0=1180,101=20000,101=200000,1000,1000,,魔伤减免%
490,12,38,2000,0=68=0=1220,0=68=0=1220,0=68=0=1220,0=68=0=1220,0=68=0=1220,0=68=0=1220,101=20000,101=200000,1000,1000,,魔伤减免%
491,12,39,2000,0=68=0=1260,0=68=0=1260,0=68=0=1260,0=68=0=1260,0=68=0=1260,0=68=0=1260,101=20000,101=200000,1000,1000,,魔伤减免%
492,12,40,2000,0=68=0=1300,0=68=0=1300,0=68=0=1300,0=68=0=1300,0=68=0=1300,0=68=0=1300,101=20000,101=200000,1000,1000,,魔伤减免%
