OrnamentID,OrnamentName,OrnamentType,SortID,OrnamentFrame,Coloration,UsedForPreview,ItemQuality,ResolveAmount,ExpendZeny,ItemGrade,AttrLuxury,AttrMaturity,AttrElegancy,AttrRomance,AttrDarkTone,IsShare,IsHide,LocalizationArea,
配饰ID,配饰名称,类型（1头部 2脸部 3嘴部 4背部 5尾巴）,排序,边框,染色,是否在创角时显示,道具品质(1C 1B 3A 4S 0无品质不显示)策划用，先和item表的更新为一致的！！,分解后获得对应材料的数量(获得物品ID=下限=上限）,分解头饰所需要花费的zeny币数量,道具级别（1普通 2稀有 3限定）,简约-100<=>华丽100,活泼-100<=>成熟100,邪气-100<=>正义100,清凉-100<=>保暖100,亮色-100<=>暗色100,是否支持分享（0不支持1支持）,是否在衣橱隐藏（0显示 1隐藏）默认值为0,本地化区域划分(0所有1中2日4香港8韩16北美，多地区时数字叠加）,（策划用不需要翻译）备注：未配置属性|无图标|未优化|未配置时尚评分和通用发型
1070119,魔物图鉴头饰1阶,1,1001,0,,1,1,2034003=1=3,10000,1,50,-50,-50,50,-50,1,,,
1070016,波利帽,1,1002,0,,1,1,2034003=1=3,10000,1,-42,-60,20,60,-40,1,,,
1070031,蛋壳帽,1,1003,0,,1,1,2034003=1=3,10000,1,-70,-66,-20,40,-20,1,,,
1070051,触角头饰,1,1004,0,,1,1,2034003=1=3,10000,1,-62,-66,-20,-40,-25,1,,,
1070013,红蝶发带,1,1005,0,,1,1,2034003=1=3,10000,1,34,-64,40,-40,-40,1,,,
1070017,头箍,1,1006,0,,1,1,2034003=1=3,10000,1,-64,30,20,-60,-40,1,,,
1070026,紫蝶发带,1,1007,0,,1,1,2034003=1=3,10000,1,-52,58,28,-50,20,1,,,
1080015,小丑鼻子,2,1008,0,,1,1,2034003=1=3,10000,1,-50,-66,-52,-46,-20,0,,,
1080016,OK绷,2,1009,0,,1,1,2034003=1=3,10000,1,-72,-50,-62,20,-20,0,,,
1090005,胡须,3,1010,0,,1,1,2034003=1=3,10000,1,-62,-40,40,56,-20,0,,,
1090006,口罩,3,1011,0,,1,1,2034003=1=3,10000,1,-64,46,20,72,-20,0,,,
1070060,火线头饰,1,1012,0,,1,1,2034003=1=3,10000,1,-60,-40,-30,45,-37,1,,,
1070143,耳机,1,1013,0,,1,1,2034003=1=3,10000,1,-80,-70,-40,40,-20,1,,,
1070073,变身树叶,1,1014,0,,1,1,2034003=1=3,10000,1,-40,-20,50,-60,-50,1,,,
1070074,草帽,1,1015,0,,1,1,2034003=1=3,10000,1,-60,40,20,-20,-80,1,,,
1070120,魔物图鉴头饰2阶,1,2001,0,,1,2,2034003=1=3,10000,1,60,-60,-60,50,-60,1,,,
1070054,兽角头饰,1,2002,0,,1,2,2034003=1=3,10000,1,-89,58,-70,-58,-34,1,,,
1080020,白色眼罩,2,2003,0,,1,2,2034003=1=3,10000,1,-40,40,50,-50,-50,0,,,
1070002,金属头盔,1,2004,0,,1,2,2034003=4=6,10000,1,52,50,84,32,-50,1,,,
1070034,魔法师帽,1,2005,0,,1,2,2034003=4=6,10000,1,56,50,80,32,60,1,,,
1070035,圣职之帽,1,2006,0,,1,2,2034003=4=6,10000,1,-52,50,84,32,-50,1,,,
1070040,羽毛帽,1,2007,0,,1,2,2034003=4=6,10000,1,54,50,82,32,-50,1,,,
1070061,破产之哀,1,2008,0,,1,2,2034003=4=6,10000,1,-50,50,80,-38,50,1,,,
1070037,贝雷帽,1,2009,0,,1,2,2034003=4=6,10000,1,-42,-56,-72,30,40,1,,,
1070007,爱心发夹,1,2010,0,,1,2,2034003=4=6,10000,1,-74,-60,20,-40,50,1,,,
1070018,星星发夹,1,2011,0,,1,2,2034003=4=6,10000,1,-62,-66,30,-40,-50,1,,,
1070014,卡普拉发圈,1,2012,0,,1,2,2034003=4=6,10000,1,38,-68,60,20,-48,1,,,
1070020,厨师帽,1,2013,0,,1,2,2034003=4=6,10000,1,-46,58,30,58,-40,1,,,
1070024,普隆德拉军帽,1,2014,0,,1,2,2034003=4=6,10000,1,-40,50,71,60,20,1,,,
1070043,宝石头盔,1,2015,0,,1,2,2034003=4=6,10000,1,54,40,40,40,-40,1,,,
1070044,兽人头盔,1,2016,0,,1,2,2034003=4=6,10000,1,-40,50,-50,40,34,1,,,
1070045,僵尸帽,1,2017,0,,1,2,2034003=4=6,10000,1,20,-32,-80,40,52,1,,,
1070046,护士帽,1,2018,0,,1,2,2034003=4=6,10000,1,-62,62,70,-40,-40,1,,,
1070055,印地安发箍,1,2019,0,,1,2,2034003=4=6,10000,1,44,-52,30,-52,-37,1,,,
1070056,海盗头巾,1,2020,0,,1,2,2034003=4=6,10000,1,-52,30,-71,-45,60,1,,,
1070058,妖道帽,1,2021,0,,1,2,2034003=4=6,10000,1,20,-32,-80,40,40,1,,,
1070059,向日葵头饰,1,2022,0,,1,2,2034003=4=6,10000,1,42,-66,56,-20,-52,1,,,
1070066,眼镜头饰,1,2023,0,,1,2,2034003=4=6,10000,1,-58,42,30,-57,-27,1,,,
1070144,防风皮革眼镜,1,2024,0,,1,2,2034003=4=6,10000,1,-34,40,42,60,42,1,,,
1070003,苹果头饰,1,2025,0,,1,2,2034003=4=6,10000,1,-56,-60,40,-58,-20,1,,,
1070012,光环,1,2026,0,,1,2,2034003=4=6,10000,1,-48,30,71,-52,-70,1,,,
1070039,竹蜻蜓发圈,1,2027,0,,1,2,2034003=4=6,10000,1,-55,-70,46,-80,-20,1,,,
1070062,牛仔帽,1,2028,0,,1,2,2034003=4=6,10000,1,-60,66,-50,62,30,1,,,
1070063,魔术师帽,1,2029,0,,1,2,2034003=4=6,10000,1,-58,69,-30,30,87,1,,,
1070142,灯泡发圈,1,2030,0,,1,2,2034003=4=6,10000,1,-60,-60,-40,40,-50,1,,,
1070145,海棠花发夹,1,2031,0,,1,2,2034003=4=6,10000,1,42,-64,30,-71,-50,1,,,
1070146,蜡烛头饰,1,2032,0,,1,2,2034003=4=6,10000,1,-56,30,-40,70,-50,1,,,
1070151,上弦月发夹,1,2033,0,,1,2,2034003=4=6,10000,1,-74,-40,42,-72,-20,1,,,
1080010,独眼龙眼罩,2,2034,0,,1,2,2034003=4=6,10000,1,-50,60,-70,20,40,0,,,
1080018,大眼睛眼镜,2,2035,0,,1,2,2034003=4=6,10000,1,-50,64,-62,-42,20,0,,9,
1080003,红晕,2,2036,0,,1,2,2034003=4=6,10000,1,-64,-88,30,-20,-20,0,,,
1080005,红色小发带,2,2037,0,,1,2,2034003=4=6,10000,1,40,-68,32,30,-40,0,,,
1080013,太阳眼镜,2,2038,0,,1,2,2034003=4=6,10000,1,-42,56,-70,-60,65,0,,,
1080019,蝴蝶假面,2,2039,0,,1,2,2034003=4=6,10000,1,52,58,-76,30,74,0,,,
1090004,含在嘴里的棒棒糖,3,2040,0,,1,2,2034003=4=6,10000,1,72,-80,40,-30,-20,0,,,
1090007,土司,3,2041,0,,1,2,2034003=4=6,10000,1,-58,-72,20,30,-40,0,,,
1070159,红蝶丝带,1,2042,0,,1,2,2034003=4=6,10000,1,-53,-62,30,-56,-40,1,,,
1070160,铃铛发带,1,2043,0,,1,2,2034003=4=6,10000,1,52,-67,32,-50,-40,1,,,
1070161,派对帽,1,2044,0,,1,2,2034003=4=6,10000,1,62,-68,-50,32,-40,1,,,
1072001,激光发射器,1,2045,0,,1,2,2034003=4=6,10000,1,51,-62,-43,-40,-50,1,,,
1070005,兔耳发圈,1,2046,0,,1,2,2034003=4=6,10000,1,40,-92,58,-64,-80,1,,,
1070156,音标耳机,1,2047,0,,1,2,2034003=4=6,10000,1,68,-72,-40,-60,-20,1,,,
1070042,猫耳发圈,1,2048,0,,1,2,2034003=4=6,10000,2,70,-90,60,-50,-62,1,,,
1070158,耳罩,1,2049,0,,1,2,2034003=4=6,10000,2,-60,-64,37,90,-56,1,,,
1092001,巴风特 Choco Cookie,3,2050,0,,1,2,2034003=4=6,10000,2,-58,-72,20,30,-40,0,,9,
1092002,Poring Star 草莓Cookie,3,2051,0,,1,2,2034003=4=6,10000,2,-58,-72,20,30,-40,0,,9,
1070075,诗人的帽子,1,2052,0,,1,2,2034003=4=6,10000,1,70,40,60,-30,-60,1,,,
1070076,猫爪发夹,1,2053,0,,1,2,2034003=4=6,10000,1,-60,-60,60,20,-60,1,,,
1070077,飞鸟普妮的翼饰,1,2054,0,,1,2,2034003=4=6,10000,1,70,60,60,30,-60,1,,,
1070078,蓝色卡普拉发圈,1,2055,0,,1,2,2034003=4=6,10000,1,40,60,70,40,-50,1,,9,
1070079,炸弹头饰,1,2056,0,,1,2,2034003=4=6,10000,1,30,-60,-60,40,80,1,,,
1070080,爱心泳镜,1,2057,0,,1,2,2034003=4=6,10000,1,-40,-60,60,-70,-60,1,,,
1080023,创可贴,2,2058,0,,1,2,2034003=4=6,10000,1,-60,-50,60,-50,-40,0,,,
1080022,猫爪眼罩,2,2059,0,,1,2,2034003=4=6,10000,1,-50,-50,-40,60,60,0,,,
1080025,十字星纹身贴纸,2,2060,0,,1,2,2034003=4=6,10000,1,-40,-60,-50,-60,60,0,,,
1080024,亲亲贴纸,2,2061,0,,1,2,2034003=4=6,10000,1,-40,-60,50,-60,-60,0,,,
1080026,舞会面具,2,2062,0,,1,2,2034003=4=6,10000,1,60,50,-40,-40,-40,0,,,
1080021,眼罩,2,2063,0,,1,2,2034003=4=6,10000,1,-70,50,-40,-30,40,0,,,
1090014,嘴咬口香糖,3,2064,0,,1,2,2034003=4=6,10000,2,-60,-50,40,-30,-40,0,,,
1090015,西瓜冰棒,3,2065,0,,1,2,2034003=4=6,10000,2,-50,-60,40,-50,-40,0,,,
1090016,挂耳式麦克风,3,2066,0,,1,2,2034003=4=6,10000,2,-40,-60,50,-50,30,0,,,
1090017,喵喵口罩,3,2067,0,,1,2,2034003=4=6,10000,2,50,-70,30,40,-40,0,,,
1090018,小恶魔口罩,3,2068,0,,1,2,2034003=4=6,10000,2,50,-70,-30,40,40,0,,,
1090019,小熊口罩,3,2069,0,,1,2,2034003=4=6,10000,2,50,-70,30,40,-40,0,,,
1090020,坏笑口罩,3,2070,0,,1,2,2034003=7=10,10000,2,50,-70,30,40,40,0,,,
1090028,好吃的草莓松饼,3,2071,0,,1,2,2034003=7=10,10000,2,-50,-60,40,-50,-40,0,,,
1090029,好吃的可可松饼,3,2072,0,,1,2,2034003=7=10,10000,2,-40,50,-65,60,47,0,,,
1090030,好吃的蛋黄松饼,3,2073,0,,1,2,2034003=7=10,10000,2,-58,-62,20,30,-40,0,,,
1090031,好吃的芋泥松饼,3,2074,0,,1,2,2034003=7=10,10000,2,38,-68,60,20,-48,0,,,
1090032,好吃的桂花松饼,3,2075,0,,1,2,2034003=7=10,10000,2,-62,-66,30,-40,-50,0,,,
1090033,好吃的神秘松饼,3,2076,0,,1,2,2034003=7=10,10000,2,-42,56,-70,-60,65,0,,,
1090035,小狗甜甜圈,3,2077,0,,1,2,2034003=4=6,10000,2,-57,-74,-61,41,-57,0,,,
1090036,草莓甜甜圈,3,2078,0,,1,2,2034003=4=6,10000,2,57,-74,61,40,-71,0,,,
1090037,巧克力甜甜圈,3,2079,0,,1,2,2034003=4=6,10000,2,48,-74,-61,42,64,0,,,
1070121,魔物图鉴头饰3阶,1,3001,0,,1,3,2034003=1=3,10000,1,70,-70,-70,65,-60,1,,,
1070122,魔物图鉴头饰4阶,1,3002,0,,1,3,2034003=1=3,10000,1,75,-75,-75,75,-60,1,,,
1070036,亡者发箍,1,3003,0,,1,3,2034003=7=10,10000,1,-56,50,-80,-32,-50,1,,,
1070015,丸子头饰,1,3004,0,,1,3,2034003=7=10,10000,1,36,-72,30,-34,40,1,,,
1070053,粪便帽,1,3005,0,,1,3,2034003=7=10,10000,1,-20,-20,-60,60,40,1,,,
1070057,蛇饰发箍,1,3006,0,,1,3,2034003=7=10,10000,1,65,67,-58,-32,-50,1,,,
1070070,巨大的金铃铛,1,3007,0,,1,3,2034003=7=10,10000,1,70,-72,46,-50,-64,1,,,
1080001,剑士头盔,2,3008,0,,1,3,2034003=7=10,10000,1,60,68,30,30,-20,0,,,
1090009,金属口罩,3,3009,0,,1,3,2034003=7=10,10000,1,56,50,72,30,-40,0,,,
1070065,小丑帽,1,3010,0,,1,3,2034003=7=10,10000,1,46,-64,-65,60,-40,1,,,
1070011,粉纱发圈,1,3011,0,,1,3,2034003=7=10,10000,1,-70,-64,42,-68,-40,1,,,
1070032,回忆帽,1,3012,0,,1,3,2034003=7=10,10000,1,-70,-48,50,74,-40,1,,,
1070038,霹雳雷云,1,3013,0,,1,3,2034003=7=10,10000,1,52,30,-80,-76,76,1,,,
1070041,绅士帽,1,3014,0,,1,3,2034003=7=10,10000,1,-80,80,64,68,68,1,,,
1070052,天使之吻,1,3015,0,,1,3,2034003=7=10,10000,1,78,64,67,-62,-40,1,,,
1070064,狐狸假面,1,3016,0,,1,3,2034003=7=10,10000,1,68,-64,-76,-30,-60,1,,,
1070068,出游帽子,1,3017,0,,1,3,2034003=7=10,10000,1,50,-70,40,-82,-70,1,,,
1070147,灵魂光环,1,3018,0,,1,3,2034003=7=10,10000,1,82,-60,80,-30,-60,1,,,
1070149,咪咪帽,1,3019,0,,1,3,2034003=7=10,10000,1,-54,-82,40,87,-20,1,,9,
1070153,自娱自乐箱子I,1,3020,0,,1,3,2034003=7=10,10000,1,-82,-68,20,80,20,1,,,
1070154,自娱自乐箱子II,1,3021,0,,1,3,2034003=7=10,10000,1,-82,-68,-20,80,20,1,,,
1070155,小熊帽,1,3022,0,,1,3,2034003=7=10,10000,1,-52,-82,-50,96,40,1,,,
1070009,婚礼发冠,1,3023,0,,1,3,2034003=7=10,10000,2,80,-60,60,-72,-84,1,,9,
1070023,公主冠冕,1,3024,0,,1,3,2034003=7=10,10000,2,65,-74,76,-76,-59,1,,,
1080002,妖精长耳朵饰,2,3025,0,,1,3,2034003=7=10,10000,2,70,-94,-80,-40,-20,0,,,
1090001,花叶,3,3026,0,,1,3,2034003=7=10,10000,2,-50,-86,50,-40,-40,0,,,
1090003,草叶,3,3027,0,,1,3,2034003=7=10,10000,2,-84,-66,50,-40,-40,0,,,
1090013,叼在嘴里的鱼,3,3028,0,,1,3,2034003=7=10,10000,1,40,-78,-50,-45,-40,0,,,
1090010,小孩奶嘴,3,3029,0,,1,3,2034003=7=10,10000,2,60,-96,30,30,-40,0,,,
1100001,波利背包,4,3030,0,,1,3,2034003=7=10,10000,2,-60,-90,40,30,-50,0,,,
1070157,爱唱歌的小鸟,1,3031,0,,1,3,2034003=7=10,10000,2,50,-82,40,-40,-60,1,,,
1070162,趴趴章鱼,1,3032,0,,1,3,2034003=7=10,10000,2,60,-87,-60,-50,-40,1,,,
1070163,圣诞帽,1,3033,0,,1,3,2034003=7=10,10000,2,64,-67,50,86,-40,1,,9,
1070164,神圣的音乐帽子,1,3034,0,,1,3,2034003=7=10,10000,2,70,72,78,58,-30,1,,,
1070165,跳跃的小鸡,1,3035,0,,1,3,2034003=7=10,10000,2,-50,-78,40,57,-60,1,,,
1070166,鱼头帽子,1,3036,0,,1,3,2034003=7=10,10000,2,-47,-65,-64,-57,57,1,,,
1070167,黑猫耳朵,1,3037,0,,1,3,2034003=7=10,10000,2,-74,57,-78,-62,71,1,,,
1070168,勇士之帽,1,3038,0,,1,3,2034003=7=10,10000,2,68,70,80,70,-20,1,,,
1070019,花冠,1,3039,0,,1,3,2034003=7=10,10000,2,72,-92,76,-88,-70,1,,,
1070022,懒洋洋的猫,1,3040,0,,1,3,2034003=7=10,10000,2,70,-96,-70,80,86,1,,,
1070067,小恶魔帽,1,3041,0,,1,3,2034003=7=10,10000,2,-70,-78,-94,78,97,1,,,
1070152,天使波利帽子,1,3042,0,,1,3,2034003=7=10,10000,2,76,-98,90,90,-40,1,,,
1090012,铁钉口罩,3,3043,0,,1,3,2034003=7=10,10000,2,60,67,40,70,57,0,,,
1070082,蘑菇头套,1,3044,0,,1,3,2034003=7=10,10000,1,50,-80,-60,60,-60,1,,,
1070083,讨厌的狸猫,1,3045,0,,1,3,2034003=7=10,10000,1,50,-80,-60,60,-60,1,,,
1070084,绵羊帽,1,3046,0,,1,3,2034003=7=10,10000,1,60,-80,60,70,-70,1,,,
1070085,羽毛贝雷帽,1,3047,0,,1,3,2034003=7=10,10000,1,70,-60,70,50,-60,1,,,
1070086,月桂树之冠,1,3048,0,,1,3,2034003=7=10,10000,1,-70,60,80,-50,-60,1,,,
1070087,小青蛇帽子,1,3049,0,,1,3,2034003=7=10,10000,1,-60,-80,-60,-50,-60,1,,9,
1070088,兔子耳罩,1,3050,0,,1,3,2034003=7=10,10000,1,-60,-70,60,70,-60,1,,,
1070089,小白兔软帽,1,3051,0,,1,3,2034003=7=10,10000,1,70,-70,50,80,-70,1,,,
1070090,少女礼帽,1,3052,0,,1,3,2034003=7=10,10000,1,-70,-70,50,50,-60,1,,,
1070091,兔女郎发圈,1,3053,0,,1,3,2034003=7=10,10000,1,60,70,60,50,50,1,,,
1070092,小天使头饰,1,3054,0,,1,3,2034003=7=10,10000,1,70,-80,70,60,-50,1,,,
1070093,小狗发圈,1,3055,0,,1,3,2034003=7=10,10000,1,-60,-70,70,60,-60,1,,,
1070094,圣诞麋鹿发饰,1,3056,0,,1,3,2034003=7=10,10000,1,60,-70,60,60,60,1,,9,
1070095,使道帽子,1,3057,0,,1,3,2034003=7=10,10000,1,70,70,70,60,-60,1,,9,
1070096,魔法兔耳帽子,1,3058,0,,1,3,2034003=7=10,10000,1,60,-70,60,70,-60,1,,,
1070097,小天使雕像,1,3059,0,,1,3,2034003=7=10,10000,1,-60,-70,70,50,60,1,,9,
1070098,兔子魔法帽,1,3060,0,,1,3,2034003=7=10,10000,1,70,-70,60,60,60,1,,,
1070099,鲨鱼帽,1,3061,0,,1,3,2034003=7=10,10000,1,-70,-80,-60,-60,-60,1,,,
1070100,趴趴疯兔,1,3062,0,,1,3,2034003=7=10,10000,1,-60,-80,60,70,-60,1,,9,
1070101,神奇小猫帽子,1,3063,0,,1,3,2034003=7=10,10000,1,-50,-80,-60,60,-50,1,,9,
1070102,青蛙王子头饰,1,3064,0,,1,3,2034003=7=10,10000,1,60,-70,70,-70,-60,1,,9,
1070103,波利圆帽,1,3065,0,,1,3,2034003=7=10,10000,1,70,-70,60,60,-60,1,,,
1070104,红花女冠,1,3066,0,,1,3,2034003=7=10,10000,1,-70,70,60,-60,-60,1,,9,
1070105,罗巾,1,3067,0,,1,3,2034003=7=10,10000,1,70,70,60,70,-70,1,,9,
1070106,皮帽子,1,3068,0,,1,3,2034003=7=10,10000,1,80,70,60,70,-60,1,,9,
1070124,诺诺鼠头套,1,3069,0,,1,3,2034003=7=10,10000,3,-90,-80,70,90,-80,1,,,
1070125,软软鼠头套,1,3070,0,,1,3,2034003=7=10,10000,3,-90,-80,70,90,-80,1,,,
1080035,爱心太阳眼镜,2,3071,0,,1,3,2034003=7=10,10000,1,-80,-60,70,-70,-70,0,,,
1080031,菠萝眼镜,2,3072,0,,1,3,2034003=7=10,10000,1,-70,-70,60,-60,-60,0,,,
1080027,大嘴鸟的翅膀耳饰,2,3073,0,,1,3,2034003=7=10,10000,1,70,60,60,60,-60,0,,,
1080028,单眼眼镜,2,3074,0,,1,3,2034003=7=10,10000,1,-70,60,60,-60,-70,0,,,
1080032,金色小恶魔耳饰,2,3075,0,,1,3,2034003=7=10,10000,1,-70,60,-60,-60,-70,0,,,
1080030,金丝边眼镜,2,3076,0,,1,3,2034003=7=10,10000,1,70,60,60,-60,-70,0,,,
1080036,猫耳泳镜,2,3077,0,,1,3,2034003=7=10,10000,1,70,-70,60,-60,-70,0,,9,
1080029,西格伦的翅膀,2,3078,0,,1,3,2034003=7=10,10000,1,70,70,70,-60,-30,0,,,
1080033,小恶魔耳坠,2,3079,0,,1,3,2034003=7=10,10000,1,70,70,-60,-70,60,0,,,
1080034,小恶魔眼罩,2,3080,0,,1,3,2034003=7=10,10000,1,70,70,-60,-70,60,0,,,
1090021,红色面罩,3,3081,0,,1,3,2034003=7=10,10000,2,80,70,60,40,-60,0,,,
1090022,四叶草,3,3082,0,,1,3,2034003=7=10,10000,2,-80,-70,60,40,-60,0,,,
1090023,刺客口罩,3,3083,0,,1,3,2034003=7=10,10000,2,-80,70,-60,40,60,0,,,
1090024,小胡子奶嘴,3,3084,0,,1,3,2034003=7=10,10000,2,80,-70,60,40,60,0,,9,
1100007,浣熊波利背包,4,4001,0,,1,3,2034003=7=10,10000,2,80,-90,80,80,-80,0,,,
1070170,2020纪念松饼拼盘,1,3086,0,,1,3,2034003=1=3,10000,1,75,-75,-75,75,-60,1,,9,
1070171,棒球帽子,1,3087,0,,1,3,2034003=7=10,10000,1,40,-75,16,-82,-65,1,,9,
1090034,好吃的炸鸡,3,3088,0,,1,3,2034003=7=10,10000,2,43,-63,-40,83,74,0,,9,
1070169,瞌睡兔,1,3089,0,,1,3,2034003=1=3,10000,1,70,-70,62,80,-70,1,,11,
1080038,兔子眼镜,2,3090,0,,1,3,2034003=4=6,10000,1,70,-70,60,80,-70,0,,11,
1090027,兔子烟斗,3,3091,0,,1,3,2034003=7=10,10000,2,70,-70,60,80,-70,0,,11,
1070123,魔物图鉴头饰5阶,1,4001,0,,1,4,2034003=1=3,10000,1,90,-90,-90,80,-70,1,,,
1070030,学生帽,1,4002,0,,1,4,2034003=12=18,10000,1,-64,-46,54,70,70,1,,,
1090011,深红玫瑰,3,4003,0,,1,4,2034003=12=18,10000,2,84,70,-40,-40,-40,0,,,
1070001,天使发圈,1,4004,0,,1,4,2034003=12=18,10000,2,90,-78,92,-72,-99,1,,,
1070006,山羊头盔,1,4005,0,,1,4,2034003=12=18,10000,2,-84,98,84,65,86,1,,,
1070008,恶魔发圈,1,4006,0,,1,4,2034003=12=18,10000,2,84,60,-100,-80,100,1,,,
1070021,海盗船长帽,1,4007,0,,1,4,2034003=12=18,10000,2,62,80,-90,84,84,1,,,
1070025,菲力卡的头箍,1,4008,0,,1,4,2034003=12=18,10000,2,91,60,90,-87,-60,1,,,
1070027,后冠,1,4009,0,,1,4,2034003=12=18,10000,2,89,98,90,-87,-60,1,,,
1070028,王冠,1,4010,0,,1,4,2034003=12=18,10000,2,88,88,90,-87,-60,1,,,
1070029,黄金冠冕,1,4011,0,,1,4,2034003=12=18,10000,2,-88,92,90,-87,-60,1,,,
1070033,黄金帽,1,4012,0,,1,4,2034003=12=18,10000,2,86,90,70,84,-45,1,,,
1070049,领导者头箍,1,4013,0,,1,4,2034003=12=18,10000,2,70,94,90,-84,-60,1,,,
1070072,首领冠冕,1,4014,0,,1,4,2034003=12=18,10000,2,96,96,80,60,-60,1,,,
1070148,毛无边帽,1,4015,0,,1,4,2034003=12=18,10000,2,-96,70,40,100,40,1,,9,
1070150,趴趴狄波萝太,1,4016,0,,1,4,2034003=12=18,10000,2,70,-100,75,78,-50,1,,,
1080004,天使翅膀耳饰,2,4017,0,,1,4,2034003=12=18,10000,2,67,-76,85,-42,-80,0,,,
1080017,恶魔翅膀耳饰,2,4018,0,,1,4,2034003=12=18,10000,2,67,63,-85,-42,90,0,,,
1090002,烟斗,3,4019,0,,1,4,2034003=12=18,10000,2,-62,94,-72,50,68,0,,,
1090008,愤怒的嘴,3,4020,0,,1,4,2034003=12=18,10000,2,64,-82,-77,-40,-20,0,,,
1100002,小天使之翼,4,4021,0,,1,4,2034003=12=18,10000,2,80,-88,90,-50,-80,0,,,
1100004,小恶魔之翼,4,4022,0,,1,4,2034003=12=18,10000,2,80,76,-90,-50,100,0,,,
1070107,兽人英雄的头具,1,4023,0,,1,4,2034003=12=18,10000,1,90,80,80,-70,-80,1,,,
1070108,月夜猫帽子,1,4024,0,,1,4,2034003=12=18,10000,1,-60,80,-80,90,-80,1,,,
1070109,古代的金饰,1,4025,0,,1,4,2034003=12=18,10000,1,80,80,70,-80,-90,1,,,
1070110,猫耳贝雷帽,1,4026,0,,1,4,2034003=12=18,10000,1,-80,-80,70,85,-90,1,,,
1070111,瓦尔基里头盔,1,4027,0,,1,4,2034003=12=18,10000,1,90,80,80,-80,-90,1,,,
1070112,飞空艇船长之帽,1,4028,0,,1,4,2034003=12=18,10000,1,-80,-80,85,80,-80,1,,9,
1070113,绵绵卡普拉,1,4029,0,,1,4,2034003=12=18,10000,1,-90,-90,75,75,-70,1,,,
1070114,新娘的花冠,1,4030,0,,1,4,2034003=12=18,10000,1,-90,90,70,-75,-80,1,,9,
1070115,波利王头饰,1,4031,0,,1,4,2034003=12=18,10000,1,90,90,80,70,-80,1,,9,
1070116,进阶勇士之帽,1,4032,0,,1,4,2034003=12=18,10000,1,95,90,80,80,-80,1,,,
1070117,金色小天使雕像,1,4033,0,,1,4,2034003=12=18,10000,1,80,-80,90,-70,-90,1,,9,
1070118,狮头面具,1,4034,0,,1,4,2034003=12=18,10000,1,95,-90,90,90,-90,1,,,
1080037,天使波利眼罩,2,4035,0,,1,4,2034003=12=18,10000,1,80,-90,80,70,-80,0,,,
1090025,海盗匕首,3,4036,0,,1,4,2034003=12=18,10000,2,90,80,-80,-80,-80,0,,,
1090026,喵喵烟斗,3,4037,0,,1,4,2034003=12=18,10000,2,-80,-90,80,80,-80,0,,9,
1100005,蘑菇背包,4,4038,0,,1,4,2034003=12=18,10000,2,80,-90,80,80,-80,0,,,
1100006,小恶魔背包,4,4039,0,,1,4,2034003=12=18,10000,2,80,-90,-80,80,80,0,,,
1070172,天使棒球帽,1,4040,0,,1,4,2034003=12=18,10000,1,70,-90,74,-76,-65,1,,9,
1070264,赏金猎人帽,1,3183,0,,1,3,2034003=7=10,10000,1,-32,70,-60,44,80,1,,9,
1070265,国王纪念帽,1,3184,0,,1,3,2034003=7=10,10000,1,-80,50,90,32,-68,1,,9,
1070266,蓝波利头饰,1,3185,0,,1,3,2034003=7=10,10000,1,61,-77,32,-53,-56,1,,9,
1100008,绅士兔背饰,4,4044,0,,1,4,2034003=12=18,10000,2,70,-72,65,80,-70,0,,9,
1100009,温柔兔背饰,4,4045,0,,1,4,2034003=12=18,10000,2,70,-72,65,80,70,0,,9,
1070173,经典侦探帽,1,3092,0,,1,3,2034003=7=10,10000,1,-68,72,78,80,51,1,,9,
1070174,猫耳侦探帽,1,3093,0,,1,3,2034003=7=10,10000,1,-65,-80,71,65,74,1,,9,
1080039,侦探眼镜,2,3094,0,,1,3,2034003=7=10,10000,1,69,58,72,-60,-70,0,,9,
1090038,侦探笔,3,3095,0,,1,3,2034003=7=10,10000,2,-70,60,60,-60,72,0,,9,
1090039,含在嘴里的巧克力棒,3,2080,0,,1,2,2034003=4=6,10000,2,-58,-68,-25,43,-50,0,,9,
1100010,时间之翼,4,4043,0,,1,4,2034003=12=18,10000,2,90,-72,85,65,-90,0,,9,
1090041,鸭嘴兽,3,3093,0,,1,3,2034003=7=10,10000,2,-54,-79,42,62,-60,0,,9,
1070181,万圣派对南瓜头,1,3096,0,,1,3,2034003=7=10,10000,1,62,-35,-80,67,-69,1,,9,
1070183,猫耳电子耳机,1,3105,0,,1,3,2034003=7=10,10000,1,81,-84,56,62,54,1,,,
1079175,恶魔角（15天）,1,9999,0,,1,0,2034003=1=3,10000,1,-53,58,-74,-58,67,0,1,9,
1079180,死神cos斗篷帽（15天）,1,9999,0,,1,0,2034003=1=3,10000,1,-61,71,-80,62,78,0,1,9,
1089043,暗夜蝙蝠眼罩（15天）,2,9999,0,,1,0,2034003=1=3,10000,1,62,71,-80,62,78,0,1,9,
1070175,恶魔角,1,2081,0,,1,2,2034003=4=6,10000,1,-53,58,-74,-58,67,1,,9,
1070176,砍刀头饰,1,3096,0,,1,3,2034003=7=10,10000,1,-58,68,-76,-61,57,1,,9,
1070177,幽灵头纱,1,3097,0,,1,3,2034003=7=10,10000,1,72,-60,-79,52,-62,1,,9,
1070178,医用帽,1,2082,0,,1,2,2034003=4=6,10000,1,-62,62,70,-40,-40,1,,11,
1070179,神奇魔法帽,1,4044,0,,1,4,2034003=12=18,10000,1,67,68,-90,82,80,1,,9,
1070180,死神cos斗篷帽,1,3098,0,,1,3,2034003=7=10,10000,1,-61,71,-80,62,78,1,,9,
1070182,飞行员头盔,1,3100,0,,1,3,2034003=7=10,10000,1,62,-71,79,77,-60,1,,9,
1080040,邪恶纹面,2,2083,0,,1,2,2034003=4=6,10000,1,-62,68,-74,-30,59,0,,9,
1080041,伤疤纹面,2,2084,0,,1,2,2034003=4=6,10000,1,-53,68,-79,-30,59,0,,9,
1080042,南瓜眼罩,2,2085,0,,1,2,2034003=4=6,10000,1,-67,-61,-62,-30,53,0,,9,
1080043,暗夜蝙蝠眼罩,2,3101,0,,1,3,2034003=7=10,10000,1,62,71,-80,62,78,0,,9,
1080044,黑眼圈纹面,2,2086,0,,1,2,2034003=4=6,10000,1,-62,68,-74,-30,59,0,,9,
1080045,飞行员墨镜,2,3102,0,,1,3,2034003=7=10,10000,1,-62,68,70,-69,67,0,,9,
1080046,迷彩贴纸,2,2087,0,,1,2,2034003=4=6,10000,1,-67,-61,67,-56,53,0,,9,
1090040,piggy口罩,3,2088,0,,1,2,2034003=4=6,10000,2,-62,-70,30,40,-40,0,,9,
1100011,万圣节气球束,4,4045,0,,1,4,2034003=12=18,10000,2,86,-85,-83,-62,-68,0,,9,
1100012,飞行员背包,4,3031,0,,1,3,2034003=7=10,10000,2,-64,82,83,74,66,0,,9,
1090042,单身贵族卡-黑桃,3,3106,0,,1,3,2034003=7=10,10000,2,60,75,-82,-40,65,0,,9,
1090043,单身贵族卡-红心,3,3107,0,,1,3,2034003=7=10,10000,2,60,-75,82,-40,-65,0,,9,
1070188,机甲玩具头盔,1,4046,0,,1,4,2034003=12=18,10000,1,89,-87,75,82,-80,1,,9,
1070193,机械兔子头盔,1,4047,0,,1,4,2034003=12=18,10000,1,85,-92,72,85,-80,1,,11,
1070184,单眼帽,1,3110,0,,1,3,2034003=1=3,10000,1,73,68,-72,52,70,1,,9,
1070185,蛇饰头具,1,4050,0,,1,4,2034003=1=3,10000,1,73,76,-70,60,-68,1,,9,
1070186,法老王头具,1,4068,0,,1,4,2034003=12=18,10000,1,80,89,-68,81,76,1,,9,
1070187,小礼帽,1,9999,0,,1,2,2034003=1=3,10000,1,-42,-60,20,60,-40,1,1,11,未配置属性|未优化|未配置时尚评分和通用发型
1070189,海军帽子,1,9999,0,,1,3,2034003=1=3,10000,1,-42,-60,20,60,-40,1,1,11,未配置属性|未优化|未配置时尚评分和通用发型
1070190,绵绵兔软帽,1,3206,0,,1,3,2034003=1=3,10000,1,40,-58,20,60,-38,1,,9,
1070191,荷叶帽,1,9999,0,,1,2,2034003=1=3,10000,1,-42,-60,20,60,-40,1,1,11,未配置属性|未优化|未配置时尚评分和通用发型
1070192,白雪兔耳,1,9999,0,,1,3,2034003=1=3,10000,1,-42,-60,20,60,-40,1,1,11,未配置属性|未优化|未配置时尚评分和通用发型
1070194,向日葵发夹,1,2092,0,,1,2,2034003=4=6,10000,1,-56,-65,40,-61,-63,1,,9,
1070195,心心相印,1,4069,0,,1,4,2034003=12=18,10000,1,-67,-89,66,73,-68,1,,9,
1080048,教国面具I,2,9999,0,,1,2,2034003=4=6,10000,1,-64,-88,30,-20,-20,0,1,11,未配置属性|未优化|未配置时尚评分和通用发型
1080049,教国面具II,2,9999,0,,1,2,2034003=4=6,10000,1,-64,-88,30,-20,-20,0,1,11,未配置属性|未优化|未配置时尚评分和通用发型
1080050,猫胡须,2,3173,0,,1,3,2034003=7=10,10000,1,-80,-41,20,-52,-20,0,,9,
1080051,猫咪蝴蝶结,2,3131,0,,1,3,2034003=4=6,10000,1,-64,-88,30,-20,-20,0,,9,
1080052,主编眼镜,2,9999,0,,1,3,2034003=4=6,10000,1,-64,-88,30,-20,-20,0,1,11,未配置属性|未优化|未配置时尚评分和通用发型
1080053,猫头鹰望远镜,2,3144,0,,1,3,2034003=7=10,10000,1,72,79,-68,67,77,0,,9,
1080054,小丑面具,2,3111,0,,1,3,2034003=4=6,10000,1,-62,-57,-60,-53,-62,0,,9,
1090044,被咬过的铅笔,3,2094,0,,1,2,2034003=4=6,10000,2,-58,-43,-52,-53,45,0,,9,
1090045,西瓜勺子,3,2095,0,,1,2,2034003=7=10,10000,2,-58,-43,-52,-53,45,0,,9,
1090046,爪印勺子,3,2096,0,,1,2,2034003=7=10,10000,2,-58,-43,-52,-53,45,0,,9,
1090047,小雏菊,3,2093,0,,1,2,2034003=4=6,10000,2,-68,-59,52,-58,-60,0,,9,
1090048,小鸭子嘴,3,3219,0,,1,3,2034003=7=10,10000,2,-50,-40,33,-40,-42,0,,9,
1070196,惊奇派对帽子,1,3108,0,,1,3,2034003=7=10,10000,1,69,-72,-67,67,-40,1,,9,
1080055,派对纹面,2,2089,0,,1,2,2034003=4=6,10000,1,-62,-57,-60,-53,-62,0,,9,
1090049,小丑嘴,3,2090,0,,1,2,2034003=4=6,10000,2,-57,-52,-81,-52,32,0,,9,
1070197,太珍儿同款帽子,1,3109,0,,1,3,2034003=7=10,10000,1,72,-65,65,60,-79,1,,9,
1080056,闪亮墨镜,2,2091,0,,1,2,2034003=4=6,10000,1,-61,59,60,-66,-52,0,,9,
1070198,克拉丽丝娃娃帽子,1,3152,0,,1,3,2034003=7=10,10000,1,-42,-60,20,60,-40,1,,9,
1070199,绣灵娃娃帽子,1,9999,0,,1,3,2034003=7=10,10000,1,-42,-60,20,60,-40,1,1,9,
1070200,趴趴泰依林,1,3153,0,,1,3,2034003=7=10,10000,1,-42,-60,20,60,-40,1,,9,
1070201,趴趴妣妮,1,9999,0,,1,3,2034003=7=10,10000,1,-42,-60,20,60,-40,1,1,9,
1070202,趴趴德帛硫,1,9999,0,,1,3,2034003=7=10,10000,1,-42,-60,20,60,-40,1,1,9,
1070203,三层波利帽子,1,3130,0,,1,3,2034003=7=10,10000,1,62,-87,73,-50,-71,1,,9,
1070204,傀儡娃娃,1,9999,0,,1,4,2034003=12=18,10000,1,-42,-60,20,60,-40,1,1,9,
1090050,船长烟斗,3,4048,0,,1,4,2034003=12=18,10000,2,72,-94,-75,90,85,0,,9,
1100013,惊奇派对气球束,4,4049,0,,1,4,2034003=12=18,10000,2,84,-85,-87,-65,-72,0,,9,
1100014,魔法继承者,4,4072,0,,1,4,2034003=12=18,10000,2,84,-85,-87,-65,-72,0,,9,
1100015,樱花翅膀,4,9999,0,,1,4,2034003=12=18,10000,2,84,-85,-87,-65,-72,0,1,9,
1070205,圣诞波利帽子,1,3120,0,,1,3,2034003=7=10,10000,1,64,-67,60,-57,-40,1,,9,
1070206,趴趴小雪人,1,3121,0,,1,3,2034003=7=10,10000,1,67,-72,60,-63,-40,1,,9,
1070207,驯鹿发圈,1,3122,0,,1,3,2034003=7=10,10000,1,71,-72,60,-52,40,1,,9,
1070208,圣诞驯鹿绒帽,1,3123,0,,1,3,2034003=7=10,10000,1,64,-67,60,70,40,1,,9,
1070209,梦游帽子,1,3124,0,,1,3,2034003=7=10,10000,1,-56,-60,-54,70,-58,1,,9,
1070210,毛帽子,1,2097,0,,1,2,2034003=4=6,10000,1,-54,67,40,85,-20,1,,9,
1070211,艺术家呢绒帽,1,3143,0,,1,3,2034003=7=10,10000,1,63,90,-50,62,80,1,,9,
1070212,鹗枭魔法帽,1,3112,0,,1,3,2034003=7=10,10000,1,-58,69,-72,30,57,1,,9,
1070213,骸骨头盔,1,4051,0,,1,4,2034003=12=18,10000,1,72,73,-93,50,-61,1,,9,
1070214,骨制头盔,1,3113,0,,1,3,2034003=7=10,10000,1,53,56,-67,60,-61,1,,9,
1070215,插在头上的剑,1,3114,0,,1,3,2034003=7=10,10000,1,68,-52,-72,-59,-48,1,,9,
1070216,发光恶魔角发圈,1,3115,0,,1,3,2034003=7=10,10000,1,-56,-76,-74,-52,68,1,,9,
1070217,史汀帽子,1,3116,0,,1,3,2034003=7=10,10000,1,-52,-49,-67,54,71,1,,9,
1080057,圣诞眼镜,2,3125,0,,1,3,2034003=7=10,10000,1,64,-67,60,-57,-40,0,,9,
1080058,雪人眼镜,2,2098,0,,1,2,2034003=4=6,10000,1,-60,-67,50,-57,-76,0,,9,
1080059,雪人贴纸,2,2099,0,,1,2,2034003=4=6,10000,1,-60,-52,50,-57,-76,0,,9,
1080060,雪花贴纸,2,2100,0,,1,2,2034003=4=6,10000,1,-60,-52,50,-57,-76,0,,9,
1080061,防寒护目镜,2,3163,0,,1,3,2034003=7=10,10000,1,-64,-88,30,-20,-20,0,,9,
1080062,彩虹护目镜,2,4054,0,,1,4,2034003=12=18,10000,1,72,-60,60,-70,-68,0,,9,
1080063,梦游眼罩,2,3126,0,,1,3,2034003=7=10,10000,1,-61,-71,-40,68,-52,0,,9,
1080064,男爵眼镜,2,4052,0,,1,4,2034003=12=18,10000,1,71,70,-49,40,60,0,,9,
1080065,深渊面罩,2,3117,0,,1,3,2034003=7=10,10000,1,73,68,-59,40,70,0,,9,
1080066,傲慢之像,2,3118,0,,1,3,2034003=7=10,10000,1,73,68,-59,40,70,0,,9,
1080067,学者眼镜,2,2101,0,,1,2,2034003=4=6,10000,1,-54,68,60,-60,-70,0,,9,
1080068,无表情的假面,2,2102,0,,1,2,2034003=4=6,10000,1,-64,-60,-58,52,-57,0,,,
1080069,吓坏眼的假面,2,2103,0,,1,2,2034003=4=6,10000,1,-64,-60,-58,52,-57,0,,,
1080070,讨厌的假面,2,2104,0,,1,2,2034003=4=6,10000,1,-64,-60,-58,52,-57,0,,,
1080071,狡猾的面具,2,2105,0,,1,2,2034003=4=6,10000,1,-64,-60,-58,52,-57,0,,,
1080072,坏笑的假面,2,2106,0,,1,2,2034003=4=6,10000,1,-64,-60,-58,52,-57,0,,,
1080073,假笑的假面,2,2107,0,,1,2,2034003=4=6,10000,1,-64,-60,-58,52,-57,0,,,
1080074,奇怪的假面,2,2108,0,,1,2,2034003=4=6,10000,1,-64,-60,-58,52,-57,0,,,
1080075,傻笑的假面,2,2109,0,,1,2,2034003=4=6,10000,1,-64,-60,-58,52,-57,0,,,
1080076,哥布灵首领假面,2,4060,0,,1,4,2034003=12=18,10000,1,-72,72,-80,52,-60,0,,9,
1090051,姜饼人饼干,3,3127,0,,1,3,2034003=7=10,10000,2,64,-67,60,-57,-40,0,,9,
1090052,圣诞老人络腮胡,3,3128,0,,1,3,2034003=7=10,10000,2,64,-67,60,-57,-40,0,,9,
1090053,冬日保暖口罩,3,2111,0,,1,2,2034003=4=6,10000,2,-42,-60,20,60,-40,0,,9,
1090054,吹吹卷,3,3132,0,,1,3,2034003=7=10,10000,2,70,72,78,58,-30,0,,9,
1090055,吐舌头,3,2112,0,,1,2,2034003=4=6,10000,2,-64,-88,-48,-52,-20,0,,9,
1090056,战俘口罩,3,2113,0,,1,2,2034003=4=6,10000,2,-50,-86,50,-40,-40,0,,9,
1100016,圣诞礼物袋,4,4058,0,,1,4,2034003=12=18,10000,2,70,-58,78,63,-50,0,,9,
1100017,雪娃娃气球,4,3129,0,,1,3,2034003=7=10,10000,2,70,-73,78,-68,-68,0,,9,
1100018,萌猫太空舱,4,4064,0,,1,4,2034003=12=18,10000,2,80,-90,72,78,-80,0,,9,
1100019,骑士盾牌,4,4057,0,,1,4,2034003=12=18,10000,2,81,73,-80,40,-68,0,,9,
1100021,巨大的烟花炮,4,4063,0,,1,4,2034003=12=18,10000,2,-82,-76,60,62,-71,0,1,11,
1070218,牧师机甲帽子,1,4055,0,,1,4,2034003=12=18,10000,1,81,62,80,60,-68,1,,9,
1070219,法师机甲帽子,1,4056,0,,1,4,2034003=12=18,10000,1,81,62,80,60,-68,1,,9,
1070220,恶魔波利帽子,1,3164,0,,1,3,2034003=7=10,10000,1,-42,-60,20,60,-40,1,,9,
1070221,爆米花桶,1,9999,0,,1,3,2034003=7=10,10000,1,-42,-60,20,60,-40,1,1,11,
1070222,拉面帽子,1,3165,0,,1,3,2034003=7=10,10000,1,-42,-60,20,60,-40,1,,9,
1070223,青蛙毛线帽,1,9999,0,,1,3,2034003=7=10,10000,1,-42,-60,20,60,-40,1,1,11,
1070224,圣火头冠,1,4059,0,,1,4,2034003=12=18,10000,1,82,73,86,90,-80,1,,9,
1070225,熊猫帽,1,3151,0,,1,3,2034003=7=10,10000,1,-60,-80,71,80,-50,1,,9,
1070226,玩具士兵帽子,1,3133,0,,1,3,2034003=7=10,10000,1,-42,-60,20,60,-40,1,,9,
1070227,风元素娃娃,1,9999,0,,1,3,2034003=7=10,10000,1,-42,-60,20,60,-40,1,1,9,
1070228,地元素娃娃,1,9999,0,,1,3,2034003=7=10,10000,1,-42,-60,20,60,-40,1,1,9,
1070229,水元素娃娃,1,9999,0,,1,3,2034003=7=10,10000,1,-42,-60,20,60,-40,1,1,9,
1070230,火元素娃娃,1,9999,0,,1,3,2034003=7=10,10000,1,-42,-60,20,60,-40,1,1,9,
1070255,酷黑羽毛贝雷帽,1,2120,0,,1,2,2034003=4=6,10000,1,-53,35,-77,53,100,1,,2,
1080077,金钱眼,2,3161,0,,1,3,2034003=7=10,10000,1,65,70,-62,-60,-71,0,,9,
1080078,蒙面眼罩,2,3158,0,,1,3,2034003=7=10,10000,1,-64,70,-89,60,-90,0,,11,
1070268,应援团的头带,1,3182,0,,1,3,2034003=7=10,10000,1,-65,25,60,-54,-35,1,1,2,
1090066,应援团的哨子,3,2122,0,,1,2,2034003=4=6,10000,2,-41,-22,30,-38,-20,0,1,2,
1080079,毛绒球耳饰,2,9999,0,,1,2,2034003=4=6,10000,1,-64,-88,30,-20,-20,0,1,11,
1090057,光盘,3,3161,0,,1,2,2034003=4=6,10000,2,-50,-86,50,-40,-40,0,,9,
1100020,小熊布偶背包,4,3119,0,,1,3,2034003=7=10,10000,2,72,-80,78,72,-76,0,,,
1070231,2020至臻绅士帽,1,3134,0,,1,3,2034003=7=10,10000,1,-75,73,69,76,89,1,,9,
1080080,2020至臻眼镜,2,3135,0,,1,3,2034003=7=10,10000,1,-85,71,62,-71,63,0,,9,
1070232,烟花发箍,1,3136,0,,1,3,2034003=7=10,10000,1,85,-81,70,61,-69,1,,9,
1070233,牛气冲天发饰,1,3137,0,,1,3,2034003=7=10,10000,1,-63,71,-62,-53,61,1,,9,
1070234,奶牛玩偶头套,1,3138,0,,1,3,2034003=7=10,10000,1,52,-81,51,83,-62,1,,9,
1080081,福袋耳坠,2,2114,0,,1,2,2034003=4=6,10000,1,51,-71,68,-53,-62,0,,9,
1090058,叼在嘴里的福袋,3,3139,0,,1,3,2034003=7=10,10000,2,51,-65,68,-53,-72,0,,9,
1090059,花牌,3,2116,0,,1,2,2034003=4=6,10000,2,-63,-64,-60,-67,-62,0,,9,
1090060,烟花棒,3,3140,0,,1,3,2034003=7=10,10000,2,-75,-73,60,70,-93,0,,9,
1090061,心形烟花棒,3,4061,0,,1,4,2034003=12=18,10000,2,-69,-82,50,70,-93,0,1,9,
1090062,星星烟花棒,3,4062,0,,1,4,2034003=12=18,10000,2,-69,-81,50,70,-96,0,,9,
1100022,青纱灯笼,4,3142,0,,1,3,2034003=7=10,10000,2,69,76,70,68,-71,0,,9,
1070235,瓜皮帽子,1,3162,0,,1,3,2034003=7=10,10000,1,-65,-70,-65,-70,62,1,,9,
1070236,青蛙雨伞,1,3171,0,,1,3,2034003=7=10,10000,1,-30,-50,88,-77,-65,1,,2,
1070237,RO渔夫帽,1,3143,0,,1,3,2034003=7=10,10000,1,85,-81,70,61,-69,1,0,9,
1070238,猫耳渔夫帽,1,3169,0,,1,3,2034003=7=10,10000,1,-50,-81,60,50,-66,1,,9,
1070239,记者的帽子,1,3154,0,,1,3,2034003=7=10,10000,1,85,-81,70,61,-69,1,,2,
1078001,诗嘉古尔的庇佑头饰,1,5001,0,,1,5,2034003=12=18,10000,1,-42,-60,20,60,-40,1,,9,
1088001,诗嘉古尔的庇佑脸饰,2,5002,0,,1,5,2034003=12=18,10000,1,-64,-88,30,-20,-20,0,,9,
1098001,诗嘉古尔的庇佑嘴饰,3,5003,0,,1,5,2034003=12=18,10000,2,-50,-86,50,-40,-40,0,,9,
1108001,诗嘉古尔的庇佑背饰,4,5004,0,,1,5,2034003=12=18,10000,2,-60,-90,40,30,-50,0,,9,
1078003,诗嘉古尔的庇佑头饰,1,5005,0,,1,5,2034003=12=18,10000,1,-42,-60,20,60,-40,1,,9,
1088003,诗嘉古尔的庇佑脸饰,2,5006,0,,1,5,2034003=12=18,10000,1,-64,-88,30,-20,-20,0,,9,
1098003,诗嘉古尔的庇佑嘴饰,3,5007,0,,1,5,2034003=12=18,10000,2,-50,-86,50,-40,-40,0,,9,
1108003,诗嘉古尔的庇佑背饰,4,5008,0,,1,5,2034003=12=18,10000,2,-60,-90,40,30,-50,0,,9,
1078002,亚尔薇特的祝福头饰,1,5009,0,,1,5,2034003=12=18,10000,1,-42,-60,20,60,-40,1,,9,
1088002,亚尔薇特的祝福脸饰,2,5010,0,,1,5,2034003=12=18,10000,1,-64,-88,30,-20,-20,0,,9,
1098002,亚尔薇特的祝福嘴饰,3,5011,0,,1,5,2034003=12=18,10000,2,-50,-86,50,-40,-40,0,,9,
1108002,亚尔薇特的祝福背饰,4,5012,0,,1,5,2034003=12=18,10000,2,-60,-90,40,30,-50,0,,9,
1078004,亚尔薇特的祝福头饰,1,5013,0,,1,5,2034003=12=18,10000,1,-42,-60,20,60,-40,1,,9,
1088004,亚尔薇特的祝福脸饰,2,5014,0,,1,5,2034003=12=18,10000,1,-64,-88,30,-20,-20,0,,9,
1098004,亚尔薇特的祝福嘴饰,3,5015,0,,1,5,2034003=12=18,10000,2,-50,-86,50,-40,-40,0,,9,
1108004,亚尔薇特的祝福背饰,4,5016,0,,1,5,2034003=12=18,10000,2,-60,-90,40,30,-50,0,,9,
1070240,沙漏头饰,1,3146,0,,1,3,2034003=7=10,10000,1,70,68,69,-69,-65,1,,9,
1070241,圣职者之冠,1,3147,0,,1,3,2034003=7=10,10000,1,-68,70,82,60,-62,1,,9,
1070242,玩具国王皇冠,1,3148,0,,1,3,2034003=7=10,10000,1,75,-79,80,61,-65,1,,9,
1070243,怀表发饰,1,4065,0,,1,4,2034003=12=18,10000,1,72,73,68,-65,-67,1,,9,
1070244,冰暴头饰,1,4066,0,,1,4,2034003=12=18,10000,1,67,71,-71,-90,-60,1,,9,
1070245,曼陀罗帽子,1,3149,0,,1,3,2034003=7=10,10000,1,-62,-87,-64,-62,-67,1,,9,
1070246,魔女的帽子,1,3150,0,,1,3,2034003=7=10,10000,1,78,-65,-71,64,-72,1,,9,
1070247,时空之环,1,3145,0,,1,3,2034003=7=10,10000,1,72,70,80,-60,-60,1,,9,
1080082,冰暴面具,2,4067,0,,1,4,2034003=12=18,10000,1,-60,70,-80,-90,-60,0,,9,
1070248,鸟窝头饰,1,3155,0,,1,3,2034003=7=10,10000,1,65,-84,64,70,-40,1,,9,
1070249,七彩大嘴鸟的翅膀,1,4098,0,,1,4,2034003=12=18,10000,1,60,-55,80,21,-53,1,1,9,
1080083,复古眼镜,2,2121,0,,1,2,2034003=4=6,10000,1,-64,-88,30,-20,-20,0,,9,
1070250,落夜蝴蝶,1,3156,0,,1,3,2034003=7=10,10000,1,80,-79,-75,-60,92,1,,11,
1070251,蝴蝶绅士礼帽,1,3157,0,,1,3,2034003=7=10,10000,1,80,81,-75,62,92,1,,11,
1080084,蝴蝶之吻,2,4070,0,,1,4,2034003=12=18,10000,1,80,-79,-75,-60,92,0,,9,
1100023,暗夜精灵之翼,4,4071,0,,1,4,2034003=12=18,10000,2,80,-79,-75,-60,92,0,,9,
1070252,草莓果冻帽,1,3159,0,,1,3,2034003=7=10,10000,1,-58,-80,60,-61,-70,1,,9,
1080085,草莓贴纸,2,2117,0,,1,2,2034003=4=6,10000,1,-70,-75,50,-50,-50,0,,9,
1090063,草莓吸管,3,3160,0,,1,3,2034003=7=10,10000,2,65,-70,60,-62,-70,0,,9,
1070253,童真礼结帽,1,3167,0,,1,3,2034003=7=10,10000,1,-88,-22,30,10,-30,1,,11,
1070254,童真兔子帽,1,4073,0,,1,4,2034003=12=18,10000,1,-30,-80,50,28,-40,1,,9,
1080086,童真眼镜,2,3168,0,,1,3,2034003=7=10,10000,1,-15,-65,-30,-35,-20,0,,11,
1090064,童真冰淇淋,3,4074,0,,1,4,2034003=12=18,10000,2,-30,-40,15,-88,-55,0,,11,
1100024,童真雨伞,4,4075,0,,1,4,2034003=12=18,10000,2,30,-50,50,60,-25,0,,9,
1070267,街头艺人帽子,1,3181,0,,1,3,2034003=7=10,10000,1,-40,60,45,-20,80,1,,9,
1070256,西瓜帽,1,3172,0,,1,3,2034003=7=10,10000,1,-34,-80,50,55,-78,1,,9,
1090065,小冰棍,3,2118,0,,1,2,2034003=4=6,10000,2,-88,-36,15,-99,-50,0,,9,
1100025,西瓜汁水枪,4,4076,0,,1,4,2034003=12=18,10000,2,30,-66,50,-81,-50,0,,9,
1080087,伤口贴,2,2119,0,,1,2,2034003=4=6,10000,1,-64,-88,30,-20,-20,0,1,9,
1070257,螃蟹帽子,1,3174,0,,1,3,2034003=7=10,10000,1,35,-80,-50,55,-60,1,,9,
1070258,贝壳帽,1,3175,0,,1,3,2034003=7=10,10000,1,-36,50,-78,-42,60,1,,9,
1070259,海星头饰,1,3176,0,,1,3,2034003=7=10,10000,1,-52,-65,50,-65,-77,1,,9,
1070260,鳄鱼头套,1,3177,0,,1,3,2034003=7=10,10000,1,50,-80,-32,60,-78,1,,9,
1070261,女王坠饰,1,3178,0,,1,3,2034003=7=10,10000,1,-63,80,80,-50,-61,1,,9,
1070262,熔岩头饰,1,3179,0,,1,3,2034003=7=10,10000,1,58,-80,-41,50,33,1,,9,
1070263,水晶原石头盔,1,4077,0,,1,4,2034003=12=18,10000,1,72,-32,-58,25,-80,1,,9,
1100026,半龙之翼,4,4078,0,,1,4,2034003=12=18,10000,2,30,-66,-80,-81,-50,0,,9,
1080088,流氓贴纸,2,3180,0,,1,3,2034003=7=10,10000,1,-64,-20,-62,-40,60,0,,9,
1070269,猫耳遮阳帽,1,3186,0,,1,3,2034003=7=10,10000,1,-42,-60,50,-25,22,1,,9,
1080089,透光潜水镜,2,3187,0,,1,3,2034003=7=10,10000,1,-50,-35,45,-45,-60,0,,9,
1090067,贝壳嘴饰,3,3188,0,,1,3,2034003=7=10,10000,2,-88,-34,33,-60,-20,0,,9,
1100027,波利冲浪板,4,4079,0,,1,4,2034003=12=18,10000,2,-31,-81,60,-22,-60,0,,9,
1100028,鲨鱼冲浪板,4,4080,0,,1,4,2034003=12=18,10000,2,-31,-81,-60,-22,-60,0,,9,
1070271,菠萝耳机,1,3190,0,,1,3,2034003=7=10,10000,1,-62,-35,34,-33,30,1,,9,
1080090,菠萝贴纸,2,3191,0,,1,3,2034003=7=10,10000,1,-50,-61,-25,-29,-20,0,,9,
1080097,夏日太阳镜,2,3213,0,,1,3,2034003=7=10,10000,1,45,62,27,22,-33,0,1,9,
1090068,菠萝果肉,3,3192,0,,1,3,2034003=7=10,10000,2,-77,-24,25,-35,-30,0,1,9,
1090073,菠萝麦克风,2,3214,0,,1,3,2034003=7=10,10000,1,-50,-72,27,-29,-40,0,1,9,
1100033,菠萝电吉他,4,4084,0,,1,4,2034003=12=18,10000,2,50,-81,40,40,-60,0,,9,
1100034,菠萝饮料瓶,4,4085,0,,1,4,2034003=12=18,10000,2,50,-81,40,-40,-60,0,,9,
1070272,1周年甜点皇冠,1,3193,0,,1,3,2034003=7=10,10000,1,55,38,80,35,-40,1,,9,
1080091,1周年蛋糕眼镜,2,3194,0,,1,3,2034003=7=10,10000,1,-64,-56,30,-20,-20,0,,9,
1090069,1周年纸杯蛋糕,3,3195,0,,1,3,2034003=7=10,10000,2,-50,-66,50,-40,-40,0,,9,
1100035,1周年甜甜圈气球,4,4086,0,,1,4,2034003=12=18,10000,2,60,-80,57,30,-76,0,,9,
1100029,西瓜潜水瓶,4,4087,0,,1,4,2034003=12=18,10000,2,-50,-80,40,-45,-50,0,,9,
1100030,独角兽风筝,4,4088,0,,1,4,2034003=12=18,10000,2,66,65,80,30,-88,0,1,9,
1100031,梦幻星冰乐,4,4089,0,,1,4,2034003=12=18,10000,2,55,-30,40,-50,-80,0,1,9,
1100032,牛奶盒,4,4090,0,,1,4,2034003=12=18,10000,2,-80,-35,63,36,-50,0,1,9,
1100036,晴天娃娃,4,4091,0,,1,4,2034003=12=18,10000,2,-55,-60,82,30,-50,0,1,9,
1100037,城堡蛋糕气球束,4,4092,0,,1,4,2034003=12=18,10000,2,60,-80,57,30,-76,0,1,9,
1070273,风车头饰,1,3196,0,,1,3,2034003=7=10,10000,1,-60,38,50,-33,-40,1,1,9,
1070274,彩虹云朵,1,4093,0,,1,4,2034003=12=18,10000,1,-58,-80,77,-20,-55,1,1,9,
1070275,乌云,1,3197,0,,1,3,2034003=7=10,10000,1,-52,-30,-68,-29,50,1,,9,
1070276,樱花头饰,1,3198,0,,1,3,2034003=7=10,10000,1,-48,-50,62,-38,-45,1,1,9,
1070277,盛开花朵,1,3199,0,,1,3,2034003=7=10,10000,1,-61,-35,38,-50,-45,1,1,9,
1070278,糖果罐子,1,3200,0,,1,3,2034003=7=10,10000,1,47,-60,42,35,-55,1,1,9,
1070279,汽水头饰,1,3201,0,,1,3,2034003=7=10,10000,1,-52,-41,36,-63,-39,1,1,9,
1080092,3D眼镜,2,3202,0,,1,3,2034003=7=10,10000,1,-60,40,51,20,-44,0,1,9,
1080093,樱花眼镜,2,4094,0,,1,4,2034003=12=18,10000,1,81,59,40,-33,-54,0,1,9,
1080094,法老王贴纸,2,3203,0,,1,3,2034003=7=10,10000,1,-64,30,-55,-20,36,0,1,9,
1090070,蝴蝶花簇,3,3204,0,,1,3,2034003=7=10,10000,2,42,-62,50,-40,-46,0,1,9,
1090071,樱花嘴饰,3,3205,0,,1,3,2034003=7=10,10000,2,-38,-66,50,-32,-46,0,1,9,
1070280,圣天使护士帽,1,4095,0,,1,4,2034003=12=18,10000,1,52,79,91,35,-40,1,1,9,
1070281,鬣狗头套,1,4096,0,,1,4,2034003=12=18,10000,1,43,-52,-80,50,32,1,1,9,
1070282,趴趴暴焰熊头饰,1,3206,0,,1,3,2034003=7=10,10000,1,38,-52,-59,62,29,1,1,9,
1070283,卡浩之角,1,4097,0,,1,4,2034003=12=18,10000,1,-66,-62,-86,35,33,1,1,9,
1070284,七彩地龙头饰,1,3207,0,,1,3,2034003=7=10,10000,1,45,-63,59,45,-41,1,1,9,
1070285,火焰妖头饰,1,3208,0,,1,3,2034003=7=10,10000,1,39,-66,-58,71,-31,1,1,9,
1070286,金属波利头饰,1,3209,0,,1,3,2034003=7=10,10000,1,-50,38,-74,-30,46,1,1,9,
1070287,沙妖头饰,1,3210,0,,1,3,2034003=7=10,10000,1,-45,-60,-58,-57,39,1,1,9,
1100038,阿特罗斯图腾,4,4099,0,,1,4,2034003=12=18,10000,2,69,62,-88,30,60,0,1,9,
1100039,六翼哈比之翼,4,4100,0,,1,4,2034003=12=18,10000,2,66,-60,83,40,-62,0,1,9,
1080095,伊芙利特面具,2,4101,0,,1,4,2034003=12=18,10000,1,70,-65,-88,45,-49,0,1,9,
1070289,怪物生日帽1,1,2123,0,,1,1,2034003=1=3,10000,1,20,20,20,20,20,1,1,9,
1070290,怪物生日帽2,1,2124,0,,1,1,2034003=1=3,10000,1,20,20,20,20,20,1,1,9,
1100042,周年感恩花束,4,3218,0,,1,3,2034003=7=10,10000,2,40,60,77,30,50,0,,9,
