Id,GroupId,Notes,type,Name,Description,AttrId,AttrValue,AttrEnhanceValue,buffid,ValueWeight,AppearValue,GroupType,AttrRarity,
主键,宠物属性库ID,备注说明,类型。0为属性id，1为buffid,名称,描述,属性ID（类型为1时该字段不生效）,属性数值区间划分（类型为1时该字段不生效）,强化时属性提升值,Buffid，类型为1时该字段不生效,区间权重,出现权重,属性库类别,属性品质,备注
1,1100,40级_武器_物理攻击_物理攻击,0,物理攻击,,393,22=32|32=36|36=38,2,,5|0|0,100,1,1,装备主属性
2,1101,40级_武器_魔法攻击_魔法攻击,0,魔法攻击,,394,22=32|32=36|36=38,2,,5|0|0,100,1,1,装备主属性
3,1102,40级_身_生命_生命值,0,生命值,,392,77=116|116=129|129=135,5,,5|0|0,100,1,1,装备主属性
4,1103,40级_头_攻击向_物理攻击,0,物理攻击,,402,300=450|450=500|500=530,17,,5|0|0,15,1,2,装备主属性
5,1103,40级_头_攻击向_物理攻击,0,物理攻击,,393,22=32|32=36|36=38,2,,5|0|0,50,1,1,装备主属性
6,1103,40级_头_攻击向_攻击速度%,0,攻击速度%,,71,180=270|270=300|300=320,10,,5|0|0,15,1,2,装备主属性
7,1103,40级_头_攻击向_暴伤%,0,暴伤%,,59,180=270|270=300|300=320,10,,5|0|0,25,1,2,装备主属性
8,1103,40级_头_攻击向_暴击,0,暴击,,55,2=3|3=3|3=3,1,,5|0|0,0,1,2,装备主属性
9,1104,40级_头_攻击向_魔法攻击,0,魔法攻击,,403,300=450|450=500|500=530,17,,5|0|0,15,1,2,装备主属性
10,1104,40级_头_攻击向_魔法攻击,0,魔法攻击,,394,22=32|32=36|36=38,2,,5|0|0,50,1,1,装备主属性
11,1104,40级_头_攻击向_CD冷却加速%,0,CD冷却加速%,,433,180=270|270=300|300=320,10,,5|0|0,15,1,2,装备主属性
12,1104,40级_头_攻击向_暴伤%,0,暴伤%,,59,180=270|270=300|300=320,10,,5|0|0,25,1,2,装备主属性
13,1104,40级_头_攻击向_暴击,0,暴击,,55,2=3|3=3|3=3,1,,5|0|0,0,1,2,装备主属性
14,1105,40级_足/尾_防御向_生命值,0,生命值,,401,300=450|450=500|500=530,17,,5|0|0,15,1,2,装备主属性
15,1105,40级_足/尾_防御向_生命值,0,生命值,,392,77=116|116=129|129=135,5,,5|0|0,50,1,1,装备主属性
16,1105,40级_足/尾_防御向_物理防御,0,物理防御,,396,17=26|26=29|29=30,1,,5|0|0,50,1,1,装备主属性
17,1105,40级_足/尾_防御向_魔法防御,0,魔法防御,,397,17=26|26=29|29=30,1,,5|0|0,50,1,1,装备主属性
18,1105,40级_足/尾_防御向_暴击防护,0,暴击防护,,57,1=2|2=2|2=2,1,,5|0|0,0,1,2,装备主属性
19,1106,40级_饰品_攻击向_风属性技能伤害,0,风属性技能伤害,,172,180=270|270=300|300=320,10,,5|0|0,50,1,2,装备主属性
20,1106,40级_饰品_攻击向_地属性技能伤害,0,地属性技能伤害,,173,180=270|270=300|300=320,10,,5|0|0,50,1,2,装备主属性
21,1106,40级_饰品_攻击向_火属性技能伤害,0,火属性技能伤害,,174,180=270|270=300|300=320,10,,5|0|0,50,1,2,装备主属性
22,1106,40级_饰品_攻击向_水属性技能伤害,0,水属性技能伤害,,175,180=270|270=300|300=320,10,,5|0|0,50,1,2,装备主属性
23,1106,40级_饰品_攻击向_无属性技能伤害,0,无属性技能伤害,,176,180=270|270=300|300=320,10,,5|0|0,50,1,2,装备主属性
24,1107,40级_饰品_攻击向_风属性技能伤害,0,风属性技能伤害,,172,180=270|270=300|300=320,10,,5|0|0,50,1,2,装备主属性
25,1107,40级_饰品_攻击向_地属性技能伤害,0,地属性技能伤害,,173,180=270|270=300|300=320,10,,5|0|0,50,1,2,装备主属性
26,1107,40级_饰品_攻击向_火属性技能伤害,0,火属性技能伤害,,174,180=270|270=300|300=320,10,,5|0|0,50,1,2,装备主属性
27,1107,40级_饰品_攻击向_水属性技能伤害,0,水属性技能伤害,,175,180=270|270=300|300=320,10,,5|0|0,50,1,2,装备主属性
28,1107,40级_饰品_攻击向_无属性技能伤害,0,无属性技能伤害,,176,180=270|270=300|300=320,10,,5|0|0,50,1,2,装备主属性
29,1108,40级_饰品_防御向_受小体型魔物减伤,0,受小体型魔物减伤,,229,170=260|260=290|290=310,10,,5|0|0,50,1,2,装备主属性
30,1108,40级_饰品_防御向_受中体型魔物减伤,0,受中体型魔物减伤,,230,170=260|260=290|290=310,10,,5|0|0,50,1,2,装备主属性
31,1108,40级_饰品_防御向_受大体型魔物减伤,0,受大体型魔物减伤,,231,170=260|260=290|290=310,10,,5|0|0,50,1,2,装备主属性
32,1200,70级_武器_物理攻击_物理攻击,0,物理攻击,,393,76=113|113=126|126=132,5,,5|0|0,100,1,1,装备主属性
33,1201,70级_武器_魔法攻击_魔法攻击,0,魔法攻击,,394,76=113|113=126|126=132,5,,5|0|0,100,1,1,装备主属性
34,1202,70级_身_生命_生命值,0,生命值,,392,337=505|505=561|561=589,19,,5|0|0,100,1,1,装备主属性
35,1203,70级_头_攻击向_物理攻击,0,物理攻击,,402,780=1170|1170=1300|1300=1370,44,,5|0|0,15,1,2,装备主属性
36,1203,70级_头_攻击向_物理攻击,0,物理攻击,,393,76=113|113=126|126=132,5,,5|0|0,50,1,1,装备主属性
37,1203,70级_头_攻击向_攻击速度%,0,攻击速度%,,71,720=1080|1080=1200|1200=1260,40,,5|0|0,15,1,2,装备主属性
38,1203,70级_头_攻击向_暴伤%,0,暴伤%,,59,720=1080|1080=1200|1200=1260,40,,5|0|0,25,1,2,装备主属性
39,1203,70级_头_攻击向_暴击,0,暴击,,55,13=19|19=21|21=22,1,,5|0|0,25,1,2,装备主属性
40,1204,70级_头_攻击向_魔法攻击,0,魔法攻击,,403,780=1170|1170=1300|1300=1370,44,,5|0|0,15,1,2,装备主属性
41,1204,70级_头_攻击向_魔法攻击,0,魔法攻击,,394,76=113|113=126|126=132,5,,5|0|0,50,1,1,装备主属性
42,1204,70级_头_攻击向_CD冷却加速%,0,CD冷却加速%,,433,720=1080|1080=1200|1200=1260,40,,5|0|0,15,1,2,装备主属性
43,1204,70级_头_攻击向_暴伤%,0,暴伤%,,59,720=1080|1080=1200|1200=1260,40,,5|0|0,25,1,2,装备主属性
44,1204,70级_头_攻击向_暴击,0,暴击,,55,13=19|19=21|21=22,1,,5|0|0,25,1,2,装备主属性
45,1205,70级_足/尾_防御向_生命值,0,生命值,,401,780=1170|1170=1300|1300=1370,44,,5|0|0,15,1,2,装备主属性
46,1205,70级_足/尾_防御向_生命值,0,生命值,,392,337=505|505=561|561=589,19,,5|0|0,50,1,1,装备主属性
47,1205,70级_足/尾_防御向_物理防御,0,物理防御,,396,61=91|91=101|101=106,4,,5|0|0,50,1,1,装备主属性
48,1205,70级_足/尾_防御向_魔法防御,0,魔法防御,,397,61=91|91=101|101=106,4,,5|0|0,50,1,1,装备主属性
49,1205,70级_足/尾_防御向_暴击防护,0,暴击防护,,57,7=10|10=11|11=12,1,,5|0|0,50,1,2,装备主属性
50,1206,70级_饰品_攻击向_风属性技能伤害,0,风属性技能伤害,,172,720=1080|1080=1200|1200=1260,40,,5|0|0,50,1,2,装备主属性
51,1206,70级_饰品_攻击向_地属性技能伤害,0,地属性技能伤害,,173,720=1080|1080=1200|1200=1260,40,,5|0|0,50,1,2,装备主属性
52,1206,70级_饰品_攻击向_火属性技能伤害,0,火属性技能伤害,,174,720=1080|1080=1200|1200=1260,40,,5|0|0,50,1,2,装备主属性
53,1206,70级_饰品_攻击向_水属性技能伤害,0,水属性技能伤害,,175,720=1080|1080=1200|1200=1260,40,,5|0|0,50,1,2,装备主属性
54,1206,70级_饰品_攻击向_无属性技能伤害,0,无属性技能伤害,,176,720=1080|1080=1200|1200=1260,40,,5|0|0,50,1,2,装备主属性
55,1207,70级_饰品_攻击向_风属性技能伤害,0,风属性技能伤害,,172,720=1080|1080=1200|1200=1260,40,,5|0|0,50,1,2,装备主属性
56,1207,70级_饰品_攻击向_地属性技能伤害,0,地属性技能伤害,,173,720=1080|1080=1200|1200=1260,40,,5|0|0,50,1,2,装备主属性
57,1207,70级_饰品_攻击向_火属性技能伤害,0,火属性技能伤害,,174,720=1080|1080=1200|1200=1260,40,,5|0|0,50,1,2,装备主属性
58,1207,70级_饰品_攻击向_水属性技能伤害,0,水属性技能伤害,,175,720=1080|1080=1200|1200=1260,40,,5|0|0,50,1,2,装备主属性
59,1207,70级_饰品_攻击向_无属性技能伤害,0,无属性技能伤害,,176,720=1080|1080=1200|1200=1260,40,,5|0|0,50,1,2,装备主属性
60,1208,70级_饰品_防御向_受小体型魔物减伤,0,受小体型魔物减伤,,229,640=960|960=1070|1070=1120,36,,5|0|0,50,1,2,装备主属性
61,1208,70级_饰品_防御向_受中体型魔物减伤,0,受中体型魔物减伤,,230,640=960|960=1070|1070=1120,36,,5|0|0,50,1,2,装备主属性
62,1208,70级_饰品_防御向_受大体型魔物减伤,0,受大体型魔物减伤,,231,640=960|960=1070|1070=1120,36,,5|0|0,50,1,2,装备主属性
63,1300,85级_武器_物理攻击_物理攻击,0,物理攻击,,393,130=194|194=216|216=227,8,,5|0|0,100,1,1,装备主属性
64,1301,85级_武器_魔法攻击_魔法攻击,0,魔法攻击,,394,130=194|194=216|216=227,8,,5|0|0,100,1,1,装备主属性
65,1302,85级_身_生命_生命值,0,生命值,,392,648=972|972=1080|1080=1134,36,,5|0|0,100,1,1,装备主属性
66,1303,85级_头_攻击向_物理攻击,0,物理攻击,,402,1020=1530|1530=1700|1700=1790,57,,5|0|0,15,1,2,装备主属性
67,1303,85级_头_攻击向_物理攻击,0,物理攻击,,393,130=194|194=216|216=227,8,,5|0|0,50,1,1,装备主属性
68,1303,85级_头_攻击向_攻击速度%,0,攻击速度%,,71,1080=1620|1620=1800|1800=1890,60,,5|0|0,15,1,2,装备主属性
69,1303,85级_头_攻击向_暴伤%,0,暴伤%,,59,1080=1620|1620=1800|1800=1890,60,,5|0|0,25,1,2,装备主属性
70,1303,85级_头_攻击向_暴击,0,暴击,,55,22=32|32=36|36=38,2,,5|0|0,25,1,2,装备主属性
71,1304,85级_头_攻击向_魔法攻击,0,魔法攻击,,403,1020=1530|1530=1700|1700=1790,57,,5|0|0,15,1,2,装备主属性
72,1304,85级_头_攻击向_魔法攻击,0,魔法攻击,,394,130=194|194=216|216=227,8,,5|0|0,50,1,1,装备主属性
73,1304,85级_头_攻击向_CD冷却加速%,0,CD冷却加速%,,433,1080=1620|1620=1800|1800=1890,60,,5|0|0,15,1,2,装备主属性
74,1304,85级_头_攻击向_暴伤%,0,暴伤%,,59,1080=1620|1620=1800|1800=1890,60,,5|0|0,25,1,2,装备主属性
75,1304,85级_头_攻击向_暴击,0,暴击,,55,22=32|32=36|36=38,2,,5|0|0,25,1,2,装备主属性
76,1305,85级_足/尾_防御向_生命值,0,生命值,,401,1020=1530|1530=1700|1700=1790,57,,5|0|0,15,1,2,装备主属性
77,1305,85级_足/尾_防御向_生命值,0,生命值,,392,648=972|972=1080|1080=1134,36,,5|0|0,50,1,1,装备主属性
78,1305,85级_足/尾_防御向_物理防御,0,物理防御,,396,104=156|156=173|173=182,6,,5|0|0,50,1,1,装备主属性
79,1305,85级_足/尾_防御向_魔法防御,0,魔法防御,,397,104=156|156=173|173=182,6,,5|0|0,50,1,1,装备主属性
80,1305,85级_足/尾_防御向_暴击防护,0,暴击防护,,57,11=16|16=18|18=19,1,,5|0|0,50,1,2,装备主属性
81,1306,85级_饰品_攻击向_风属性技能伤害,0,风属性技能伤害,,172,1080=1620|1620=1800|1800=1890,60,,5|0|0,50,1,2,装备主属性
82,1306,85级_饰品_攻击向_地属性技能伤害,0,地属性技能伤害,,173,1080=1620|1620=1800|1800=1890,60,,5|0|0,50,1,2,装备主属性
83,1306,85级_饰品_攻击向_火属性技能伤害,0,火属性技能伤害,,174,1080=1620|1620=1800|1800=1890,60,,5|0|0,50,1,2,装备主属性
84,1306,85级_饰品_攻击向_水属性技能伤害,0,水属性技能伤害,,175,1080=1620|1620=1800|1800=1890,60,,5|0|0,50,1,2,装备主属性
85,1306,85级_饰品_攻击向_无属性技能伤害,0,无属性技能伤害,,176,1080=1620|1620=1800|1800=1890,60,,5|0|0,50,1,2,装备主属性
86,1307,85级_饰品_攻击向_风属性技能伤害,0,风属性技能伤害,,172,1080=1620|1620=1800|1800=1890,60,,5|0|0,50,1,2,装备主属性
87,1307,85级_饰品_攻击向_地属性技能伤害,0,地属性技能伤害,,173,1080=1620|1620=1800|1800=1890,60,,5|0|0,50,1,2,装备主属性
88,1307,85级_饰品_攻击向_火属性技能伤害,0,火属性技能伤害,,174,1080=1620|1620=1800|1800=1890,60,,5|0|0,50,1,2,装备主属性
89,1307,85级_饰品_攻击向_水属性技能伤害,0,水属性技能伤害,,175,1080=1620|1620=1800|1800=1890,60,,5|0|0,50,1,2,装备主属性
90,1307,85级_饰品_攻击向_无属性技能伤害,0,无属性技能伤害,,176,1080=1620|1620=1800|1800=1890,60,,5|0|0,50,1,2,装备主属性
91,1308,85级_饰品_防御向_受小体型魔物减伤,0,受小体型魔物减伤,,229,920=1370|1370=1530|1530=1600,51,,5|0|0,50,1,2,装备主属性
92,1308,85级_饰品_防御向_受中体型魔物减伤,0,受中体型魔物减伤,,230,920=1370|1370=1530|1530=1600,51,,5|0|0,50,1,2,装备主属性
93,1308,85级_饰品_防御向_受大体型魔物减伤,0,受大体型魔物减伤,,231,920=1370|1370=1530|1530=1600,51,,5|0|0,50,1,2,装备主属性
94,1400,100级_武器_物理攻击_物理攻击,0,物理攻击,,393,173=259|259=288|288=302,10,,5|0|0,100,1,1,装备主属性
95,1401,100级_武器_魔法攻击_魔法攻击,0,魔法攻击,,394,173=259|259=288|288=302,10,,5|0|0,100,1,1,装备主属性
96,1402,100级_身_生命_生命值,0,生命值,,392,1080=1620|1620=1800|1800=1890,60,,5|0|0,100,1,1,装备主属性
97,1403,100级_头_攻击向_物理攻击,0,物理攻击,,402,1260=1890|1890=2100|2100=2210,70,,5|0|0,15,1,2,装备主属性
98,1403,100级_头_攻击向_物理攻击,0,物理攻击,,393,173=259|259=288|288=302,10,,5|0|0,50,1,1,装备主属性
99,1403,100级_头_攻击向_攻击速度%,0,攻击速度%,,71,1440=2160|2160=2400|2400=2520,80,,5|0|0,15,1,2,装备主属性
100,1403,100级_头_攻击向_暴伤%,0,暴伤%,,59,1440=2160|2160=2400|2400=2520,80,,5|0|0,25,1,2,装备主属性
101,1403,100级_头_攻击向_暴击,0,暴击,,55,30=45|45=50|50=53,2,,5|0|0,25,1,2,装备主属性
102,1404,100级_头_攻击向_魔法攻击,0,魔法攻击,,403,1260=1890|1890=2100|2100=2210,70,,5|0|0,15,1,2,装备主属性
103,1404,100级_头_攻击向_魔法攻击,0,魔法攻击,,394,173=259|259=288|288=302,10,,5|0|0,50,1,1,装备主属性
104,1404,100级_头_攻击向_CD冷却加速%,0,CD冷却加速%,,433,1440=2160|2160=2400|2400=2520,80,,5|0|0,15,1,2,装备主属性
105,1404,100级_头_攻击向_暴伤%,0,暴伤%,,59,1440=2160|2160=2400|2400=2520,80,,5|0|0,25,1,2,装备主属性
106,1404,100级_头_攻击向_暴击,0,暴击,,55,30=45|45=50|50=53,2,,5|0|0,25,1,2,装备主属性
107,1405,100级_足/尾_防御向_生命值,0,生命值,,401,1260=1890|1890=2100|2100=2210,70,,5|0|0,15,1,2,装备主属性
108,1405,100级_足/尾_防御向_生命值,0,生命值,,392,1080=1620|1620=1800|1800=1890,60,,5|0|0,50,1,1,装备主属性
109,1405,100级_足/尾_防御向_物理防御,0,物理防御,,396,138=207|207=230|230=242,8,,5|0|0,50,1,1,装备主属性
110,1405,100级_足/尾_防御向_魔法防御,0,魔法防御,,397,138=207|207=230|230=242,8,,5|0|0,50,1,1,装备主属性
111,1405,100级_足/尾_防御向_暴击防护,0,暴击防护,,57,15=23|23=25|25=26,1,,5|0|0,50,1,2,装备主属性
112,1406,100级_饰品_攻击向_风属性技能伤害,0,风属性技能伤害,,172,1440=2160|2160=2400|2400=2520,80,,5|0|0,50,1,2,装备主属性
113,1406,100级_饰品_攻击向_地属性技能伤害,0,地属性技能伤害,,173,1440=2160|2160=2400|2400=2520,80,,5|0|0,50,1,2,装备主属性
114,1406,100级_饰品_攻击向_火属性技能伤害,0,火属性技能伤害,,174,1440=2160|2160=2400|2400=2520,80,,5|0|0,50,1,2,装备主属性
115,1406,100级_饰品_攻击向_水属性技能伤害,0,水属性技能伤害,,175,1440=2160|2160=2400|2400=2520,80,,5|0|0,50,1,2,装备主属性
116,1406,100级_饰品_攻击向_无属性技能伤害,0,无属性技能伤害,,176,1440=2160|2160=2400|2400=2520,80,,5|0|0,50,1,2,装备主属性
117,1407,100级_饰品_攻击向_风属性技能伤害,0,风属性技能伤害,,172,1440=2160|2160=2400|2400=2520,80,,5|0|0,50,1,2,装备主属性
118,1407,100级_饰品_攻击向_地属性技能伤害,0,地属性技能伤害,,173,1440=2160|2160=2400|2400=2520,80,,5|0|0,50,1,2,装备主属性
119,1407,100级_饰品_攻击向_火属性技能伤害,0,火属性技能伤害,,174,1440=2160|2160=2400|2400=2520,80,,5|0|0,50,1,2,装备主属性
120,1407,100级_饰品_攻击向_水属性技能伤害,0,水属性技能伤害,,175,1440=2160|2160=2400|2400=2520,80,,5|0|0,50,1,2,装备主属性
121,1407,100级_饰品_攻击向_无属性技能伤害,0,无属性技能伤害,,176,1440=2160|2160=2400|2400=2520,80,,5|0|0,50,1,2,装备主属性
122,1408,100级_饰品_防御向_受小体型魔物减伤,0,受小体型魔物减伤,,229,1160=1740|1740=1940|1940=2030,65,,5|0|0,50,1,2,装备主属性
123,1408,100级_饰品_防御向_受中体型魔物减伤,0,受中体型魔物减伤,,230,1160=1740|1740=1940|1940=2030,65,,5|0|0,50,1,2,装备主属性
124,1408,100级_饰品_防御向_受大体型魔物减伤,0,受大体型魔物减伤,,231,1160=1740|1740=1940|1940=2030,65,,5|0|0,50,1,2,装备主属性
125,1500,110级_武器_物理攻击_物理攻击,0,物理攻击,,393,194=292|292=324|324=340,11,,5|0|0,100,1,1,装备主属性
126,1501,110级_武器_魔法攻击_魔法攻击,0,魔法攻击,,394,194=292|292=324|324=340,11,,5|0|0,100,1,1,装备主属性
127,1502,110级_身_生命_生命值,0,生命值,,392,1210=1814|1814=2016|2016=2117,68,,5|0|0,100,1,1,装备主属性
128,1503,110级_头_攻击向_物理攻击,0,物理攻击,,402,1380=2070|2070=2300|2300=2420,77,,5|0|0,15,1,2,装备主属性
129,1503,110级_头_攻击向_物理攻击,0,物理攻击,,393,194=292|292=324|324=340,11,,5|0|0,50,1,1,装备主属性
130,1503,110级_头_攻击向_攻击速度%,0,攻击速度%,,71,1620=2430|2430=2700|2700=2840,90,,5|0|0,15,1,2,装备主属性
131,1503,110级_头_攻击向_暴伤%,0,暴伤%,,59,1620=2430|2430=2700|2700=2840,90,,5|0|0,25,1,2,装备主属性
132,1503,110级_头_攻击向_暴击,0,暴击,,55,34=51|51=57|57=60,2,,5|0|0,25,1,2,装备主属性
133,1504,110级_头_攻击向_魔法攻击,0,魔法攻击,,403,1380=2070|2070=2300|2300=2420,77,,5|0|0,15,1,2,装备主属性
134,1504,110级_头_攻击向_魔法攻击,0,魔法攻击,,394,194=292|292=324|324=340,11,,5|0|0,50,1,1,装备主属性
135,1504,110级_头_攻击向_CD冷却加速%,0,CD冷却加速%,,433,1620=2430|2430=2700|2700=2840,90,,5|0|0,15,1,2,装备主属性
136,1504,110级_头_攻击向_暴伤%,0,暴伤%,,59,1620=2430|2430=2700|2700=2840,90,,5|0|0,25,1,2,装备主属性
137,1504,110级_头_攻击向_暴击,0,暴击,,55,34=51|51=57|57=60,2,,5|0|0,25,1,2,装备主属性
138,1505,110级_足/尾_防御向_生命值,0,生命值,,401,1380=2070|2070=2300|2300=2420,77,,5|0|0,15,1,2,装备主属性
139,1505,110级_足/尾_防御向_生命值,0,生命值,,392,1210=1814|1814=2016|2016=2117,68,,5|0|0,50,1,1,装备主属性
140,1505,110级_足/尾_防御向_物理防御,0,物理防御,,396,155=233|233=259|259=272,9,,5|0|0,50,1,1,装备主属性
141,1505,110级_足/尾_防御向_魔法防御,0,魔法防御,,397,155=233|233=259|259=272,9,,5|0|0,50,1,1,装备主属性
142,1505,110级_足/尾_防御向_暴击防护,0,暴击防护,,57,17=26|26=29|29=30,1,,5|0|0,50,1,2,装备主属性
143,1506,110级_饰品_攻击向_风属性技能伤害,0,风属性技能伤害,,172,1620=2430|2430=2700|2700=2840,90,,5|0|0,50,1,2,装备主属性
144,1506,110级_饰品_攻击向_地属性技能伤害,0,地属性技能伤害,,173,1620=2430|2430=2700|2700=2840,90,,5|0|0,50,1,2,装备主属性
145,1506,110级_饰品_攻击向_火属性技能伤害,0,火属性技能伤害,,174,1620=2430|2430=2700|2700=2840,90,,5|0|0,50,1,2,装备主属性
146,1506,110级_饰品_攻击向_水属性技能伤害,0,水属性技能伤害,,175,1620=2430|2430=2700|2700=2840,90,,5|0|0,50,1,2,装备主属性
147,1506,110级_饰品_攻击向_无属性技能伤害,0,无属性技能伤害,,176,1620=2430|2430=2700|2700=2840,90,,5|0|0,50,1,2,装备主属性
148,1507,110级_饰品_攻击向_风属性技能伤害,0,风属性技能伤害,,172,1620=2430|2430=2700|2700=2840,90,,5|0|0,50,1,2,装备主属性
149,1507,110级_饰品_攻击向_地属性技能伤害,0,地属性技能伤害,,173,1620=2430|2430=2700|2700=2840,90,,5|0|0,50,1,2,装备主属性
150,1507,110级_饰品_攻击向_火属性技能伤害,0,火属性技能伤害,,174,1620=2430|2430=2700|2700=2840,90,,5|0|0,50,1,2,装备主属性
151,1507,110级_饰品_攻击向_水属性技能伤害,0,水属性技能伤害,,175,1620=2430|2430=2700|2700=2840,90,,5|0|0,50,1,2,装备主属性
152,1507,110级_饰品_攻击向_无属性技能伤害,0,无属性技能伤害,,176,1620=2430|2430=2700|2700=2840,90,,5|0|0,50,1,2,装备主属性
153,1508,110级_饰品_防御向_受小体型魔物减伤,0,受小体型魔物减伤,,229,1280=1910|1910=2130|2130=2230,71,,5|0|0,50,1,2,装备主属性
154,1508,110级_饰品_防御向_受中体型魔物减伤,0,受中体型魔物减伤,,230,1280=1910|1910=2130|2130=2230,71,,5|0|0,50,1,2,装备主属性
155,1508,110级_饰品_防御向_受大体型魔物减伤,0,受大体型魔物减伤,,231,1280=1910|1910=2130|2130=2230,71,,5|0|0,50,1,2,装备主属性
156,1600,120级_武器_物理攻击_物理攻击,0,物理攻击,,393,216=324|324=360|360=378,12,,5|0|0,100,1,1,装备主属性
157,1601,120级_武器_魔法攻击_魔法攻击,0,魔法攻击,,394,216=324|324=360|360=378,12,,5|0|0,100,1,1,装备主属性
158,1602,120级_身_生命_生命值,0,生命值,,392,1382=2074|2074=2304|2304=2419,77,,5|0|0,100,1,1,装备主属性
159,1603,120级_头_攻击向_物理攻击,0,物理攻击,,402,1500=2250|2250=2500|2500=2630,84,,5|0|0,15,1,2,装备主属性
160,1603,120级_头_攻击向_物理攻击,0,物理攻击,,393,216=324|324=360|360=378,12,,5|0|0,50,1,1,装备主属性
161,1603,120级_头_攻击向_攻击速度%,0,攻击速度%,,71,1800=2700|2700=3000|3000=3150,100,,5|0|0,15,1,2,装备主属性
162,1603,120级_头_攻击向_暴伤%,0,暴伤%,,59,1800=2700|2700=3000|3000=3150,100,,5|0|0,25,1,2,装备主属性
163,1603,120级_头_攻击向_暴击,0,暴击,,55,43=65|65=72|72=76,3,,5|0|0,25,1,2,装备主属性
164,1604,120级_头_攻击向_魔法攻击,0,魔法攻击,,403,1500=2250|2250=2500|2500=2630,84,,5|0|0,15,1,2,装备主属性
165,1604,120级_头_攻击向_魔法攻击,0,魔法攻击,,394,216=324|324=360|360=378,12,,5|0|0,50,1,1,装备主属性
166,1604,120级_头_攻击向_CD冷却加速%,0,CD冷却加速%,,433,1800=2700|2700=3000|3000=3150,100,,5|0|0,15,1,2,装备主属性
167,1604,120级_头_攻击向_暴伤%,0,暴伤%,,59,1800=2700|2700=3000|3000=3150,100,,5|0|0,25,1,2,装备主属性
168,1604,120级_头_攻击向_暴击,0,暴击,,55,43=65|65=72|72=76,3,,5|0|0,25,1,2,装备主属性
169,1605,120级_足/尾_防御向_生命值,0,生命值,,401,1500=2250|2250=2500|2500=2630,84,,5|0|0,15,1,2,装备主属性
170,1605,120级_足/尾_防御向_生命值,0,生命值,,392,1382=2074|2074=2304|2304=2419,77,,5|0|0,50,1,1,装备主属性
171,1605,120级_足/尾_防御向_物理防御,0,物理防御,,396,173=259|259=288|288=302,10,,5|0|0,50,1,1,装备主属性
172,1605,120级_足/尾_防御向_魔法防御,0,魔法防御,,397,173=259|259=288|288=302,10,,5|0|0,50,1,1,装备主属性
173,1605,120级_足/尾_防御向_暴击防护,0,暴击防护,,57,22=32|32=36|36=38,2,,5|0|0,50,1,2,装备主属性
174,1606,120级_饰品_攻击向_风属性技能伤害,0,风属性技能伤害,,172,1800=2700|2700=3000|3000=3150,100,,5|0|0,50,1,2,装备主属性
175,1606,120级_饰品_攻击向_地属性技能伤害,0,地属性技能伤害,,173,1800=2700|2700=3000|3000=3150,100,,5|0|0,50,1,2,装备主属性
176,1606,120级_饰品_攻击向_火属性技能伤害,0,火属性技能伤害,,174,1800=2700|2700=3000|3000=3150,100,,5|0|0,50,1,2,装备主属性
177,1606,120级_饰品_攻击向_水属性技能伤害,0,水属性技能伤害,,175,1800=2700|2700=3000|3000=3150,100,,5|0|0,50,1,2,装备主属性
178,1606,120级_饰品_攻击向_无属性技能伤害,0,无属性技能伤害,,176,1800=2700|2700=3000|3000=3150,100,,5|0|0,50,1,2,装备主属性
179,1607,120级_饰品_攻击向_风属性技能伤害,0,风属性技能伤害,,172,1800=2700|2700=3000|3000=3150,100,,5|0|0,50,1,2,装备主属性
180,1607,120级_饰品_攻击向_地属性技能伤害,0,地属性技能伤害,,173,1800=2700|2700=3000|3000=3150,100,,5|0|0,50,1,2,装备主属性
181,1607,120级_饰品_攻击向_火属性技能伤害,0,火属性技能伤害,,174,1800=2700|2700=3000|3000=3150,100,,5|0|0,50,1,2,装备主属性
182,1607,120级_饰品_攻击向_水属性技能伤害,0,水属性技能伤害,,175,1800=2700|2700=3000|3000=3150,100,,5|0|0,50,1,2,装备主属性
183,1607,120级_饰品_攻击向_无属性技能伤害,0,无属性技能伤害,,176,1800=2700|2700=3000|3000=3150,100,,5|0|0,50,1,2,装备主属性
184,1608,120级_饰品_防御向_受小体型魔物减伤,0,受小体型魔物减伤,,229,1380=2080|2080=2310|2310=2420,77,,5|0|0,50,1,2,装备主属性
185,1608,120级_饰品_防御向_受中体型魔物减伤,0,受中体型魔物减伤,,230,1380=2080|2080=2310|2310=2420,77,,5|0|0,50,1,2,装备主属性
186,1608,120级_饰品_防御向_受大体型魔物减伤,0,受大体型魔物减伤,,231,1380=2080|2080=2310|2310=2420,77,,5|0|0,50,1,2,装备主属性
187,1100,40级_武器_物理攻击_物理攻击,0,物理攻击,,393,22=32|32=36|36=38,2,,5|3|0,100,1,1,装备主属性
188,1101,40级_武器_魔法攻击_魔法攻击,0,魔法攻击,,394,22=32|32=36|36=38,2,,5|3|0,100,1,1,装备主属性
189,1102,40级_身_生命_生命值,0,生命值,,392,77=116|116=129|129=135,5,,5|3|0,100,1,1,装备主属性
190,1103,40级_头_攻击向_物理攻击,0,物理攻击,,402,300=450|450=500|500=530,17,,5|3|0,15,1,2,装备主属性
191,1103,40级_头_攻击向_物理攻击,0,物理攻击,,393,22=32|32=36|36=38,2,,5|3|0,50,1,1,装备主属性
192,1103,40级_头_攻击向_攻击速度%,0,攻击速度%,,71,180=270|270=300|300=320,10,,5|3|0,15,1,2,装备主属性
193,1103,40级_头_攻击向_暴伤%,0,暴伤%,,59,180=270|270=300|300=320,10,,5|3|0,25,1,2,装备主属性
194,1103,40级_头_攻击向_暴击,0,暴击,,55,2=3|3=3|3=3,1,,5|3|0,0,1,2,装备主属性
195,1104,40级_头_攻击向_魔法攻击,0,魔法攻击,,403,300=450|450=500|500=530,17,,5|3|0,15,1,2,装备主属性
196,1104,40级_头_攻击向_魔法攻击,0,魔法攻击,,394,22=32|32=36|36=38,2,,5|3|0,50,1,1,装备主属性
197,1104,40级_头_攻击向_CD冷却加速%,0,CD冷却加速%,,433,180=270|270=300|300=320,10,,5|3|0,15,1,2,装备主属性
198,1104,40级_头_攻击向_暴伤%,0,暴伤%,,59,180=270|270=300|300=320,10,,5|3|0,25,1,2,装备主属性
199,1104,40级_头_攻击向_暴击,0,暴击,,55,2=3|3=3|3=3,1,,5|3|0,0,1,2,装备主属性
200,1105,40级_足/尾_防御向_生命值,0,生命值,,401,300=450|450=500|500=530,17,,5|3|0,15,1,2,装备主属性
201,1105,40级_足/尾_防御向_生命值,0,生命值,,392,77=116|116=129|129=135,5,,5|3|0,50,1,1,装备主属性
202,1105,40级_足/尾_防御向_物理防御,0,物理防御,,396,17=26|26=29|29=30,1,,5|3|0,50,1,1,装备主属性
203,1105,40级_足/尾_防御向_魔法防御,0,魔法防御,,397,17=26|26=29|29=30,1,,5|3|0,50,1,1,装备主属性
204,1105,40级_足/尾_防御向_暴击防护,0,暴击防护,,57,1=2|2=2|2=2,1,,5|3|0,0,1,2,装备主属性
205,1106,40级_饰品_攻击向_风属性技能伤害,0,风属性技能伤害,,172,180=270|270=300|300=320,10,,5|3|0,50,1,2,装备主属性
206,1106,40级_饰品_攻击向_地属性技能伤害,0,地属性技能伤害,,173,180=270|270=300|300=320,10,,5|3|0,50,1,2,装备主属性
207,1106,40级_饰品_攻击向_火属性技能伤害,0,火属性技能伤害,,174,180=270|270=300|300=320,10,,5|3|0,50,1,2,装备主属性
208,1106,40级_饰品_攻击向_水属性技能伤害,0,水属性技能伤害,,175,180=270|270=300|300=320,10,,5|3|0,50,1,2,装备主属性
209,1106,40级_饰品_攻击向_无属性技能伤害,0,无属性技能伤害,,176,180=270|270=300|300=320,10,,5|3|0,50,1,2,装备主属性
210,1107,40级_饰品_攻击向_风属性技能伤害,0,风属性技能伤害,,172,180=270|270=300|300=320,10,,5|3|0,50,1,2,装备主属性
211,1107,40级_饰品_攻击向_地属性技能伤害,0,地属性技能伤害,,173,180=270|270=300|300=320,10,,5|3|0,50,1,2,装备主属性
212,1107,40级_饰品_攻击向_火属性技能伤害,0,火属性技能伤害,,174,180=270|270=300|300=320,10,,5|3|0,50,1,2,装备主属性
213,1107,40级_饰品_攻击向_水属性技能伤害,0,水属性技能伤害,,175,180=270|270=300|300=320,10,,5|3|0,50,1,2,装备主属性
214,1107,40级_饰品_攻击向_无属性技能伤害,0,无属性技能伤害,,176,180=270|270=300|300=320,10,,5|3|0,50,1,2,装备主属性
215,1108,40级_饰品_防御向_受小体型魔物减伤,0,受小体型魔物减伤,,229,170=260|260=290|290=310,10,,5|3|0,50,1,2,装备主属性
216,1108,40级_饰品_防御向_受中体型魔物减伤,0,受中体型魔物减伤,,230,170=260|260=290|290=310,10,,5|3|0,50,1,2,装备主属性
217,1108,40级_饰品_防御向_受大体型魔物减伤,0,受大体型魔物减伤,,231,170=260|260=290|290=310,10,,5|3|0,50,1,2,装备主属性
218,1200,70级_武器_物理攻击_物理攻击,0,物理攻击,,393,76=113|113=126|126=132,5,,5|3|0,100,1,1,装备主属性
219,1201,70级_武器_魔法攻击_魔法攻击,0,魔法攻击,,394,76=113|113=126|126=132,5,,5|3|0,100,1,1,装备主属性
220,1202,70级_身_生命_生命值,0,生命值,,392,337=505|505=561|561=589,19,,5|3|0,100,1,1,装备主属性
221,1203,70级_头_攻击向_物理攻击,0,物理攻击,,402,780=1170|1170=1300|1300=1370,44,,5|3|0,15,1,2,装备主属性
222,1203,70级_头_攻击向_物理攻击,0,物理攻击,,393,76=113|113=126|126=132,5,,5|3|0,50,1,1,装备主属性
223,1203,70级_头_攻击向_攻击速度%,0,攻击速度%,,71,720=1080|1080=1200|1200=1260,40,,5|3|0,15,1,2,装备主属性
224,1203,70级_头_攻击向_暴伤%,0,暴伤%,,59,720=1080|1080=1200|1200=1260,40,,5|3|0,25,1,2,装备主属性
225,1203,70级_头_攻击向_暴击,0,暴击,,55,13=19|19=21|21=22,1,,5|3|0,25,1,2,装备主属性
226,1204,70级_头_攻击向_魔法攻击,0,魔法攻击,,403,780=1170|1170=1300|1300=1370,44,,5|3|0,15,1,2,装备主属性
227,1204,70级_头_攻击向_魔法攻击,0,魔法攻击,,394,76=113|113=126|126=132,5,,5|3|0,50,1,1,装备主属性
228,1204,70级_头_攻击向_CD冷却加速%,0,CD冷却加速%,,433,720=1080|1080=1200|1200=1260,40,,5|3|0,15,1,2,装备主属性
229,1204,70级_头_攻击向_暴伤%,0,暴伤%,,59,720=1080|1080=1200|1200=1260,40,,5|3|0,25,1,2,装备主属性
230,1204,70级_头_攻击向_暴击,0,暴击,,55,13=19|19=21|21=22,1,,5|3|0,25,1,2,装备主属性
231,1205,70级_足/尾_防御向_生命值,0,生命值,,401,780=1170|1170=1300|1300=1370,44,,5|3|0,15,1,2,装备主属性
232,1205,70级_足/尾_防御向_生命值,0,生命值,,392,337=505|505=561|561=589,19,,5|3|0,50,1,1,装备主属性
233,1205,70级_足/尾_防御向_物理防御,0,物理防御,,396,61=91|91=101|101=106,4,,5|3|0,50,1,1,装备主属性
234,1205,70级_足/尾_防御向_魔法防御,0,魔法防御,,397,61=91|91=101|101=106,4,,5|3|0,50,1,1,装备主属性
235,1205,70级_足/尾_防御向_暴击防护,0,暴击防护,,57,7=10|10=11|11=12,1,,5|3|0,50,1,2,装备主属性
236,1206,70级_饰品_攻击向_风属性技能伤害,0,风属性技能伤害,,172,720=1080|1080=1200|1200=1260,40,,5|3|0,50,1,2,装备主属性
237,1206,70级_饰品_攻击向_地属性技能伤害,0,地属性技能伤害,,173,720=1080|1080=1200|1200=1260,40,,5|3|0,50,1,2,装备主属性
238,1206,70级_饰品_攻击向_火属性技能伤害,0,火属性技能伤害,,174,720=1080|1080=1200|1200=1260,40,,5|3|0,50,1,2,装备主属性
239,1206,70级_饰品_攻击向_水属性技能伤害,0,水属性技能伤害,,175,720=1080|1080=1200|1200=1260,40,,5|3|0,50,1,2,装备主属性
240,1206,70级_饰品_攻击向_无属性技能伤害,0,无属性技能伤害,,176,720=1080|1080=1200|1200=1260,40,,5|3|0,50,1,2,装备主属性
241,1207,70级_饰品_攻击向_风属性技能伤害,0,风属性技能伤害,,172,720=1080|1080=1200|1200=1260,40,,5|3|0,50,1,2,装备主属性
242,1207,70级_饰品_攻击向_地属性技能伤害,0,地属性技能伤害,,173,720=1080|1080=1200|1200=1260,40,,5|3|0,50,1,2,装备主属性
243,1207,70级_饰品_攻击向_火属性技能伤害,0,火属性技能伤害,,174,720=1080|1080=1200|1200=1260,40,,5|3|0,50,1,2,装备主属性
244,1207,70级_饰品_攻击向_水属性技能伤害,0,水属性技能伤害,,175,720=1080|1080=1200|1200=1260,40,,5|3|0,50,1,2,装备主属性
245,1207,70级_饰品_攻击向_无属性技能伤害,0,无属性技能伤害,,176,720=1080|1080=1200|1200=1260,40,,5|3|0,50,1,2,装备主属性
246,1208,70级_饰品_防御向_受小体型魔物减伤,0,受小体型魔物减伤,,229,640=960|960=1070|1070=1120,36,,5|3|0,50,1,2,装备主属性
247,1208,70级_饰品_防御向_受中体型魔物减伤,0,受中体型魔物减伤,,230,640=960|960=1070|1070=1120,36,,5|3|0,50,1,2,装备主属性
248,1208,70级_饰品_防御向_受大体型魔物减伤,0,受大体型魔物减伤,,231,640=960|960=1070|1070=1120,36,,5|3|0,50,1,2,装备主属性
249,1300,85级_武器_物理攻击_物理攻击,0,物理攻击,,393,130=194|194=216|216=227,8,,5|3|0,100,1,1,装备主属性
250,1301,85级_武器_魔法攻击_魔法攻击,0,魔法攻击,,394,130=194|194=216|216=227,8,,5|3|0,100,1,1,装备主属性
251,1302,85级_身_生命_生命值,0,生命值,,392,648=972|972=1080|1080=1134,36,,5|3|0,100,1,1,装备主属性
252,1303,85级_头_攻击向_物理攻击,0,物理攻击,,402,1020=1530|1530=1700|1700=1790,57,,5|3|0,15,1,2,装备主属性
253,1303,85级_头_攻击向_物理攻击,0,物理攻击,,393,130=194|194=216|216=227,8,,5|3|0,50,1,1,装备主属性
254,1303,85级_头_攻击向_攻击速度%,0,攻击速度%,,71,1080=1620|1620=1800|1800=1890,60,,5|3|0,15,1,2,装备主属性
255,1303,85级_头_攻击向_暴伤%,0,暴伤%,,59,1080=1620|1620=1800|1800=1890,60,,5|3|0,25,1,2,装备主属性
256,1303,85级_头_攻击向_暴击,0,暴击,,55,22=32|32=36|36=38,2,,5|3|0,25,1,2,装备主属性
257,1304,85级_头_攻击向_魔法攻击,0,魔法攻击,,403,1020=1530|1530=1700|1700=1790,57,,5|3|0,15,1,2,装备主属性
258,1304,85级_头_攻击向_魔法攻击,0,魔法攻击,,394,130=194|194=216|216=227,8,,5|3|0,50,1,1,装备主属性
259,1304,85级_头_攻击向_CD冷却加速%,0,CD冷却加速%,,433,1080=1620|1620=1800|1800=1890,60,,5|3|0,15,1,2,装备主属性
260,1304,85级_头_攻击向_暴伤%,0,暴伤%,,59,1080=1620|1620=1800|1800=1890,60,,5|3|0,25,1,2,装备主属性
261,1304,85级_头_攻击向_暴击,0,暴击,,55,22=32|32=36|36=38,2,,5|3|0,25,1,2,装备主属性
262,1305,85级_足/尾_防御向_生命值,0,生命值,,401,1020=1530|1530=1700|1700=1790,57,,5|3|0,15,1,2,装备主属性
263,1305,85级_足/尾_防御向_生命值,0,生命值,,392,648=972|972=1080|1080=1134,36,,5|3|0,50,1,1,装备主属性
264,1305,85级_足/尾_防御向_物理防御,0,物理防御,,396,104=156|156=173|173=182,6,,5|3|0,50,1,1,装备主属性
265,1305,85级_足/尾_防御向_魔法防御,0,魔法防御,,397,104=156|156=173|173=182,6,,5|3|0,50,1,1,装备主属性
266,1305,85级_足/尾_防御向_暴击防护,0,暴击防护,,57,11=16|16=18|18=19,1,,5|3|0,50,1,2,装备主属性
267,1306,85级_饰品_攻击向_风属性技能伤害,0,风属性技能伤害,,172,1080=1620|1620=1800|1800=1890,60,,5|3|0,50,1,2,装备主属性
268,1306,85级_饰品_攻击向_地属性技能伤害,0,地属性技能伤害,,173,1080=1620|1620=1800|1800=1890,60,,5|3|0,50,1,2,装备主属性
269,1306,85级_饰品_攻击向_火属性技能伤害,0,火属性技能伤害,,174,1080=1620|1620=1800|1800=1890,60,,5|3|0,50,1,2,装备主属性
270,1306,85级_饰品_攻击向_水属性技能伤害,0,水属性技能伤害,,175,1080=1620|1620=1800|1800=1890,60,,5|3|0,50,1,2,装备主属性
271,1306,85级_饰品_攻击向_无属性技能伤害,0,无属性技能伤害,,176,1080=1620|1620=1800|1800=1890,60,,5|3|0,50,1,2,装备主属性
272,1307,85级_饰品_攻击向_风属性技能伤害,0,风属性技能伤害,,172,1080=1620|1620=1800|1800=1890,60,,5|3|0,50,1,2,装备主属性
273,1307,85级_饰品_攻击向_地属性技能伤害,0,地属性技能伤害,,173,1080=1620|1620=1800|1800=1890,60,,5|3|0,50,1,2,装备主属性
274,1307,85级_饰品_攻击向_火属性技能伤害,0,火属性技能伤害,,174,1080=1620|1620=1800|1800=1890,60,,5|3|0,50,1,2,装备主属性
275,1307,85级_饰品_攻击向_水属性技能伤害,0,水属性技能伤害,,175,1080=1620|1620=1800|1800=1890,60,,5|3|0,50,1,2,装备主属性
276,1307,85级_饰品_攻击向_无属性技能伤害,0,无属性技能伤害,,176,1080=1620|1620=1800|1800=1890,60,,5|3|0,50,1,2,装备主属性
277,1308,85级_饰品_防御向_受小体型魔物减伤,0,受小体型魔物减伤,,229,920=1370|1370=1530|1530=1600,51,,5|3|0,50,1,2,装备主属性
278,1308,85级_饰品_防御向_受中体型魔物减伤,0,受中体型魔物减伤,,230,920=1370|1370=1530|1530=1600,51,,5|3|0,50,1,2,装备主属性
279,1308,85级_饰品_防御向_受大体型魔物减伤,0,受大体型魔物减伤,,231,920=1370|1370=1530|1530=1600,51,,5|3|0,50,1,2,装备主属性
280,1400,100级_武器_物理攻击_物理攻击,0,物理攻击,,393,173=259|259=288|288=302,10,,5|3|0,100,1,1,装备主属性
281,1401,100级_武器_魔法攻击_魔法攻击,0,魔法攻击,,394,173=259|259=288|288=302,10,,5|3|0,100,1,1,装备主属性
282,1402,100级_身_生命_生命值,0,生命值,,392,1080=1620|1620=1800|1800=1890,60,,5|3|0,100,1,1,装备主属性
283,1403,100级_头_攻击向_物理攻击,0,物理攻击,,402,1260=1890|1890=2100|2100=2210,70,,5|3|0,15,1,2,装备主属性
284,1403,100级_头_攻击向_物理攻击,0,物理攻击,,393,173=259|259=288|288=302,10,,5|3|0,50,1,1,装备主属性
285,1403,100级_头_攻击向_攻击速度%,0,攻击速度%,,71,1440=2160|2160=2400|2400=2520,80,,5|3|0,15,1,2,装备主属性
286,1403,100级_头_攻击向_暴伤%,0,暴伤%,,59,1440=2160|2160=2400|2400=2520,80,,5|3|0,25,1,2,装备主属性
287,1403,100级_头_攻击向_暴击,0,暴击,,55,30=45|45=50|50=53,2,,5|3|0,25,1,2,装备主属性
288,1404,100级_头_攻击向_魔法攻击,0,魔法攻击,,403,1260=1890|1890=2100|2100=2210,70,,5|3|0,15,1,2,装备主属性
289,1404,100级_头_攻击向_魔法攻击,0,魔法攻击,,394,173=259|259=288|288=302,10,,5|3|0,50,1,1,装备主属性
290,1404,100级_头_攻击向_CD冷却加速%,0,CD冷却加速%,,433,1440=2160|2160=2400|2400=2520,80,,5|3|0,15,1,2,装备主属性
291,1404,100级_头_攻击向_暴伤%,0,暴伤%,,59,1440=2160|2160=2400|2400=2520,80,,5|3|0,25,1,2,装备主属性
292,1404,100级_头_攻击向_暴击,0,暴击,,55,30=45|45=50|50=53,2,,5|3|0,25,1,2,装备主属性
293,1405,100级_足/尾_防御向_生命值,0,生命值,,401,1260=1890|1890=2100|2100=2210,70,,5|3|0,15,1,2,装备主属性
294,1405,100级_足/尾_防御向_生命值,0,生命值,,392,1080=1620|1620=1800|1800=1890,60,,5|3|0,50,1,1,装备主属性
295,1405,100级_足/尾_防御向_物理防御,0,物理防御,,396,138=207|207=230|230=242,8,,5|3|0,50,1,1,装备主属性
296,1405,100级_足/尾_防御向_魔法防御,0,魔法防御,,397,138=207|207=230|230=242,8,,5|3|0,50,1,1,装备主属性
297,1405,100级_足/尾_防御向_暴击防护,0,暴击防护,,57,15=23|23=25|25=26,1,,5|3|0,50,1,2,装备主属性
298,1406,100级_饰品_攻击向_风属性技能伤害,0,风属性技能伤害,,172,1440=2160|2160=2400|2400=2520,80,,5|3|0,50,1,2,装备主属性
299,1406,100级_饰品_攻击向_地属性技能伤害,0,地属性技能伤害,,173,1440=2160|2160=2400|2400=2520,80,,5|3|0,50,1,2,装备主属性
300,1406,100级_饰品_攻击向_火属性技能伤害,0,火属性技能伤害,,174,1440=2160|2160=2400|2400=2520,80,,5|3|0,50,1,2,装备主属性
301,1406,100级_饰品_攻击向_水属性技能伤害,0,水属性技能伤害,,175,1440=2160|2160=2400|2400=2520,80,,5|3|0,50,1,2,装备主属性
302,1406,100级_饰品_攻击向_无属性技能伤害,0,无属性技能伤害,,176,1440=2160|2160=2400|2400=2520,80,,5|3|0,50,1,2,装备主属性
303,1407,100级_饰品_攻击向_风属性技能伤害,0,风属性技能伤害,,172,1440=2160|2160=2400|2400=2520,80,,5|3|0,50,1,2,装备主属性
304,1407,100级_饰品_攻击向_地属性技能伤害,0,地属性技能伤害,,173,1440=2160|2160=2400|2400=2520,80,,5|3|0,50,1,2,装备主属性
305,1407,100级_饰品_攻击向_火属性技能伤害,0,火属性技能伤害,,174,1440=2160|2160=2400|2400=2520,80,,5|3|0,50,1,2,装备主属性
306,1407,100级_饰品_攻击向_水属性技能伤害,0,水属性技能伤害,,175,1440=2160|2160=2400|2400=2520,80,,5|3|0,50,1,2,装备主属性
307,1407,100级_饰品_攻击向_无属性技能伤害,0,无属性技能伤害,,176,1440=2160|2160=2400|2400=2520,80,,5|3|0,50,1,2,装备主属性
308,1408,100级_饰品_防御向_受小体型魔物减伤,0,受小体型魔物减伤,,229,1160=1740|1740=1940|1940=2030,65,,5|3|0,50,1,2,装备主属性
309,1408,100级_饰品_防御向_受中体型魔物减伤,0,受中体型魔物减伤,,230,1160=1740|1740=1940|1940=2030,65,,5|3|0,50,1,2,装备主属性
310,1408,100级_饰品_防御向_受大体型魔物减伤,0,受大体型魔物减伤,,231,1160=1740|1740=1940|1940=2030,65,,5|3|0,50,1,2,装备主属性
311,1500,110级_武器_物理攻击_物理攻击,0,物理攻击,,393,194=292|292=324|324=340,11,,5|3|0,100,1,1,装备主属性
312,1501,110级_武器_魔法攻击_魔法攻击,0,魔法攻击,,394,194=292|292=324|324=340,11,,5|3|0,100,1,1,装备主属性
313,1502,110级_身_生命_生命值,0,生命值,,392,1210=1814|1814=2016|2016=2117,68,,5|3|0,100,1,1,装备主属性
314,1503,110级_头_攻击向_物理攻击,0,物理攻击,,402,1380=2070|2070=2300|2300=2420,77,,5|3|0,15,1,2,装备主属性
315,1503,110级_头_攻击向_物理攻击,0,物理攻击,,393,194=292|292=324|324=340,11,,5|3|0,50,1,1,装备主属性
316,1503,110级_头_攻击向_攻击速度%,0,攻击速度%,,71,1620=2430|2430=2700|2700=2840,90,,5|3|0,15,1,2,装备主属性
317,1503,110级_头_攻击向_暴伤%,0,暴伤%,,59,1620=2430|2430=2700|2700=2840,90,,5|3|0,25,1,2,装备主属性
318,1503,110级_头_攻击向_暴击,0,暴击,,55,34=51|51=57|57=60,2,,5|3|0,25,1,2,装备主属性
319,1504,110级_头_攻击向_魔法攻击,0,魔法攻击,,403,1380=2070|2070=2300|2300=2420,77,,5|3|0,15,1,2,装备主属性
320,1504,110级_头_攻击向_魔法攻击,0,魔法攻击,,394,194=292|292=324|324=340,11,,5|3|0,50,1,1,装备主属性
321,1504,110级_头_攻击向_CD冷却加速%,0,CD冷却加速%,,433,1620=2430|2430=2700|2700=2840,90,,5|3|0,15,1,2,装备主属性
322,1504,110级_头_攻击向_暴伤%,0,暴伤%,,59,1620=2430|2430=2700|2700=2840,90,,5|3|0,25,1,2,装备主属性
323,1504,110级_头_攻击向_暴击,0,暴击,,55,34=51|51=57|57=60,2,,5|3|0,25,1,2,装备主属性
324,1505,110级_足/尾_防御向_生命值,0,生命值,,401,1380=2070|2070=2300|2300=2420,77,,5|3|0,15,1,2,装备主属性
325,1505,110级_足/尾_防御向_生命值,0,生命值,,392,1210=1814|1814=2016|2016=2117,68,,5|3|0,50,1,1,装备主属性
326,1505,110级_足/尾_防御向_物理防御,0,物理防御,,396,155=233|233=259|259=272,9,,5|3|0,50,1,1,装备主属性
327,1505,110级_足/尾_防御向_魔法防御,0,魔法防御,,397,155=233|233=259|259=272,9,,5|3|0,50,1,1,装备主属性
328,1505,110级_足/尾_防御向_暴击防护,0,暴击防护,,57,17=26|26=29|29=30,1,,5|3|0,50,1,2,装备主属性
329,1506,110级_饰品_攻击向_风属性技能伤害,0,风属性技能伤害,,172,1620=2430|2430=2700|2700=2840,90,,5|3|0,50,1,2,装备主属性
330,1506,110级_饰品_攻击向_地属性技能伤害,0,地属性技能伤害,,173,1620=2430|2430=2700|2700=2840,90,,5|3|0,50,1,2,装备主属性
331,1506,110级_饰品_攻击向_火属性技能伤害,0,火属性技能伤害,,174,1620=2430|2430=2700|2700=2840,90,,5|3|0,50,1,2,装备主属性
332,1506,110级_饰品_攻击向_水属性技能伤害,0,水属性技能伤害,,175,1620=2430|2430=2700|2700=2840,90,,5|3|0,50,1,2,装备主属性
333,1506,110级_饰品_攻击向_无属性技能伤害,0,无属性技能伤害,,176,1620=2430|2430=2700|2700=2840,90,,5|3|0,50,1,2,装备主属性
334,1507,110级_饰品_攻击向_风属性技能伤害,0,风属性技能伤害,,172,1620=2430|2430=2700|2700=2840,90,,5|3|0,50,1,2,装备主属性
335,1507,110级_饰品_攻击向_地属性技能伤害,0,地属性技能伤害,,173,1620=2430|2430=2700|2700=2840,90,,5|3|0,50,1,2,装备主属性
336,1507,110级_饰品_攻击向_火属性技能伤害,0,火属性技能伤害,,174,1620=2430|2430=2700|2700=2840,90,,5|3|0,50,1,2,装备主属性
337,1507,110级_饰品_攻击向_水属性技能伤害,0,水属性技能伤害,,175,1620=2430|2430=2700|2700=2840,90,,5|3|0,50,1,2,装备主属性
338,1507,110级_饰品_攻击向_无属性技能伤害,0,无属性技能伤害,,176,1620=2430|2430=2700|2700=2840,90,,5|3|0,50,1,2,装备主属性
339,1508,110级_饰品_防御向_受小体型魔物减伤,0,受小体型魔物减伤,,229,1280=1910|1910=2130|2130=2230,71,,5|3|0,50,1,2,装备主属性
340,1508,110级_饰品_防御向_受中体型魔物减伤,0,受中体型魔物减伤,,230,1280=1910|1910=2130|2130=2230,71,,5|3|0,50,1,2,装备主属性
341,1508,110级_饰品_防御向_受大体型魔物减伤,0,受大体型魔物减伤,,231,1280=1910|1910=2130|2130=2230,71,,5|3|0,50,1,2,装备主属性
342,1600,120级_武器_物理攻击_物理攻击,0,物理攻击,,393,216=324|324=360|360=378,12,,5|3|0,100,1,1,装备主属性
343,1601,120级_武器_魔法攻击_魔法攻击,0,魔法攻击,,394,216=324|324=360|360=378,12,,5|3|0,100,1,1,装备主属性
344,1602,120级_身_生命_生命值,0,生命值,,392,1382=2074|2074=2304|2304=2419,77,,5|3|0,100,1,1,装备主属性
345,1603,120级_头_攻击向_物理攻击,0,物理攻击,,402,1500=2250|2250=2500|2500=2630,84,,5|3|0,15,1,2,装备主属性
346,1603,120级_头_攻击向_物理攻击,0,物理攻击,,393,216=324|324=360|360=378,12,,5|3|0,50,1,1,装备主属性
347,1603,120级_头_攻击向_攻击速度%,0,攻击速度%,,71,1800=2700|2700=3000|3000=3150,100,,5|3|0,15,1,2,装备主属性
348,1603,120级_头_攻击向_暴伤%,0,暴伤%,,59,1800=2700|2700=3000|3000=3150,100,,5|3|0,25,1,2,装备主属性
349,1603,120级_头_攻击向_暴击,0,暴击,,55,43=65|65=72|72=76,3,,5|3|0,25,1,2,装备主属性
350,1604,120级_头_攻击向_魔法攻击,0,魔法攻击,,403,1500=2250|2250=2500|2500=2630,84,,5|3|0,15,1,2,装备主属性
351,1604,120级_头_攻击向_魔法攻击,0,魔法攻击,,394,216=324|324=360|360=378,12,,5|3|0,50,1,1,装备主属性
352,1604,120级_头_攻击向_CD冷却加速%,0,CD冷却加速%,,433,1800=2700|2700=3000|3000=3150,100,,5|3|0,15,1,2,装备主属性
353,1604,120级_头_攻击向_暴伤%,0,暴伤%,,59,1800=2700|2700=3000|3000=3150,100,,5|3|0,25,1,2,装备主属性
354,1604,120级_头_攻击向_暴击,0,暴击,,55,43=65|65=72|72=76,3,,5|3|0,25,1,2,装备主属性
355,1605,120级_足/尾_防御向_生命值,0,生命值,,401,1500=2250|2250=2500|2500=2630,84,,5|3|0,15,1,2,装备主属性
356,1605,120级_足/尾_防御向_生命值,0,生命值,,392,1382=2074|2074=2304|2304=2419,77,,5|3|0,50,1,1,装备主属性
357,1605,120级_足/尾_防御向_物理防御,0,物理防御,,396,173=259|259=288|288=302,10,,5|3|0,50,1,1,装备主属性
358,1605,120级_足/尾_防御向_魔法防御,0,魔法防御,,397,173=259|259=288|288=302,10,,5|3|0,50,1,1,装备主属性
359,1605,120级_足/尾_防御向_暴击防护,0,暴击防护,,57,22=32|32=36|36=38,2,,5|3|0,50,1,2,装备主属性
360,1606,120级_饰品_攻击向_风属性技能伤害,0,风属性技能伤害,,172,1800=2700|2700=3000|3000=3150,100,,5|3|0,50,1,2,装备主属性
361,1606,120级_饰品_攻击向_地属性技能伤害,0,地属性技能伤害,,173,1800=2700|2700=3000|3000=3150,100,,5|3|0,50,1,2,装备主属性
362,1606,120级_饰品_攻击向_火属性技能伤害,0,火属性技能伤害,,174,1800=2700|2700=3000|3000=3150,100,,5|3|0,50,1,2,装备主属性
363,1606,120级_饰品_攻击向_水属性技能伤害,0,水属性技能伤害,,175,1800=2700|2700=3000|3000=3150,100,,5|3|0,50,1,2,装备主属性
364,1606,120级_饰品_攻击向_无属性技能伤害,0,无属性技能伤害,,176,1800=2700|2700=3000|3000=3150,100,,5|3|0,50,1,2,装备主属性
365,1607,120级_饰品_攻击向_风属性技能伤害,0,风属性技能伤害,,172,1800=2700|2700=3000|3000=3150,100,,5|3|0,50,1,2,装备主属性
366,1607,120级_饰品_攻击向_地属性技能伤害,0,地属性技能伤害,,173,1800=2700|2700=3000|3000=3150,100,,5|3|0,50,1,2,装备主属性
367,1607,120级_饰品_攻击向_火属性技能伤害,0,火属性技能伤害,,174,1800=2700|2700=3000|3000=3150,100,,5|3|0,50,1,2,装备主属性
368,1607,120级_饰品_攻击向_水属性技能伤害,0,水属性技能伤害,,175,1800=2700|2700=3000|3000=3150,100,,5|3|0,50,1,2,装备主属性
369,1607,120级_饰品_攻击向_无属性技能伤害,0,无属性技能伤害,,176,1800=2700|2700=3000|3000=3150,100,,5|3|0,50,1,2,装备主属性
370,1608,120级_饰品_防御向_受小体型魔物减伤,0,受小体型魔物减伤,,229,1380=2080|2080=2310|2310=2420,77,,5|3|0,50,1,2,装备主属性
371,1608,120级_饰品_防御向_受中体型魔物减伤,0,受中体型魔物减伤,,230,1380=2080|2080=2310|2310=2420,77,,5|3|0,50,1,2,装备主属性
372,1608,120级_饰品_防御向_受大体型魔物减伤,0,受大体型魔物减伤,,231,1380=2080|2080=2310|2310=2420,77,,5|3|0,50,1,2,装备主属性
373,1100,40级_武器_物理攻击_物理攻击,0,物理攻击,,393,22=32|32=36|36=38,2,,5|3|1,100,1,1,装备主属性
374,1101,40级_武器_魔法攻击_魔法攻击,0,魔法攻击,,394,22=32|32=36|36=38,2,,5|3|1,100,1,1,装备主属性
375,1102,40级_身_生命_生命值,0,生命值,,392,77=116|116=129|129=135,5,,5|3|1,100,1,1,装备主属性
376,1103,40级_头_攻击向_物理攻击,0,物理攻击,,402,300=450|450=500|500=530,17,,5|3|1,15,1,2,装备主属性
377,1103,40级_头_攻击向_物理攻击,0,物理攻击,,393,22=32|32=36|36=38,2,,5|3|1,50,1,1,装备主属性
378,1103,40级_头_攻击向_攻击速度%,0,攻击速度%,,71,180=270|270=300|300=320,10,,5|3|1,15,1,2,装备主属性
379,1103,40级_头_攻击向_暴伤%,0,暴伤%,,59,180=270|270=300|300=320,10,,5|3|1,25,1,2,装备主属性
380,1103,40级_头_攻击向_暴击,0,暴击,,55,2=3|3=3|3=3,1,,5|3|1,0,1,2,装备主属性
381,1104,40级_头_攻击向_魔法攻击,0,魔法攻击,,403,300=450|450=500|500=530,17,,5|3|1,15,1,2,装备主属性
382,1104,40级_头_攻击向_魔法攻击,0,魔法攻击,,394,22=32|32=36|36=38,2,,5|3|1,50,1,1,装备主属性
383,1104,40级_头_攻击向_CD冷却加速%,0,CD冷却加速%,,433,180=270|270=300|300=320,10,,5|3|1,15,1,2,装备主属性
384,1104,40级_头_攻击向_暴伤%,0,暴伤%,,59,180=270|270=300|300=320,10,,5|3|1,25,1,2,装备主属性
385,1104,40级_头_攻击向_暴击,0,暴击,,55,2=3|3=3|3=3,1,,5|3|1,0,1,2,装备主属性
386,1105,40级_足/尾_防御向_生命值,0,生命值,,401,300=450|450=500|500=530,17,,5|3|1,15,1,2,装备主属性
387,1105,40级_足/尾_防御向_生命值,0,生命值,,392,77=116|116=129|129=135,5,,5|3|1,50,1,1,装备主属性
388,1105,40级_足/尾_防御向_物理防御,0,物理防御,,396,17=26|26=29|29=30,1,,5|3|1,50,1,1,装备主属性
389,1105,40级_足/尾_防御向_魔法防御,0,魔法防御,,397,17=26|26=29|29=30,1,,5|3|1,50,1,1,装备主属性
390,1105,40级_足/尾_防御向_暴击防护,0,暴击防护,,57,1=2|2=2|2=2,1,,5|3|1,0,1,2,装备主属性
391,1106,40级_饰品_攻击向_风属性技能伤害,0,风属性技能伤害,,172,180=270|270=300|300=320,10,,5|3|1,50,1,2,装备主属性
392,1106,40级_饰品_攻击向_地属性技能伤害,0,地属性技能伤害,,173,180=270|270=300|300=320,10,,5|3|1,50,1,2,装备主属性
393,1106,40级_饰品_攻击向_火属性技能伤害,0,火属性技能伤害,,174,180=270|270=300|300=320,10,,5|3|1,50,1,2,装备主属性
394,1106,40级_饰品_攻击向_水属性技能伤害,0,水属性技能伤害,,175,180=270|270=300|300=320,10,,5|3|1,50,1,2,装备主属性
395,1106,40级_饰品_攻击向_无属性技能伤害,0,无属性技能伤害,,176,180=270|270=300|300=320,10,,5|3|1,50,1,2,装备主属性
396,1107,40级_饰品_攻击向_风属性技能伤害,0,风属性技能伤害,,172,180=270|270=300|300=320,10,,5|3|1,50,1,2,装备主属性
397,1107,40级_饰品_攻击向_地属性技能伤害,0,地属性技能伤害,,173,180=270|270=300|300=320,10,,5|3|1,50,1,2,装备主属性
398,1107,40级_饰品_攻击向_火属性技能伤害,0,火属性技能伤害,,174,180=270|270=300|300=320,10,,5|3|1,50,1,2,装备主属性
399,1107,40级_饰品_攻击向_水属性技能伤害,0,水属性技能伤害,,175,180=270|270=300|300=320,10,,5|3|1,50,1,2,装备主属性
400,1107,40级_饰品_攻击向_无属性技能伤害,0,无属性技能伤害,,176,180=270|270=300|300=320,10,,5|3|1,50,1,2,装备主属性
401,1108,40级_饰品_防御向_受小体型魔物减伤,0,受小体型魔物减伤,,229,170=260|260=290|290=310,10,,5|3|1,50,1,2,装备主属性
402,1108,40级_饰品_防御向_受中体型魔物减伤,0,受中体型魔物减伤,,230,170=260|260=290|290=310,10,,5|3|1,50,1,2,装备主属性
403,1108,40级_饰品_防御向_受大体型魔物减伤,0,受大体型魔物减伤,,231,170=260|260=290|290=310,10,,5|3|1,50,1,2,装备主属性
404,1200,70级_武器_物理攻击_物理攻击,0,物理攻击,,393,76=113|113=126|126=132,5,,5|3|1,100,1,1,装备主属性
405,1201,70级_武器_魔法攻击_魔法攻击,0,魔法攻击,,394,76=113|113=126|126=132,5,,5|3|1,100,1,1,装备主属性
406,1202,70级_身_生命_生命值,0,生命值,,392,337=505|505=561|561=589,19,,5|3|1,100,1,1,装备主属性
407,1203,70级_头_攻击向_物理攻击,0,物理攻击,,402,780=1170|1170=1300|1300=1370,44,,5|3|1,15,1,2,装备主属性
408,1203,70级_头_攻击向_物理攻击,0,物理攻击,,393,76=113|113=126|126=132,5,,5|3|1,50,1,1,装备主属性
409,1203,70级_头_攻击向_攻击速度%,0,攻击速度%,,71,720=1080|1080=1200|1200=1260,40,,5|3|1,15,1,2,装备主属性
410,1203,70级_头_攻击向_暴伤%,0,暴伤%,,59,720=1080|1080=1200|1200=1260,40,,5|3|1,25,1,2,装备主属性
411,1203,70级_头_攻击向_暴击,0,暴击,,55,13=19|19=21|21=22,1,,5|3|1,25,1,2,装备主属性
412,1204,70级_头_攻击向_魔法攻击,0,魔法攻击,,403,780=1170|1170=1300|1300=1370,44,,5|3|1,15,1,2,装备主属性
413,1204,70级_头_攻击向_魔法攻击,0,魔法攻击,,394,76=113|113=126|126=132,5,,5|3|1,50,1,1,装备主属性
414,1204,70级_头_攻击向_CD冷却加速%,0,CD冷却加速%,,433,720=1080|1080=1200|1200=1260,40,,5|3|1,15,1,2,装备主属性
415,1204,70级_头_攻击向_暴伤%,0,暴伤%,,59,720=1080|1080=1200|1200=1260,40,,5|3|1,25,1,2,装备主属性
416,1204,70级_头_攻击向_暴击,0,暴击,,55,13=19|19=21|21=22,1,,5|3|1,25,1,2,装备主属性
417,1205,70级_足/尾_防御向_生命值,0,生命值,,401,780=1170|1170=1300|1300=1370,44,,5|3|1,15,1,2,装备主属性
418,1205,70级_足/尾_防御向_生命值,0,生命值,,392,337=505|505=561|561=589,19,,5|3|1,50,1,1,装备主属性
419,1205,70级_足/尾_防御向_物理防御,0,物理防御,,396,61=91|91=101|101=106,4,,5|3|1,50,1,1,装备主属性
420,1205,70级_足/尾_防御向_魔法防御,0,魔法防御,,397,61=91|91=101|101=106,4,,5|3|1,50,1,1,装备主属性
421,1205,70级_足/尾_防御向_暴击防护,0,暴击防护,,57,7=10|10=11|11=12,1,,5|3|1,50,1,2,装备主属性
422,1206,70级_饰品_攻击向_风属性技能伤害,0,风属性技能伤害,,172,720=1080|1080=1200|1200=1260,40,,5|3|1,50,1,2,装备主属性
423,1206,70级_饰品_攻击向_地属性技能伤害,0,地属性技能伤害,,173,720=1080|1080=1200|1200=1260,40,,5|3|1,50,1,2,装备主属性
424,1206,70级_饰品_攻击向_火属性技能伤害,0,火属性技能伤害,,174,720=1080|1080=1200|1200=1260,40,,5|3|1,50,1,2,装备主属性
425,1206,70级_饰品_攻击向_水属性技能伤害,0,水属性技能伤害,,175,720=1080|1080=1200|1200=1260,40,,5|3|1,50,1,2,装备主属性
426,1206,70级_饰品_攻击向_无属性技能伤害,0,无属性技能伤害,,176,720=1080|1080=1200|1200=1260,40,,5|3|1,50,1,2,装备主属性
427,1207,70级_饰品_攻击向_风属性技能伤害,0,风属性技能伤害,,172,720=1080|1080=1200|1200=1260,40,,5|3|1,50,1,2,装备主属性
428,1207,70级_饰品_攻击向_地属性技能伤害,0,地属性技能伤害,,173,720=1080|1080=1200|1200=1260,40,,5|3|1,50,1,2,装备主属性
429,1207,70级_饰品_攻击向_火属性技能伤害,0,火属性技能伤害,,174,720=1080|1080=1200|1200=1260,40,,5|3|1,50,1,2,装备主属性
430,1207,70级_饰品_攻击向_水属性技能伤害,0,水属性技能伤害,,175,720=1080|1080=1200|1200=1260,40,,5|3|1,50,1,2,装备主属性
431,1207,70级_饰品_攻击向_无属性技能伤害,0,无属性技能伤害,,176,720=1080|1080=1200|1200=1260,40,,5|3|1,50,1,2,装备主属性
432,1208,70级_饰品_防御向_受小体型魔物减伤,0,受小体型魔物减伤,,229,640=960|960=1070|1070=1120,36,,5|3|1,50,1,2,装备主属性
433,1208,70级_饰品_防御向_受中体型魔物减伤,0,受中体型魔物减伤,,230,640=960|960=1070|1070=1120,36,,5|3|1,50,1,2,装备主属性
434,1208,70级_饰品_防御向_受大体型魔物减伤,0,受大体型魔物减伤,,231,640=960|960=1070|1070=1120,36,,5|3|1,50,1,2,装备主属性
435,1300,85级_武器_物理攻击_物理攻击,0,物理攻击,,393,130=194|194=216|216=227,8,,5|3|1,100,1,1,装备主属性
436,1301,85级_武器_魔法攻击_魔法攻击,0,魔法攻击,,394,130=194|194=216|216=227,8,,5|3|1,100,1,1,装备主属性
437,1302,85级_身_生命_生命值,0,生命值,,392,648=972|972=1080|1080=1134,36,,5|3|1,100,1,1,装备主属性
438,1303,85级_头_攻击向_物理攻击,0,物理攻击,,402,1020=1530|1530=1700|1700=1790,57,,5|3|1,15,1,2,装备主属性
439,1303,85级_头_攻击向_物理攻击,0,物理攻击,,393,130=194|194=216|216=227,8,,5|3|1,50,1,1,装备主属性
440,1303,85级_头_攻击向_攻击速度%,0,攻击速度%,,71,1080=1620|1620=1800|1800=1890,60,,5|3|1,15,1,2,装备主属性
441,1303,85级_头_攻击向_暴伤%,0,暴伤%,,59,1080=1620|1620=1800|1800=1890,60,,5|3|1,25,1,2,装备主属性
442,1303,85级_头_攻击向_暴击,0,暴击,,55,22=32|32=36|36=38,2,,5|3|1,25,1,2,装备主属性
443,1304,85级_头_攻击向_魔法攻击,0,魔法攻击,,403,1020=1530|1530=1700|1700=1790,57,,5|3|1,15,1,2,装备主属性
444,1304,85级_头_攻击向_魔法攻击,0,魔法攻击,,394,130=194|194=216|216=227,8,,5|3|1,50,1,1,装备主属性
445,1304,85级_头_攻击向_CD冷却加速%,0,CD冷却加速%,,433,1080=1620|1620=1800|1800=1890,60,,5|3|1,15,1,2,装备主属性
446,1304,85级_头_攻击向_暴伤%,0,暴伤%,,59,1080=1620|1620=1800|1800=1890,60,,5|3|1,25,1,2,装备主属性
447,1304,85级_头_攻击向_暴击,0,暴击,,55,22=32|32=36|36=38,2,,5|3|1,25,1,2,装备主属性
448,1305,85级_足/尾_防御向_生命值,0,生命值,,401,1020=1530|1530=1700|1700=1790,57,,5|3|1,15,1,2,装备主属性
449,1305,85级_足/尾_防御向_生命值,0,生命值,,392,648=972|972=1080|1080=1134,36,,5|3|1,50,1,1,装备主属性
450,1305,85级_足/尾_防御向_物理防御,0,物理防御,,396,104=156|156=173|173=182,6,,5|3|1,50,1,1,装备主属性
451,1305,85级_足/尾_防御向_魔法防御,0,魔法防御,,397,104=156|156=173|173=182,6,,5|3|1,50,1,1,装备主属性
452,1305,85级_足/尾_防御向_暴击防护,0,暴击防护,,57,11=16|16=18|18=19,1,,5|3|1,50,1,2,装备主属性
453,1306,85级_饰品_攻击向_风属性技能伤害,0,风属性技能伤害,,172,1080=1620|1620=1800|1800=1890,60,,5|3|1,50,1,2,装备主属性
454,1306,85级_饰品_攻击向_地属性技能伤害,0,地属性技能伤害,,173,1080=1620|1620=1800|1800=1890,60,,5|3|1,50,1,2,装备主属性
455,1306,85级_饰品_攻击向_火属性技能伤害,0,火属性技能伤害,,174,1080=1620|1620=1800|1800=1890,60,,5|3|1,50,1,2,装备主属性
456,1306,85级_饰品_攻击向_水属性技能伤害,0,水属性技能伤害,,175,1080=1620|1620=1800|1800=1890,60,,5|3|1,50,1,2,装备主属性
457,1306,85级_饰品_攻击向_无属性技能伤害,0,无属性技能伤害,,176,1080=1620|1620=1800|1800=1890,60,,5|3|1,50,1,2,装备主属性
458,1307,85级_饰品_攻击向_风属性技能伤害,0,风属性技能伤害,,172,1080=1620|1620=1800|1800=1890,60,,5|3|1,50,1,2,装备主属性
459,1307,85级_饰品_攻击向_地属性技能伤害,0,地属性技能伤害,,173,1080=1620|1620=1800|1800=1890,60,,5|3|1,50,1,2,装备主属性
460,1307,85级_饰品_攻击向_火属性技能伤害,0,火属性技能伤害,,174,1080=1620|1620=1800|1800=1890,60,,5|3|1,50,1,2,装备主属性
461,1307,85级_饰品_攻击向_水属性技能伤害,0,水属性技能伤害,,175,1080=1620|1620=1800|1800=1890,60,,5|3|1,50,1,2,装备主属性
462,1307,85级_饰品_攻击向_无属性技能伤害,0,无属性技能伤害,,176,1080=1620|1620=1800|1800=1890,60,,5|3|1,50,1,2,装备主属性
463,1308,85级_饰品_防御向_受小体型魔物减伤,0,受小体型魔物减伤,,229,920=1370|1370=1530|1530=1600,51,,5|3|1,50,1,2,装备主属性
464,1308,85级_饰品_防御向_受中体型魔物减伤,0,受中体型魔物减伤,,230,920=1370|1370=1530|1530=1600,51,,5|3|1,50,1,2,装备主属性
465,1308,85级_饰品_防御向_受大体型魔物减伤,0,受大体型魔物减伤,,231,920=1370|1370=1530|1530=1600,51,,5|3|1,50,1,2,装备主属性
466,1400,100级_武器_物理攻击_物理攻击,0,物理攻击,,393,173=259|259=288|288=302,10,,5|3|1,100,1,1,装备主属性
467,1401,100级_武器_魔法攻击_魔法攻击,0,魔法攻击,,394,173=259|259=288|288=302,10,,5|3|1,100,1,1,装备主属性
468,1402,100级_身_生命_生命值,0,生命值,,392,1080=1620|1620=1800|1800=1890,60,,5|3|1,100,1,1,装备主属性
469,1403,100级_头_攻击向_物理攻击,0,物理攻击,,402,1260=1890|1890=2100|2100=2210,70,,5|3|1,15,1,2,装备主属性
470,1403,100级_头_攻击向_物理攻击,0,物理攻击,,393,173=259|259=288|288=302,10,,5|3|1,50,1,1,装备主属性
471,1403,100级_头_攻击向_攻击速度%,0,攻击速度%,,71,1440=2160|2160=2400|2400=2520,80,,5|3|1,15,1,2,装备主属性
472,1403,100级_头_攻击向_暴伤%,0,暴伤%,,59,1440=2160|2160=2400|2400=2520,80,,5|3|1,25,1,2,装备主属性
473,1403,100级_头_攻击向_暴击,0,暴击,,55,30=45|45=50|50=53,2,,5|3|1,25,1,2,装备主属性
474,1404,100级_头_攻击向_魔法攻击,0,魔法攻击,,403,1260=1890|1890=2100|2100=2210,70,,5|3|1,15,1,2,装备主属性
475,1404,100级_头_攻击向_魔法攻击,0,魔法攻击,,394,173=259|259=288|288=302,10,,5|3|1,50,1,1,装备主属性
476,1404,100级_头_攻击向_CD冷却加速%,0,CD冷却加速%,,433,1440=2160|2160=2400|2400=2520,80,,5|3|1,15,1,2,装备主属性
477,1404,100级_头_攻击向_暴伤%,0,暴伤%,,59,1440=2160|2160=2400|2400=2520,80,,5|3|1,25,1,2,装备主属性
478,1404,100级_头_攻击向_暴击,0,暴击,,55,30=45|45=50|50=53,2,,5|3|1,25,1,2,装备主属性
479,1405,100级_足/尾_防御向_生命值,0,生命值,,401,1260=1890|1890=2100|2100=2210,70,,5|3|1,15,1,2,装备主属性
480,1405,100级_足/尾_防御向_生命值,0,生命值,,392,1080=1620|1620=1800|1800=1890,60,,5|3|1,50,1,1,装备主属性
481,1405,100级_足/尾_防御向_物理防御,0,物理防御,,396,138=207|207=230|230=242,8,,5|3|1,50,1,1,装备主属性
482,1405,100级_足/尾_防御向_魔法防御,0,魔法防御,,397,138=207|207=230|230=242,8,,5|3|1,50,1,1,装备主属性
483,1405,100级_足/尾_防御向_暴击防护,0,暴击防护,,57,15=23|23=25|25=26,1,,5|3|1,50,1,2,装备主属性
484,1406,100级_饰品_攻击向_风属性技能伤害,0,风属性技能伤害,,172,1440=2160|2160=2400|2400=2520,80,,5|3|1,50,1,2,装备主属性
485,1406,100级_饰品_攻击向_地属性技能伤害,0,地属性技能伤害,,173,1440=2160|2160=2400|2400=2520,80,,5|3|1,50,1,2,装备主属性
486,1406,100级_饰品_攻击向_火属性技能伤害,0,火属性技能伤害,,174,1440=2160|2160=2400|2400=2520,80,,5|3|1,50,1,2,装备主属性
487,1406,100级_饰品_攻击向_水属性技能伤害,0,水属性技能伤害,,175,1440=2160|2160=2400|2400=2520,80,,5|3|1,50,1,2,装备主属性
488,1406,100级_饰品_攻击向_无属性技能伤害,0,无属性技能伤害,,176,1440=2160|2160=2400|2400=2520,80,,5|3|1,50,1,2,装备主属性
489,1407,100级_饰品_攻击向_风属性技能伤害,0,风属性技能伤害,,172,1440=2160|2160=2400|2400=2520,80,,5|3|1,50,1,2,装备主属性
490,1407,100级_饰品_攻击向_地属性技能伤害,0,地属性技能伤害,,173,1440=2160|2160=2400|2400=2520,80,,5|3|1,50,1,2,装备主属性
491,1407,100级_饰品_攻击向_火属性技能伤害,0,火属性技能伤害,,174,1440=2160|2160=2400|2400=2520,80,,5|3|1,50,1,2,装备主属性
492,1407,100级_饰品_攻击向_水属性技能伤害,0,水属性技能伤害,,175,1440=2160|2160=2400|2400=2520,80,,5|3|1,50,1,2,装备主属性
493,1407,100级_饰品_攻击向_无属性技能伤害,0,无属性技能伤害,,176,1440=2160|2160=2400|2400=2520,80,,5|3|1,50,1,2,装备主属性
494,1408,100级_饰品_防御向_受小体型魔物减伤,0,受小体型魔物减伤,,229,1160=1740|1740=1940|1940=2030,65,,5|3|1,50,1,2,装备主属性
495,1408,100级_饰品_防御向_受中体型魔物减伤,0,受中体型魔物减伤,,230,1160=1740|1740=1940|1940=2030,65,,5|3|1,50,1,2,装备主属性
496,1408,100级_饰品_防御向_受大体型魔物减伤,0,受大体型魔物减伤,,231,1160=1740|1740=1940|1940=2030,65,,5|3|1,50,1,2,装备主属性
497,1500,110级_武器_物理攻击_物理攻击,0,物理攻击,,393,194=292|292=324|324=340,11,,5|3|1,100,1,1,装备主属性
498,1501,110级_武器_魔法攻击_魔法攻击,0,魔法攻击,,394,194=292|292=324|324=340,11,,5|3|1,100,1,1,装备主属性
499,1502,110级_身_生命_生命值,0,生命值,,392,1210=1814|1814=2016|2016=2117,68,,5|3|1,100,1,1,装备主属性
500,1503,110级_头_攻击向_物理攻击,0,物理攻击,,402,1380=2070|2070=2300|2300=2420,77,,5|3|1,15,1,2,装备主属性
501,1503,110级_头_攻击向_物理攻击,0,物理攻击,,393,194=292|292=324|324=340,11,,5|3|1,50,1,1,装备主属性
502,1503,110级_头_攻击向_攻击速度%,0,攻击速度%,,71,1620=2430|2430=2700|2700=2840,90,,5|3|1,15,1,2,装备主属性
503,1503,110级_头_攻击向_暴伤%,0,暴伤%,,59,1620=2430|2430=2700|2700=2840,90,,5|3|1,25,1,2,装备主属性
504,1503,110级_头_攻击向_暴击,0,暴击,,55,34=51|51=57|57=60,2,,5|3|1,25,1,2,装备主属性
505,1504,110级_头_攻击向_魔法攻击,0,魔法攻击,,403,1380=2070|2070=2300|2300=2420,77,,5|3|1,15,1,2,装备主属性
506,1504,110级_头_攻击向_魔法攻击,0,魔法攻击,,394,194=292|292=324|324=340,11,,5|3|1,50,1,1,装备主属性
507,1504,110级_头_攻击向_CD冷却加速%,0,CD冷却加速%,,433,1620=2430|2430=2700|2700=2840,90,,5|3|1,15,1,2,装备主属性
508,1504,110级_头_攻击向_暴伤%,0,暴伤%,,59,1620=2430|2430=2700|2700=2840,90,,5|3|1,25,1,2,装备主属性
509,1504,110级_头_攻击向_暴击,0,暴击,,55,34=51|51=57|57=60,2,,5|3|1,25,1,2,装备主属性
510,1505,110级_足/尾_防御向_生命值,0,生命值,,401,1380=2070|2070=2300|2300=2420,77,,5|3|1,15,1,2,装备主属性
511,1505,110级_足/尾_防御向_生命值,0,生命值,,392,1210=1814|1814=2016|2016=2117,68,,5|3|1,50,1,1,装备主属性
512,1505,110级_足/尾_防御向_物理防御,0,物理防御,,396,155=233|233=259|259=272,9,,5|3|1,50,1,1,装备主属性
513,1505,110级_足/尾_防御向_魔法防御,0,魔法防御,,397,155=233|233=259|259=272,9,,5|3|1,50,1,1,装备主属性
514,1505,110级_足/尾_防御向_暴击防护,0,暴击防护,,57,17=26|26=29|29=30,1,,5|3|1,50,1,2,装备主属性
515,1506,110级_饰品_攻击向_风属性技能伤害,0,风属性技能伤害,,172,1620=2430|2430=2700|2700=2840,90,,5|3|1,50,1,2,装备主属性
516,1506,110级_饰品_攻击向_地属性技能伤害,0,地属性技能伤害,,173,1620=2430|2430=2700|2700=2840,90,,5|3|1,50,1,2,装备主属性
517,1506,110级_饰品_攻击向_火属性技能伤害,0,火属性技能伤害,,174,1620=2430|2430=2700|2700=2840,90,,5|3|1,50,1,2,装备主属性
518,1506,110级_饰品_攻击向_水属性技能伤害,0,水属性技能伤害,,175,1620=2430|2430=2700|2700=2840,90,,5|3|1,50,1,2,装备主属性
519,1506,110级_饰品_攻击向_无属性技能伤害,0,无属性技能伤害,,176,1620=2430|2430=2700|2700=2840,90,,5|3|1,50,1,2,装备主属性
520,1507,110级_饰品_攻击向_风属性技能伤害,0,风属性技能伤害,,172,1620=2430|2430=2700|2700=2840,90,,5|3|1,50,1,2,装备主属性
521,1507,110级_饰品_攻击向_地属性技能伤害,0,地属性技能伤害,,173,1620=2430|2430=2700|2700=2840,90,,5|3|1,50,1,2,装备主属性
522,1507,110级_饰品_攻击向_火属性技能伤害,0,火属性技能伤害,,174,1620=2430|2430=2700|2700=2840,90,,5|3|1,50,1,2,装备主属性
523,1507,110级_饰品_攻击向_水属性技能伤害,0,水属性技能伤害,,175,1620=2430|2430=2700|2700=2840,90,,5|3|1,50,1,2,装备主属性
524,1507,110级_饰品_攻击向_无属性技能伤害,0,无属性技能伤害,,176,1620=2430|2430=2700|2700=2840,90,,5|3|1,50,1,2,装备主属性
525,1508,110级_饰品_防御向_受小体型魔物减伤,0,受小体型魔物减伤,,229,1280=1910|1910=2130|2130=2230,71,,5|3|1,50,1,2,装备主属性
526,1508,110级_饰品_防御向_受中体型魔物减伤,0,受中体型魔物减伤,,230,1280=1910|1910=2130|2130=2230,71,,5|3|1,50,1,2,装备主属性
527,1508,110级_饰品_防御向_受大体型魔物减伤,0,受大体型魔物减伤,,231,1280=1910|1910=2130|2130=2230,71,,5|3|1,50,1,2,装备主属性
528,1600,120级_武器_物理攻击_物理攻击,0,物理攻击,,393,216=324|324=360|360=378,12,,5|3|1,100,1,1,装备主属性
529,1601,120级_武器_魔法攻击_魔法攻击,0,魔法攻击,,394,216=324|324=360|360=378,12,,5|3|1,100,1,1,装备主属性
530,1602,120级_身_生命_生命值,0,生命值,,392,1382=2074|2074=2304|2304=2419,77,,5|3|1,100,1,1,装备主属性
531,1603,120级_头_攻击向_物理攻击,0,物理攻击,,402,1500=2250|2250=2500|2500=2630,84,,5|3|1,15,1,2,装备主属性
532,1603,120级_头_攻击向_物理攻击,0,物理攻击,,393,216=324|324=360|360=378,12,,5|3|1,50,1,1,装备主属性
533,1603,120级_头_攻击向_攻击速度%,0,攻击速度%,,71,1800=2700|2700=3000|3000=3150,100,,5|3|1,15,1,2,装备主属性
534,1603,120级_头_攻击向_暴伤%,0,暴伤%,,59,1800=2700|2700=3000|3000=3150,100,,5|3|1,25,1,2,装备主属性
535,1603,120级_头_攻击向_暴击,0,暴击,,55,43=65|65=72|72=76,3,,5|3|1,25,1,2,装备主属性
536,1604,120级_头_攻击向_魔法攻击,0,魔法攻击,,403,1500=2250|2250=2500|2500=2630,84,,5|3|1,15,1,2,装备主属性
537,1604,120级_头_攻击向_魔法攻击,0,魔法攻击,,394,216=324|324=360|360=378,12,,5|3|1,50,1,1,装备主属性
538,1604,120级_头_攻击向_CD冷却加速%,0,CD冷却加速%,,433,1800=2700|2700=3000|3000=3150,100,,5|3|1,15,1,2,装备主属性
539,1604,120级_头_攻击向_暴伤%,0,暴伤%,,59,1800=2700|2700=3000|3000=3150,100,,5|3|1,25,1,2,装备主属性
540,1604,120级_头_攻击向_暴击,0,暴击,,55,43=65|65=72|72=76,3,,5|3|1,25,1,2,装备主属性
541,1605,120级_足/尾_防御向_生命值,0,生命值,,401,1500=2250|2250=2500|2500=2630,84,,5|3|1,15,1,2,装备主属性
542,1605,120级_足/尾_防御向_生命值,0,生命值,,392,1382=2074|2074=2304|2304=2419,77,,5|3|1,50,1,1,装备主属性
543,1605,120级_足/尾_防御向_物理防御,0,物理防御,,396,173=259|259=288|288=302,10,,5|3|1,50,1,1,装备主属性
544,1605,120级_足/尾_防御向_魔法防御,0,魔法防御,,397,173=259|259=288|288=302,10,,5|3|1,50,1,1,装备主属性
545,1605,120级_足/尾_防御向_暴击防护,0,暴击防护,,57,22=32|32=36|36=38,2,,5|3|1,50,1,2,装备主属性
546,1606,120级_饰品_攻击向_风属性技能伤害,0,风属性技能伤害,,172,1800=2700|2700=3000|3000=3150,100,,5|3|1,50,1,2,装备主属性
547,1606,120级_饰品_攻击向_地属性技能伤害,0,地属性技能伤害,,173,1800=2700|2700=3000|3000=3150,100,,5|3|1,50,1,2,装备主属性
548,1606,120级_饰品_攻击向_火属性技能伤害,0,火属性技能伤害,,174,1800=2700|2700=3000|3000=3150,100,,5|3|1,50,1,2,装备主属性
549,1606,120级_饰品_攻击向_水属性技能伤害,0,水属性技能伤害,,175,1800=2700|2700=3000|3000=3150,100,,5|3|1,50,1,2,装备主属性
550,1606,120级_饰品_攻击向_无属性技能伤害,0,无属性技能伤害,,176,1800=2700|2700=3000|3000=3150,100,,5|3|1,50,1,2,装备主属性
551,1607,120级_饰品_攻击向_风属性技能伤害,0,风属性技能伤害,,172,1800=2700|2700=3000|3000=3150,100,,5|3|1,50,1,2,装备主属性
552,1607,120级_饰品_攻击向_地属性技能伤害,0,地属性技能伤害,,173,1800=2700|2700=3000|3000=3150,100,,5|3|1,50,1,2,装备主属性
553,1607,120级_饰品_攻击向_火属性技能伤害,0,火属性技能伤害,,174,1800=2700|2700=3000|3000=3150,100,,5|3|1,50,1,2,装备主属性
554,1607,120级_饰品_攻击向_水属性技能伤害,0,水属性技能伤害,,175,1800=2700|2700=3000|3000=3150,100,,5|3|1,50,1,2,装备主属性
555,1607,120级_饰品_攻击向_无属性技能伤害,0,无属性技能伤害,,176,1800=2700|2700=3000|3000=3150,100,,5|3|1,50,1,2,装备主属性
556,1608,120级_饰品_防御向_受小体型魔物减伤,0,受小体型魔物减伤,,229,1380=2080|2080=2310|2310=2420,77,,5|3|1,50,1,2,装备主属性
557,1608,120级_饰品_防御向_受中体型魔物减伤,0,受中体型魔物减伤,,230,1380=2080|2080=2310|2310=2420,77,,5|3|1,50,1,2,装备主属性
558,1608,120级_饰品_防御向_受大体型魔物减伤,0,受大体型魔物减伤,,231,1380=2080|2080=2310|2310=2420,77,,5|3|1,50,1,2,装备主属性
559,2100,40级_武器_物理攻击_暴击,0,暴击,,55,2=2|2=2|2=2,,,5|3|1,0,1,2,装备副属性
560,2100,40级_武器_物理攻击_暴伤%,0,暴伤%,,59,120=130|130=150|150=180,,,5|3|1,50,1,2,装备副属性
561,2100,40级_武器_物理攻击_物伤加成%,0,物伤加成%,,65,120=130|130=150|150=180,,,5|3|1,25,1,2,装备副属性
562,2100,40级_武器_物理攻击_物理防御,0,物理防御,,396,29=32|32=36|36=43,,,5|3|1,25,1,1,装备副属性
563,2100,40级_武器_物理攻击_魔法防御,0,魔法防御,,397,29=32|32=36|36=43,,,5|3|1,25,1,1,装备副属性
564,2100,40级_武器_物理攻击_蓝量,0,蓝量,,395,29=32|32=36|36=43,,,5|3|1,25,1,1,装备副属性
565,2100,40级_武器_物理攻击_暴击防护,0,暴击防护,,57,2=2|2=2|2=2,,,5|3|1,0,1,2,装备副属性
566,2100,40级_武器_物理攻击_生命值,0,生命值,,392,29=32|32=36|36=43,,,5|3|1,25,1,1,装备副属性
567,2101,40级_武器_魔法攻击_暴击,0,暴击,,55,2=2|2=2|2=2,,,5|3|1,0,1,2,装备副属性
568,2101,40级_武器_魔法攻击_暴伤%,0,暴伤%,,59,120=130|130=150|150=180,,,5|3|1,50,1,2,装备副属性
569,2101,40级_武器_魔法攻击_魔伤加成%,0,魔伤加成%,,66,120=130|130=150|150=180,,,5|3|1,25,1,2,装备副属性
570,2101,40级_武器_魔法攻击_物理防御,0,物理防御,,396,29=32|32=36|36=43,,,5|3|1,25,1,1,装备副属性
571,2101,40级_武器_魔法攻击_魔法防御,0,魔法防御,,397,29=32|32=36|36=43,,,5|3|1,25,1,1,装备副属性
572,2101,40级_武器_魔法攻击_蓝量,0,蓝量,,395,29=32|32=36|36=43,,,5|3|1,25,1,1,装备副属性
573,2101,40级_武器_魔法攻击_暴击防护,0,暴击防护,,57,2=2|2=2|2=2,,,5|3|1,0,1,2,装备副属性
574,2101,40级_武器_魔法攻击_生命值,0,生命值,,392,29=32|32=36|36=43,,,5|3|1,25,1,1,装备副属性
575,2102,40级_身_生命_物理攻击,0,物理攻击,,402,120=130|130=150|150=180,,,5|3|1,25,1,2,装备副属性
576,2102,40级_身_生命_魔法攻击,0,魔法攻击,,403,120=130|130=150|150=180,,,5|3|1,25,1,2,装备副属性
577,2102,40级_身_生命_物理攻击,0,物理攻击,,393,29=32|32=36|36=43,,,5|3|1,25,1,1,装备副属性
578,2102,40级_身_生命_魔法攻击,0,魔法攻击,,394,29=32|32=36|36=43,,,5|3|1,25,1,1,装备副属性
579,2102,40级_身_生命_生命值,0,生命值,,392,29=32|32=36|36=43,,,5|3|1,50,1,1,装备副属性
580,2102,40级_身_生命_生命值,0,生命值,,401,180=200|200=220|220=270,,,5|3|1,50,1,2,装备副属性
581,2102,40级_身_生命_物理防御,0,物理防御,,396,29=32|32=36|36=43,,,5|3|1,50,1,1,装备副属性
582,2102,40级_身_生命_魔法防御,0,魔法防御,,397,29=32|32=36|36=43,,,5|3|1,50,1,1,装备副属性
583,2103,40级_头_攻击向_暴击,0,暴击,,55,2=2|2=2|2=2,,,5|3|1,0,1,2,装备副属性
584,2103,40级_头_攻击向_暴伤%,0,暴伤%,,59,120=130|130=150|150=180,,,5|3|1,50,1,2,装备副属性
585,2103,40级_头_攻击向_物伤加成%,0,物伤加成%,,65,120=130|130=150|150=180,,,5|3|1,25,1,2,装备副属性
586,2103,40级_头_攻击向_物理防御,0,物理防御,,396,29=32|32=36|36=43,,,5|3|1,25,1,1,装备副属性
587,2103,40级_头_攻击向_魔法防御,0,魔法防御,,397,29=32|32=36|36=43,,,5|3|1,25,1,1,装备副属性
588,2103,40级_头_攻击向_蓝量,0,蓝量,,395,29=32|32=36|36=43,,,5|3|1,25,1,1,装备副属性
589,2103,40级_头_攻击向_暴击防护,0,暴击防护,,57,2=2|2=2|2=2,,,5|3|1,0,1,2,装备副属性
590,2103,40级_头_攻击向_生命值,0,生命值,,392,29=32|32=36|36=43,,,5|3|1,25,1,1,装备副属性
591,2104,40级_头_攻击向_暴击,0,暴击,,55,2=2|2=2|2=2,,,5|3|1,0,1,2,装备副属性
592,2104,40级_头_攻击向_暴伤%,0,暴伤%,,59,120=130|130=150|150=180,,,5|3|1,50,1,2,装备副属性
593,2104,40级_头_攻击向_魔伤加成%,0,魔伤加成%,,66,120=130|130=150|150=180,,,5|3|1,25,1,2,装备副属性
594,2104,40级_头_攻击向_物理防御,0,物理防御,,396,29=32|32=36|36=43,,,5|3|1,25,1,1,装备副属性
595,2104,40级_头_攻击向_魔法防御,0,魔法防御,,397,29=32|32=36|36=43,,,5|3|1,25,1,1,装备副属性
596,2104,40级_头_攻击向_蓝量,0,蓝量,,395,29=32|32=36|36=43,,,5|3|1,25,1,1,装备副属性
597,2104,40级_头_攻击向_暴击防护,0,暴击防护,,57,2=2|2=2|2=2,,,5|3|1,0,1,2,装备副属性
598,2104,40级_头_攻击向_生命值,0,生命值,,392,29=32|32=36|36=43,,,5|3|1,25,1,1,装备副属性
599,2105,40级_足/尾_防御向_物理攻击,0,物理攻击,,402,120=130|130=150|150=180,,,5|3|1,25,1,2,装备副属性
600,2105,40级_足/尾_防御向_魔法攻击,0,魔法攻击,,403,120=130|130=150|150=180,,,5|3|1,25,1,2,装备副属性
601,2105,40级_足/尾_防御向_物理攻击,0,物理攻击,,393,29=32|32=36|36=43,,,5|3|1,25,1,1,装备副属性
602,2105,40级_足/尾_防御向_魔法攻击,0,魔法攻击,,394,29=32|32=36|36=43,,,5|3|1,25,1,1,装备副属性
603,2105,40级_足/尾_防御向_生命值,0,生命值,,392,29=32|32=36|36=43,,,5|3|1,50,1,1,装备副属性
604,2105,40级_足/尾_防御向_生命值,0,生命值,,401,180=200|200=220|220=270,,,5|3|1,50,1,2,装备副属性
605,2105,40级_足/尾_防御向_物理防御,0,物理防御,,396,29=32|32=36|36=43,,,5|3|1,50,1,1,装备副属性
606,2105,40级_足/尾_防御向_魔法防御,0,魔法防御,,397,29=32|32=36|36=43,,,5|3|1,50,1,1,装备副属性
607,2106,40级_饰品_攻击向_攻击速度%,0,攻击速度%,,71,120=130|130=150|150=180,,,5|3|1,10,1,2,装备副属性
608,2106,40级_饰品_攻击向_CD冷却加速%,0,CD冷却加速%,,433,120=130|130=150|150=180,,,5|3|1,10,1,2,装备副属性
609,2106,40级_饰品_攻击向_物理攻击,0,物理攻击,,402,120=130|130=150|150=180,,,5|3|1,40,1,2,装备副属性
610,2106,40级_饰品_攻击向_魔法攻击,0,魔法攻击,,403,120=130|130=150|150=180,,,5|3|1,40,1,2,装备副属性
611,2106,40级_饰品_攻击向_蓝量,0,蓝量,,395,29=32|32=36|36=43,,,5|3|1,25,1,1,装备副属性
612,2106,40级_饰品_攻击向_生命值,0,生命值,,401,180=200|200=220|220=270,,,5|3|1,25,1,2,装备副属性
613,2106,40级_饰品_攻击向_物理防御,0,物理防御,,396,29=32|32=36|36=43,,,5|3|1,25,1,1,装备副属性
614,2106,40级_饰品_攻击向_魔法防御,0,魔法防御,,397,29=32|32=36|36=43,,,5|3|1,25,1,1,装备副属性
615,2107,40级_饰品_攻击向_攻击速度%,0,攻击速度%,,71,120=130|130=150|150=180,,,5|3|1,10,1,2,装备副属性
616,2107,40级_饰品_攻击向_CD冷却加速%,0,CD冷却加速%,,433,120=130|130=150|150=180,,,5|3|1,10,1,2,装备副属性
617,2107,40级_饰品_攻击向_物理攻击,0,物理攻击,,402,120=130|130=150|150=180,,,5|3|1,40,1,2,装备副属性
618,2107,40级_饰品_攻击向_魔法攻击,0,魔法攻击,,403,120=130|130=150|150=180,,,5|3|1,40,1,2,装备副属性
619,2107,40级_饰品_攻击向_蓝量,0,蓝量,,395,29=32|32=36|36=43,,,5|3|1,25,1,1,装备副属性
620,2107,40级_饰品_攻击向_生命值,0,生命值,,401,180=200|200=220|220=270,,,5|3|1,25,1,2,装备副属性
621,2107,40级_饰品_攻击向_物理防御,0,物理防御,,396,29=32|32=36|36=43,,,5|3|1,25,1,1,装备副属性
622,2107,40级_饰品_攻击向_魔法防御,0,魔法防御,,397,29=32|32=36|36=43,,,5|3|1,25,1,1,装备副属性
623,2108,40级_饰品_防御向_攻击速度%,0,攻击速度%,,71,120=130|130=150|150=180,,,5|3|1,10,1,2,装备副属性
624,2108,40级_饰品_防御向_CD冷却加速%,0,CD冷却加速%,,433,120=130|130=150|150=180,,,5|3|1,10,1,2,装备副属性
625,2108,40级_饰品_防御向_物理攻击,0,物理攻击,,402,120=130|130=150|150=180,,,5|3|1,40,1,2,装备副属性
626,2108,40级_饰品_防御向_魔法攻击,0,魔法攻击,,403,120=130|130=150|150=180,,,5|3|1,40,1,2,装备副属性
627,2108,40级_饰品_防御向_蓝量,0,蓝量,,395,29=32|32=36|36=43,,,5|3|1,25,1,1,装备副属性
628,2108,40级_饰品_防御向_生命值,0,生命值,,401,180=200|200=220|220=270,,,5|3|1,25,1,2,装备副属性
629,2108,40级_饰品_防御向_物理防御,0,物理防御,,396,29=32|32=36|36=43,,,5|3|1,25,1,1,装备副属性
630,2108,40级_饰品_防御向_魔法防御,0,魔法防御,,397,29=32|32=36|36=43,,,5|3|1,25,1,1,装备副属性
631,2200,70级_武器_物理攻击_暴击,0,暴击,,55,3=4|4=4|4=5,,,5|3|1,50,1,2,装备副属性
632,2200,70级_武器_物理攻击_暴伤%,0,暴伤%,,59,220=240|240=270|270=330,,,5|3|1,50,1,2,装备副属性
633,2200,70级_武器_物理攻击_物伤加成%,0,物伤加成%,,65,220=240|240=270|270=330,,,5|3|1,25,1,2,装备副属性
634,2200,70级_武器_物理攻击_物理防御,0,物理防御,,396,52=59|59=65|65=78,,,5|3|1,25,1,1,装备副属性
635,2200,70级_武器_物理攻击_魔法防御,0,魔法防御,,397,52=59|59=65|65=78,,,5|3|1,25,1,1,装备副属性
636,2200,70级_武器_物理攻击_蓝量,0,蓝量,,395,52=59|59=65|65=78,,,5|3|1,25,1,1,装备副属性
637,2200,70级_武器_物理攻击_暴击防护,0,暴击防护,,57,3=4|4=4|4=5,,,5|3|1,25,1,2,装备副属性
638,2200,70级_武器_物理攻击_生命值,0,生命值,,392,52=59|59=65|65=78,,,5|3|1,25,1,1,装备副属性
639,2201,70级_武器_魔法攻击_暴击,0,暴击,,55,3=4|4=4|4=5,,,5|3|1,50,1,2,装备副属性
640,2201,70级_武器_魔法攻击_暴伤%,0,暴伤%,,59,220=240|240=270|270=330,,,5|3|1,50,1,2,装备副属性
641,2201,70级_武器_魔法攻击_魔伤加成%,0,魔伤加成%,,66,220=240|240=270|270=330,,,5|3|1,25,1,2,装备副属性
642,2201,70级_武器_魔法攻击_物理防御,0,物理防御,,396,52=59|59=65|65=78,,,5|3|1,25,1,1,装备副属性
643,2201,70级_武器_魔法攻击_魔法防御,0,魔法防御,,397,52=59|59=65|65=78,,,5|3|1,25,1,1,装备副属性
644,2201,70级_武器_魔法攻击_蓝量,0,蓝量,,395,52=59|59=65|65=78,,,5|3|1,25,1,1,装备副属性
645,2201,70级_武器_魔法攻击_暴击防护,0,暴击防护,,57,3=4|4=4|4=5,,,5|3|1,25,1,2,装备副属性
646,2201,70级_武器_魔法攻击_生命值,0,生命值,,392,52=59|59=65|65=78,,,5|3|1,25,1,1,装备副属性
647,2202,70级_身_生命_物理攻击,0,物理攻击,,402,220=240|240=270|270=330,,,5|3|1,25,1,2,装备副属性
648,2202,70级_身_生命_魔法攻击,0,魔法攻击,,403,220=240|240=270|270=330,,,5|3|1,25,1,2,装备副属性
649,2202,70级_身_生命_物理攻击,0,物理攻击,,393,52=59|59=65|65=78,,,5|3|1,25,1,1,装备副属性
650,2202,70级_身_生命_魔法攻击,0,魔法攻击,,394,52=59|59=65|65=78,,,5|3|1,25,1,1,装备副属性
651,2202,70级_身_生命_生命值,0,生命值,,392,52=59|59=65|65=78,,,5|3|1,50,1,1,装备副属性
652,2202,70级_身_生命_生命值,0,生命值,,401,330=370|370=410|410=490,,,5|3|1,50,1,2,装备副属性
653,2202,70级_身_生命_物理防御,0,物理防御,,396,52=59|59=65|65=78,,,5|3|1,50,1,1,装备副属性
654,2202,70级_身_生命_魔法防御,0,魔法防御,,397,52=59|59=65|65=78,,,5|3|1,50,1,1,装备副属性
655,2203,70级_头_攻击向_暴击,0,暴击,,55,3=4|4=4|4=5,,,5|3|1,50,1,2,装备副属性
656,2203,70级_头_攻击向_暴伤%,0,暴伤%,,59,220=240|240=270|270=330,,,5|3|1,50,1,2,装备副属性
657,2203,70级_头_攻击向_物伤加成%,0,物伤加成%,,65,220=240|240=270|270=330,,,5|3|1,25,1,2,装备副属性
658,2203,70级_头_攻击向_物理防御,0,物理防御,,396,52=59|59=65|65=78,,,5|3|1,25,1,1,装备副属性
659,2203,70级_头_攻击向_魔法防御,0,魔法防御,,397,52=59|59=65|65=78,,,5|3|1,25,1,1,装备副属性
660,2203,70级_头_攻击向_蓝量,0,蓝量,,395,52=59|59=65|65=78,,,5|3|1,25,1,1,装备副属性
661,2203,70级_头_攻击向_暴击防护,0,暴击防护,,57,3=4|4=4|4=5,,,5|3|1,25,1,2,装备副属性
662,2203,70级_头_攻击向_生命值,0,生命值,,392,52=59|59=65|65=78,,,5|3|1,25,1,1,装备副属性
663,2204,70级_头_攻击向_暴击,0,暴击,,55,3=4|4=4|4=5,,,5|3|1,50,1,2,装备副属性
664,2204,70级_头_攻击向_暴伤%,0,暴伤%,,59,220=240|240=270|270=330,,,5|3|1,50,1,2,装备副属性
665,2204,70级_头_攻击向_魔伤加成%,0,魔伤加成%,,66,220=240|240=270|270=330,,,5|3|1,25,1,2,装备副属性
666,2204,70级_头_攻击向_物理防御,0,物理防御,,396,52=59|59=65|65=78,,,5|3|1,25,1,1,装备副属性
667,2204,70级_头_攻击向_魔法防御,0,魔法防御,,397,52=59|59=65|65=78,,,5|3|1,25,1,1,装备副属性
668,2204,70级_头_攻击向_蓝量,0,蓝量,,395,52=59|59=65|65=78,,,5|3|1,25,1,1,装备副属性
669,2204,70级_头_攻击向_暴击防护,0,暴击防护,,57,3=4|4=4|4=5,,,5|3|1,25,1,2,装备副属性
670,2204,70级_头_攻击向_生命值,0,生命值,,392,52=59|59=65|65=78,,,5|3|1,25,1,1,装备副属性
671,2205,70级_足/尾_防御向_物理攻击,0,物理攻击,,402,220=240|240=270|270=330,,,5|3|1,25,1,2,装备副属性
672,2205,70级_足/尾_防御向_魔法攻击,0,魔法攻击,,403,220=240|240=270|270=330,,,5|3|1,25,1,2,装备副属性
673,2205,70级_足/尾_防御向_物理攻击,0,物理攻击,,393,52=59|59=65|65=78,,,5|3|1,25,1,1,装备副属性
674,2205,70级_足/尾_防御向_魔法攻击,0,魔法攻击,,394,52=59|59=65|65=78,,,5|3|1,25,1,1,装备副属性
675,2205,70级_足/尾_防御向_生命值,0,生命值,,392,52=59|59=65|65=78,,,5|3|1,50,1,1,装备副属性
676,2205,70级_足/尾_防御向_生命值,0,生命值,,401,330=370|370=410|410=490,,,5|3|1,50,1,2,装备副属性
677,2205,70级_足/尾_防御向_物理防御,0,物理防御,,396,52=59|59=65|65=78,,,5|3|1,50,1,1,装备副属性
678,2205,70级_足/尾_防御向_魔法防御,0,魔法防御,,397,52=59|59=65|65=78,,,5|3|1,50,1,1,装备副属性
679,2206,70级_饰品_攻击向_攻击速度%,0,攻击速度%,,71,220=240|240=270|270=330,,,5|3|1,10,1,2,装备副属性
680,2206,70级_饰品_攻击向_CD冷却加速%,0,CD冷却加速%,,433,220=240|240=270|270=330,,,5|3|1,10,1,2,装备副属性
681,2206,70级_饰品_攻击向_物理攻击,0,物理攻击,,402,220=240|240=270|270=330,,,5|3|1,40,1,2,装备副属性
682,2206,70级_饰品_攻击向_魔法攻击,0,魔法攻击,,403,220=240|240=270|270=330,,,5|3|1,40,1,2,装备副属性
683,2206,70级_饰品_攻击向_蓝量,0,蓝量,,395,52=59|59=65|65=78,,,5|3|1,25,1,1,装备副属性
684,2206,70级_饰品_攻击向_生命值,0,生命值,,401,330=370|370=410|410=490,,,5|3|1,25,1,2,装备副属性
685,2206,70级_饰品_攻击向_物理防御,0,物理防御,,396,52=59|59=65|65=78,,,5|3|1,25,1,1,装备副属性
686,2206,70级_饰品_攻击向_魔法防御,0,魔法防御,,397,52=59|59=65|65=78,,,5|3|1,25,1,1,装备副属性
687,2207,70级_饰品_攻击向_攻击速度%,0,攻击速度%,,71,220=240|240=270|270=330,,,5|3|1,10,1,2,装备副属性
688,2207,70级_饰品_攻击向_CD冷却加速%,0,CD冷却加速%,,433,220=240|240=270|270=330,,,5|3|1,10,1,2,装备副属性
689,2207,70级_饰品_攻击向_物理攻击,0,物理攻击,,402,220=240|240=270|270=330,,,5|3|1,40,1,2,装备副属性
690,2207,70级_饰品_攻击向_魔法攻击,0,魔法攻击,,403,220=240|240=270|270=330,,,5|3|1,40,1,2,装备副属性
691,2207,70级_饰品_攻击向_蓝量,0,蓝量,,395,52=59|59=65|65=78,,,5|3|1,25,1,1,装备副属性
692,2207,70级_饰品_攻击向_生命值,0,生命值,,401,330=370|370=410|410=490,,,5|3|1,25,1,2,装备副属性
693,2207,70级_饰品_攻击向_物理防御,0,物理防御,,396,52=59|59=65|65=78,,,5|3|1,25,1,1,装备副属性
694,2207,70级_饰品_攻击向_魔法防御,0,魔法防御,,397,52=59|59=65|65=78,,,5|3|1,25,1,1,装备副属性
695,2208,70级_饰品_防御向_攻击速度%,0,攻击速度%,,71,220=240|240=270|270=330,,,5|3|1,10,1,2,装备副属性
696,2208,70级_饰品_防御向_CD冷却加速%,0,CD冷却加速%,,433,220=240|240=270|270=330,,,5|3|1,10,1,2,装备副属性
697,2208,70级_饰品_防御向_物理攻击,0,物理攻击,,402,220=240|240=270|270=330,,,5|3|1,40,1,2,装备副属性
698,2208,70级_饰品_防御向_魔法攻击,0,魔法攻击,,403,220=240|240=270|270=330,,,5|3|1,40,1,2,装备副属性
699,2208,70级_饰品_防御向_蓝量,0,蓝量,,395,52=59|59=65|65=78,,,5|3|1,25,1,1,装备副属性
700,2208,70级_饰品_防御向_生命值,0,生命值,,401,330=370|370=410|410=490,,,5|3|1,25,1,2,装备副属性
701,2208,70级_饰品_防御向_物理防御,0,物理防御,,396,52=59|59=65|65=78,,,5|3|1,25,1,1,装备副属性
702,2208,70级_饰品_防御向_魔法防御,0,魔法防御,,397,52=59|59=65|65=78,,,5|3|1,25,1,1,装备副属性
703,2300,85级_武器_物理攻击_暴击,0,暴击,,55,3=4|4=4|4=5,,,5|3|1,50,1,2,装备副属性
704,2300,85级_武器_物理攻击_暴伤%,0,暴伤%,,59,270=300|300=340|340=410,,,5|3|1,50,1,2,装备副属性
705,2300,85级_武器_物理攻击_物伤加成%,0,物伤加成%,,65,270=300|300=340|340=410,,,5|3|1,25,1,2,装备副属性
706,2300,85级_武器_物理攻击_物理防御,0,物理防御,,396,65=73|73=81|81=97,,,5|3|1,25,1,1,装备副属性
707,2300,85级_武器_物理攻击_魔法防御,0,魔法防御,,397,65=73|73=81|81=97,,,5|3|1,25,1,1,装备副属性
708,2300,85级_武器_物理攻击_蓝量,0,蓝量,,395,65=73|73=81|81=97,,,5|3|1,25,1,1,装备副属性
709,2300,85级_武器_物理攻击_暴击防护,0,暴击防护,,57,3=4|4=4|4=5,,,5|3|1,25,1,2,装备副属性
710,2300,85级_武器_物理攻击_生命值,0,生命值,,392,65=73|73=81|81=97,,,5|3|1,25,1,1,装备副属性
711,2301,85级_武器_魔法攻击_暴击,0,暴击,,55,3=4|4=4|4=5,,,5|3|1,50,1,2,装备副属性
712,2301,85级_武器_魔法攻击_暴伤%,0,暴伤%,,59,270=300|300=340|340=410,,,5|3|1,50,1,2,装备副属性
713,2301,85级_武器_魔法攻击_魔伤加成%,0,魔伤加成%,,66,270=300|300=340|340=410,,,5|3|1,25,1,2,装备副属性
714,2301,85级_武器_魔法攻击_物理防御,0,物理防御,,396,65=73|73=81|81=97,,,5|3|1,25,1,1,装备副属性
715,2301,85级_武器_魔法攻击_魔法防御,0,魔法防御,,397,65=73|73=81|81=97,,,5|3|1,25,1,1,装备副属性
716,2301,85级_武器_魔法攻击_蓝量,0,蓝量,,395,65=73|73=81|81=97,,,5|3|1,25,1,1,装备副属性
717,2301,85级_武器_魔法攻击_暴击防护,0,暴击防护,,57,3=4|4=4|4=5,,,5|3|1,25,1,2,装备副属性
718,2301,85级_武器_魔法攻击_生命值,0,生命值,,392,65=73|73=81|81=97,,,5|3|1,25,1,1,装备副属性
719,2302,85级_身_生命_物理攻击,0,物理攻击,,402,270=300|300=340|340=410,,,5|3|1,25,1,2,装备副属性
720,2302,85级_身_生命_魔法攻击,0,魔法攻击,,403,270=300|300=340|340=410,,,5|3|1,25,1,2,装备副属性
721,2302,85级_身_生命_物理攻击,0,物理攻击,,393,65=73|73=81|81=97,,,5|3|1,25,1,1,装备副属性
722,2302,85级_身_生命_魔法攻击,0,魔法攻击,,394,65=73|73=81|81=97,,,5|3|1,25,1,1,装备副属性
723,2302,85级_身_生命_生命值,0,生命值,,392,65=73|73=81|81=97,,,5|3|1,50,1,1,装备副属性
724,2302,85级_身_生命_生命值,0,生命值,,401,400=460|460=510|510=610,,,5|3|1,50,1,2,装备副属性
725,2302,85级_身_生命_物理防御,0,物理防御,,396,65=73|73=81|81=97,,,5|3|1,50,1,1,装备副属性
726,2302,85级_身_生命_魔法防御,0,魔法防御,,397,65=73|73=81|81=97,,,5|3|1,50,1,1,装备副属性
727,2303,85级_头_攻击向_暴击,0,暴击,,55,3=4|4=4|4=5,,,5|3|1,50,1,2,装备副属性
728,2303,85级_头_攻击向_暴伤%,0,暴伤%,,59,270=300|300=340|340=410,,,5|3|1,50,1,2,装备副属性
729,2303,85级_头_攻击向_物伤加成%,0,物伤加成%,,65,270=300|300=340|340=410,,,5|3|1,25,1,2,装备副属性
730,2303,85级_头_攻击向_物理防御,0,物理防御,,396,65=73|73=81|81=97,,,5|3|1,25,1,1,装备副属性
731,2303,85级_头_攻击向_魔法防御,0,魔法防御,,397,65=73|73=81|81=97,,,5|3|1,25,1,1,装备副属性
732,2303,85级_头_攻击向_蓝量,0,蓝量,,395,65=73|73=81|81=97,,,5|3|1,25,1,1,装备副属性
733,2303,85级_头_攻击向_暴击防护,0,暴击防护,,57,3=4|4=4|4=5,,,5|3|1,25,1,2,装备副属性
734,2303,85级_头_攻击向_生命值,0,生命值,,392,65=73|73=81|81=97,,,5|3|1,25,1,1,装备副属性
735,2304,85级_头_攻击向_暴击,0,暴击,,55,3=4|4=4|4=5,,,5|3|1,50,1,2,装备副属性
736,2304,85级_头_攻击向_暴伤%,0,暴伤%,,59,270=300|300=340|340=410,,,5|3|1,50,1,2,装备副属性
737,2304,85级_头_攻击向_魔伤加成%,0,魔伤加成%,,66,270=300|300=340|340=410,,,5|3|1,25,1,2,装备副属性
738,2304,85级_头_攻击向_物理防御,0,物理防御,,396,65=73|73=81|81=97,,,5|3|1,25,1,1,装备副属性
739,2304,85级_头_攻击向_魔法防御,0,魔法防御,,397,65=73|73=81|81=97,,,5|3|1,25,1,1,装备副属性
740,2304,85级_头_攻击向_蓝量,0,蓝量,,395,65=73|73=81|81=97,,,5|3|1,25,1,1,装备副属性
741,2304,85级_头_攻击向_暴击防护,0,暴击防护,,57,3=4|4=4|4=5,,,5|3|1,25,1,2,装备副属性
742,2304,85级_头_攻击向_生命值,0,生命值,,392,65=73|73=81|81=97,,,5|3|1,25,1,1,装备副属性
743,2305,85级_足/尾_防御向_物理攻击,0,物理攻击,,402,270=300|300=340|340=410,,,5|3|1,25,1,2,装备副属性
744,2305,85级_足/尾_防御向_魔法攻击,0,魔法攻击,,403,270=300|300=340|340=410,,,5|3|1,25,1,2,装备副属性
745,2305,85级_足/尾_防御向_物理攻击,0,物理攻击,,393,65=73|73=81|81=97,,,5|3|1,25,1,1,装备副属性
746,2305,85级_足/尾_防御向_魔法攻击,0,魔法攻击,,394,65=73|73=81|81=97,,,5|3|1,25,1,1,装备副属性
747,2305,85级_足/尾_防御向_生命值,0,生命值,,392,65=73|73=81|81=97,,,5|3|1,50,1,1,装备副属性
748,2305,85级_足/尾_防御向_生命值,0,生命值,,401,400=460|460=510|510=610,,,5|3|1,50,1,2,装备副属性
749,2305,85级_足/尾_防御向_物理防御,0,物理防御,,396,65=73|73=81|81=97,,,5|3|1,50,1,1,装备副属性
750,2305,85级_足/尾_防御向_魔法防御,0,魔法防御,,397,65=73|73=81|81=97,,,5|3|1,50,1,1,装备副属性
751,2306,85级_饰品_攻击向_攻击速度%,0,攻击速度%,,71,270=300|300=340|340=410,,,5|3|1,10,1,2,装备副属性
752,2306,85级_饰品_攻击向_CD冷却加速%,0,CD冷却加速%,,433,270=300|300=340|340=410,,,5|3|1,10,1,2,装备副属性
753,2306,85级_饰品_攻击向_物理攻击,0,物理攻击,,402,270=300|300=340|340=410,,,5|3|1,40,1,2,装备副属性
754,2306,85级_饰品_攻击向_魔法攻击,0,魔法攻击,,403,270=300|300=340|340=410,,,5|3|1,40,1,2,装备副属性
755,2306,85级_饰品_攻击向_蓝量,0,蓝量,,395,65=73|73=81|81=97,,,5|3|1,25,1,1,装备副属性
756,2306,85级_饰品_攻击向_生命值,0,生命值,,401,400=460|460=510|510=610,,,5|3|1,25,1,2,装备副属性
757,2306,85级_饰品_攻击向_物理防御,0,物理防御,,396,65=73|73=81|81=97,,,5|3|1,25,1,1,装备副属性
758,2306,85级_饰品_攻击向_魔法防御,0,魔法防御,,397,65=73|73=81|81=97,,,5|3|1,25,1,1,装备副属性
759,2307,85级_饰品_攻击向_攻击速度%,0,攻击速度%,,71,270=300|300=340|340=410,,,5|3|1,10,1,2,装备副属性
760,2307,85级_饰品_攻击向_CD冷却加速%,0,CD冷却加速%,,433,270=300|300=340|340=410,,,5|3|1,10,1,2,装备副属性
761,2307,85级_饰品_攻击向_物理攻击,0,物理攻击,,402,270=300|300=340|340=410,,,5|3|1,40,1,2,装备副属性
762,2307,85级_饰品_攻击向_魔法攻击,0,魔法攻击,,403,270=300|300=340|340=410,,,5|3|1,40,1,2,装备副属性
763,2307,85级_饰品_攻击向_蓝量,0,蓝量,,395,65=73|73=81|81=97,,,5|3|1,25,1,1,装备副属性
764,2307,85级_饰品_攻击向_生命值,0,生命值,,401,400=460|460=510|510=610,,,5|3|1,25,1,2,装备副属性
765,2307,85级_饰品_攻击向_物理防御,0,物理防御,,396,65=73|73=81|81=97,,,5|3|1,25,1,1,装备副属性
766,2307,85级_饰品_攻击向_魔法防御,0,魔法防御,,397,65=73|73=81|81=97,,,5|3|1,25,1,1,装备副属性
767,2308,85级_饰品_防御向_攻击速度%,0,攻击速度%,,71,270=300|300=340|340=410,,,5|3|1,10,1,2,装备副属性
768,2308,85级_饰品_防御向_CD冷却加速%,0,CD冷却加速%,,433,270=300|300=340|340=410,,,5|3|1,10,1,2,装备副属性
769,2308,85级_饰品_防御向_物理攻击,0,物理攻击,,402,270=300|300=340|340=410,,,5|3|1,40,1,2,装备副属性
770,2308,85级_饰品_防御向_魔法攻击,0,魔法攻击,,403,270=300|300=340|340=410,,,5|3|1,40,1,2,装备副属性
771,2308,85级_饰品_防御向_蓝量,0,蓝量,,395,65=73|73=81|81=97,,,5|3|1,25,1,1,装备副属性
772,2308,85级_饰品_防御向_生命值,0,生命值,,401,400=460|460=510|510=610,,,5|3|1,25,1,2,装备副属性
773,2308,85级_饰品_防御向_物理防御,0,物理防御,,396,65=73|73=81|81=97,,,5|3|1,25,1,1,装备副属性
774,2308,85级_饰品_防御向_魔法防御,0,魔法防御,,397,65=73|73=81|81=97,,,5|3|1,25,1,1,装备副属性
775,2400,100级_武器_物理攻击_暴击,0,暴击,,55,4=5|5=5|5=6,,,5|3|1,50,1,2,装备副属性
776,2400,100级_武器_物理攻击_暴伤%,0,暴伤%,,59,320=370|370=410|410=490,,,5|3|1,50,1,2,装备副属性
777,2400,100级_武器_物理攻击_物伤加成%,0,物伤加成%,,65,320=370|370=410|410=490,,,5|3|1,25,1,2,装备副属性
778,2400,100级_武器_物理攻击_物理防御,0,物理防御,,396,78=88|88=98|98=118,,,5|3|1,25,1,1,装备副属性
779,2400,100级_武器_物理攻击_魔法防御,0,魔法防御,,397,78=88|88=98|98=118,,,5|3|1,25,1,1,装备副属性
780,2400,100级_武器_物理攻击_蓝量,0,蓝量,,395,78=88|88=98|98=118,,,5|3|1,25,1,1,装备副属性
781,2400,100级_武器_物理攻击_暴击防护,0,暴击防护,,57,4=5|5=5|5=6,,,5|3|1,25,1,2,装备副属性
782,2400,100级_武器_物理攻击_生命值,0,生命值,,392,78=88|88=98|98=118,,,5|3|1,25,1,1,装备副属性
783,2401,100级_武器_魔法攻击_暴击,0,暴击,,55,4=5|5=5|5=6,,,5|3|1,50,1,2,装备副属性
784,2401,100级_武器_魔法攻击_暴伤%,0,暴伤%,,59,320=370|370=410|410=490,,,5|3|1,50,1,2,装备副属性
785,2401,100级_武器_魔法攻击_魔伤加成%,0,魔伤加成%,,66,320=370|370=410|410=490,,,5|3|1,25,1,2,装备副属性
786,2401,100级_武器_魔法攻击_物理防御,0,物理防御,,396,78=88|88=98|98=118,,,5|3|1,25,1,1,装备副属性
787,2401,100级_武器_魔法攻击_魔法防御,0,魔法防御,,397,78=88|88=98|98=118,,,5|3|1,25,1,1,装备副属性
788,2401,100级_武器_魔法攻击_蓝量,0,蓝量,,395,78=88|88=98|98=118,,,5|3|1,25,1,1,装备副属性
789,2401,100级_武器_魔法攻击_暴击防护,0,暴击防护,,57,4=5|5=5|5=6,,,5|3|1,25,1,2,装备副属性
790,2401,100级_武器_魔法攻击_生命值,0,生命值,,392,78=88|88=98|98=118,,,5|3|1,25,1,1,装备副属性
791,2402,100级_身_生命_物理攻击,0,物理攻击,,402,320=370|370=410|410=490,,,5|3|1,25,1,2,装备副属性
792,2402,100级_身_生命_魔法攻击,0,魔法攻击,,403,320=370|370=410|410=490,,,5|3|1,25,1,2,装备副属性
793,2402,100级_身_生命_物理攻击,0,物理攻击,,393,78=88|88=98|98=118,,,5|3|1,25,1,1,装备副属性
794,2402,100级_身_生命_魔法攻击,0,魔法攻击,,394,78=88|88=98|98=118,,,5|3|1,25,1,1,装备副属性
795,2402,100级_身_生命_生命值,0,生命值,,392,78=88|88=98|98=118,,,5|3|1,50,1,1,装备副属性
796,2402,100级_身_生命_生命值,0,生命值,,401,490=550|550=610|610=730,,,5|3|1,50,1,2,装备副属性
797,2402,100级_身_生命_物理防御,0,物理防御,,396,78=88|88=98|98=118,,,5|3|1,50,1,1,装备副属性
798,2402,100级_身_生命_魔法防御,0,魔法防御,,397,78=88|88=98|98=118,,,5|3|1,50,1,1,装备副属性
799,2403,100级_头_攻击向_暴击,0,暴击,,55,4=5|5=5|5=6,,,5|3|1,50,1,2,装备副属性
800,2403,100级_头_攻击向_暴伤%,0,暴伤%,,59,320=370|370=410|410=490,,,5|3|1,50,1,2,装备副属性
801,2403,100级_头_攻击向_物伤加成%,0,物伤加成%,,65,320=370|370=410|410=490,,,5|3|1,25,1,2,装备副属性
802,2403,100级_头_攻击向_物理防御,0,物理防御,,396,78=88|88=98|98=118,,,5|3|1,25,1,1,装备副属性
803,2403,100级_头_攻击向_魔法防御,0,魔法防御,,397,78=88|88=98|98=118,,,5|3|1,25,1,1,装备副属性
804,2403,100级_头_攻击向_蓝量,0,蓝量,,395,78=88|88=98|98=118,,,5|3|1,25,1,1,装备副属性
805,2403,100级_头_攻击向_暴击防护,0,暴击防护,,57,4=5|5=5|5=6,,,5|3|1,25,1,2,装备副属性
806,2403,100级_头_攻击向_生命值,0,生命值,,392,78=88|88=98|98=118,,,5|3|1,25,1,1,装备副属性
807,2404,100级_头_攻击向_暴击,0,暴击,,55,4=5|5=5|5=6,,,5|3|1,50,1,2,装备副属性
808,2404,100级_头_攻击向_暴伤%,0,暴伤%,,59,320=370|370=410|410=490,,,5|3|1,50,1,2,装备副属性
809,2404,100级_头_攻击向_魔伤加成%,0,魔伤加成%,,66,320=370|370=410|410=490,,,5|3|1,25,1,2,装备副属性
810,2404,100级_头_攻击向_物理防御,0,物理防御,,396,78=88|88=98|98=118,,,5|3|1,25,1,1,装备副属性
811,2404,100级_头_攻击向_魔法防御,0,魔法防御,,397,78=88|88=98|98=118,,,5|3|1,25,1,1,装备副属性
812,2404,100级_头_攻击向_蓝量,0,蓝量,,395,78=88|88=98|98=118,,,5|3|1,25,1,1,装备副属性
813,2404,100级_头_攻击向_暴击防护,0,暴击防护,,57,4=5|5=5|5=6,,,5|3|1,25,1,2,装备副属性
814,2404,100级_头_攻击向_生命值,0,生命值,,392,78=88|88=98|98=118,,,5|3|1,25,1,1,装备副属性
815,2405,100级_足/尾_防御向_物理攻击,0,物理攻击,,402,320=370|370=410|410=490,,,5|3|1,25,1,2,装备副属性
816,2405,100级_足/尾_防御向_魔法攻击,0,魔法攻击,,403,320=370|370=410|410=490,,,5|3|1,25,1,2,装备副属性
817,2405,100级_足/尾_防御向_物理攻击,0,物理攻击,,393,78=88|88=98|98=118,,,5|3|1,25,1,1,装备副属性
818,2405,100级_足/尾_防御向_魔法攻击,0,魔法攻击,,394,78=88|88=98|98=118,,,5|3|1,25,1,1,装备副属性
819,2405,100级_足/尾_防御向_生命值,0,生命值,,392,78=88|88=98|98=118,,,5|3|1,50,1,1,装备副属性
820,2405,100级_足/尾_防御向_生命值,0,生命值,,401,490=550|550=610|610=730,,,5|3|1,50,1,2,装备副属性
821,2405,100级_足/尾_防御向_物理防御,0,物理防御,,396,78=88|88=98|98=118,,,5|3|1,50,1,1,装备副属性
822,2405,100级_足/尾_防御向_魔法防御,0,魔法防御,,397,78=88|88=98|98=118,,,5|3|1,50,1,1,装备副属性
823,2406,100级_饰品_攻击向_攻击速度%,0,攻击速度%,,71,320=370|370=410|410=490,,,5|3|1,10,1,2,装备副属性
824,2406,100级_饰品_攻击向_CD冷却加速%,0,CD冷却加速%,,433,320=370|370=410|410=490,,,5|3|1,10,1,2,装备副属性
825,2406,100级_饰品_攻击向_物理攻击,0,物理攻击,,402,320=370|370=410|410=490,,,5|3|1,40,1,2,装备副属性
826,2406,100级_饰品_攻击向_魔法攻击,0,魔法攻击,,403,320=370|370=410|410=490,,,5|3|1,40,1,2,装备副属性
827,2406,100级_饰品_攻击向_蓝量,0,蓝量,,395,78=88|88=98|98=118,,,5|3|1,25,1,1,装备副属性
828,2406,100级_饰品_攻击向_生命值,0,生命值,,401,490=550|550=610|610=730,,,5|3|1,25,1,2,装备副属性
829,2406,100级_饰品_攻击向_物理防御,0,物理防御,,396,78=88|88=98|98=118,,,5|3|1,25,1,1,装备副属性
830,2406,100级_饰品_攻击向_魔法防御,0,魔法防御,,397,78=88|88=98|98=118,,,5|3|1,25,1,1,装备副属性
831,2407,100级_饰品_攻击向_攻击速度%,0,攻击速度%,,71,320=370|370=410|410=490,,,5|3|1,10,1,2,装备副属性
832,2407,100级_饰品_攻击向_CD冷却加速%,0,CD冷却加速%,,433,320=370|370=410|410=490,,,5|3|1,10,1,2,装备副属性
833,2407,100级_饰品_攻击向_物理攻击,0,物理攻击,,402,320=370|370=410|410=490,,,5|3|1,40,1,2,装备副属性
834,2407,100级_饰品_攻击向_魔法攻击,0,魔法攻击,,403,320=370|370=410|410=490,,,5|3|1,40,1,2,装备副属性
835,2407,100级_饰品_攻击向_蓝量,0,蓝量,,395,78=88|88=98|98=118,,,5|3|1,25,1,1,装备副属性
836,2407,100级_饰品_攻击向_生命值,0,生命值,,401,490=550|550=610|610=730,,,5|3|1,25,1,2,装备副属性
837,2407,100级_饰品_攻击向_物理防御,0,物理防御,,396,78=88|88=98|98=118,,,5|3|1,25,1,1,装备副属性
838,2407,100级_饰品_攻击向_魔法防御,0,魔法防御,,397,78=88|88=98|98=118,,,5|3|1,25,1,1,装备副属性
839,2408,100级_饰品_防御向_攻击速度%,0,攻击速度%,,71,320=370|370=410|410=490,,,5|3|1,10,1,2,装备副属性
840,2408,100级_饰品_防御向_CD冷却加速%,0,CD冷却加速%,,433,320=370|370=410|410=490,,,5|3|1,10,1,2,装备副属性
841,2408,100级_饰品_防御向_物理攻击,0,物理攻击,,402,320=370|370=410|410=490,,,5|3|1,40,1,2,装备副属性
842,2408,100级_饰品_防御向_魔法攻击,0,魔法攻击,,403,320=370|370=410|410=490,,,5|3|1,40,1,2,装备副属性
843,2408,100级_饰品_防御向_蓝量,0,蓝量,,395,78=88|88=98|98=118,,,5|3|1,25,1,1,装备副属性
844,2408,100级_饰品_防御向_生命值,0,生命值,,401,490=550|550=610|610=730,,,5|3|1,25,1,2,装备副属性
845,2408,100级_饰品_防御向_物理防御,0,物理防御,,396,78=88|88=98|98=118,,,5|3|1,25,1,1,装备副属性
846,2408,100级_饰品_防御向_魔法防御,0,魔法防御,,397,78=88|88=98|98=118,,,5|3|1,25,1,1,装备副属性
847,2500,110级_武器_物理攻击_暴击,0,暴击,,55,5=5|5=6|6=7,,,5|3|1,50,1,2,装备副属性
848,2500,110级_武器_物理攻击_暴伤%,0,暴伤%,,59,360=410|410=450|450=540,,,5|3|1,50,1,2,装备副属性
849,2500,110级_武器_物理攻击_物伤加成%,0,物伤加成%,,65,360=410|410=450|450=540,,,5|3|1,25,1,2,装备副属性
850,2500,110级_武器_物理攻击_物理防御,0,物理防御,,396,87=98|98=109|109=131,,,5|3|1,25,1,1,装备副属性
851,2500,110级_武器_物理攻击_魔法防御,0,魔法防御,,397,87=98|98=109|109=131,,,5|3|1,25,1,1,装备副属性
852,2500,110级_武器_物理攻击_蓝量,0,蓝量,,395,87=98|98=109|109=131,,,5|3|1,25,1,1,装备副属性
853,2500,110级_武器_物理攻击_暴击防护,0,暴击防护,,57,5=5|5=6|6=7,,,5|3|1,25,1,2,装备副属性
854,2500,110级_武器_物理攻击_生命值,0,生命值,,392,87=98|98=109|109=131,,,5|3|1,25,1,1,装备副属性
855,2501,110级_武器_魔法攻击_暴击,0,暴击,,55,5=5|5=6|6=7,,,5|3|1,50,1,2,装备副属性
856,2501,110级_武器_魔法攻击_暴伤%,0,暴伤%,,59,360=410|410=450|450=540,,,5|3|1,50,1,2,装备副属性
857,2501,110级_武器_魔法攻击_魔伤加成%,0,魔伤加成%,,66,360=410|410=450|450=540,,,5|3|1,25,1,2,装备副属性
858,2501,110级_武器_魔法攻击_物理防御,0,物理防御,,396,87=98|98=109|109=131,,,5|3|1,25,1,1,装备副属性
859,2501,110级_武器_魔法攻击_魔法防御,0,魔法防御,,397,87=98|98=109|109=131,,,5|3|1,25,1,1,装备副属性
860,2501,110级_武器_魔法攻击_蓝量,0,蓝量,,395,87=98|98=109|109=131,,,5|3|1,25,1,1,装备副属性
861,2501,110级_武器_魔法攻击_暴击防护,0,暴击防护,,57,5=5|5=6|6=7,,,5|3|1,25,1,2,装备副属性
862,2501,110级_武器_魔法攻击_生命值,0,生命值,,392,87=98|98=109|109=131,,,5|3|1,25,1,1,装备副属性
863,2502,110级_身_生命_物理攻击,0,物理攻击,,402,360=410|410=450|450=540,,,5|3|1,25,1,2,装备副属性
864,2502,110级_身_生命_魔法攻击,0,魔法攻击,,403,360=410|410=450|450=540,,,5|3|1,25,1,2,装备副属性
865,2502,110级_身_生命_物理攻击,0,物理攻击,,393,87=98|98=109|109=131,,,5|3|1,25,1,1,装备副属性
866,2502,110级_身_生命_魔法攻击,0,魔法攻击,,394,87=98|98=109|109=131,,,5|3|1,25,1,1,装备副属性
867,2502,110级_身_生命_生命值,0,生命值,,392,87=98|98=109|109=131,,,5|3|1,50,1,1,装备副属性
868,2502,110级_身_生命_生命值,0,生命值,,401,540=610|610=680|680=810,,,5|3|1,50,1,2,装备副属性
869,2502,110级_身_生命_物理防御,0,物理防御,,396,87=98|98=109|109=131,,,5|3|1,50,1,1,装备副属性
870,2502,110级_身_生命_魔法防御,0,魔法防御,,397,87=98|98=109|109=131,,,5|3|1,50,1,1,装备副属性
871,2503,110级_头_攻击向_暴击,0,暴击,,55,5=5|5=6|6=7,,,5|3|1,50,1,2,装备副属性
872,2503,110级_头_攻击向_暴伤%,0,暴伤%,,59,360=410|410=450|450=540,,,5|3|1,50,1,2,装备副属性
873,2503,110级_头_攻击向_物伤加成%,0,物伤加成%,,65,360=410|410=450|450=540,,,5|3|1,25,1,2,装备副属性
874,2503,110级_头_攻击向_物理防御,0,物理防御,,396,87=98|98=109|109=131,,,5|3|1,25,1,1,装备副属性
875,2503,110级_头_攻击向_魔法防御,0,魔法防御,,397,87=98|98=109|109=131,,,5|3|1,25,1,1,装备副属性
876,2503,110级_头_攻击向_蓝量,0,蓝量,,395,87=98|98=109|109=131,,,5|3|1,25,1,1,装备副属性
877,2503,110级_头_攻击向_暴击防护,0,暴击防护,,57,5=5|5=6|6=7,,,5|3|1,25,1,2,装备副属性
878,2503,110级_头_攻击向_生命值,0,生命值,,392,87=98|98=109|109=131,,,5|3|1,25,1,1,装备副属性
879,2504,110级_头_攻击向_暴击,0,暴击,,55,5=5|5=6|6=7,,,5|3|1,50,1,2,装备副属性
880,2504,110级_头_攻击向_暴伤%,0,暴伤%,,59,360=410|410=450|450=540,,,5|3|1,50,1,2,装备副属性
881,2504,110级_头_攻击向_魔伤加成%,0,魔伤加成%,,66,360=410|410=450|450=540,,,5|3|1,25,1,2,装备副属性
882,2504,110级_头_攻击向_物理防御,0,物理防御,,396,87=98|98=109|109=131,,,5|3|1,25,1,1,装备副属性
883,2504,110级_头_攻击向_魔法防御,0,魔法防御,,397,87=98|98=109|109=131,,,5|3|1,25,1,1,装备副属性
884,2504,110级_头_攻击向_蓝量,0,蓝量,,395,87=98|98=109|109=131,,,5|3|1,25,1,1,装备副属性
885,2504,110级_头_攻击向_暴击防护,0,暴击防护,,57,5=5|5=6|6=7,,,5|3|1,25,1,2,装备副属性
886,2504,110级_头_攻击向_生命值,0,生命值,,392,87=98|98=109|109=131,,,5|3|1,25,1,1,装备副属性
887,2505,110级_足/尾_防御向_物理攻击,0,物理攻击,,402,360=410|410=450|450=540,,,5|3|1,25,1,2,装备副属性
888,2505,110级_足/尾_防御向_魔法攻击,0,魔法攻击,,403,360=410|410=450|450=540,,,5|3|1,25,1,2,装备副属性
889,2505,110级_足/尾_防御向_物理攻击,0,物理攻击,,393,87=98|98=109|109=131,,,5|3|1,25,1,1,装备副属性
890,2505,110级_足/尾_防御向_魔法攻击,0,魔法攻击,,394,87=98|98=109|109=131,,,5|3|1,25,1,1,装备副属性
891,2505,110级_足/尾_防御向_生命值,0,生命值,,392,87=98|98=109|109=131,,,5|3|1,50,1,1,装备副属性
892,2505,110级_足/尾_防御向_生命值,0,生命值,,401,540=610|610=680|680=810,,,5|3|1,50,1,2,装备副属性
893,2505,110级_足/尾_防御向_物理防御,0,物理防御,,396,87=98|98=109|109=131,,,5|3|1,50,1,1,装备副属性
894,2505,110级_足/尾_防御向_魔法防御,0,魔法防御,,397,87=98|98=109|109=131,,,5|3|1,50,1,1,装备副属性
895,2506,110级_饰品_攻击向_攻击速度%,0,攻击速度%,,71,360=410|410=450|450=540,,,5|3|1,10,1,2,装备副属性
896,2506,110级_饰品_攻击向_CD冷却加速%,0,CD冷却加速%,,433,360=410|410=450|450=540,,,5|3|1,10,1,2,装备副属性
897,2506,110级_饰品_攻击向_物理攻击,0,物理攻击,,402,360=410|410=450|450=540,,,5|3|1,40,1,2,装备副属性
898,2506,110级_饰品_攻击向_魔法攻击,0,魔法攻击,,403,360=410|410=450|450=540,,,5|3|1,40,1,2,装备副属性
899,2506,110级_饰品_攻击向_蓝量,0,蓝量,,395,87=98|98=109|109=131,,,5|3|1,25,1,1,装备副属性
900,2506,110级_饰品_攻击向_生命值,0,生命值,,401,540=610|610=680|680=810,,,5|3|1,25,1,2,装备副属性
901,2506,110级_饰品_攻击向_物理防御,0,物理防御,,396,87=98|98=109|109=131,,,5|3|1,25,1,1,装备副属性
902,2506,110级_饰品_攻击向_魔法防御,0,魔法防御,,397,87=98|98=109|109=131,,,5|3|1,25,1,1,装备副属性
903,2507,110级_饰品_攻击向_攻击速度%,0,攻击速度%,,71,360=410|410=450|450=540,,,5|3|1,10,1,2,装备副属性
904,2507,110级_饰品_攻击向_CD冷却加速%,0,CD冷却加速%,,433,360=410|410=450|450=540,,,5|3|1,10,1,2,装备副属性
905,2507,110级_饰品_攻击向_物理攻击,0,物理攻击,,402,360=410|410=450|450=540,,,5|3|1,40,1,2,装备副属性
906,2507,110级_饰品_攻击向_魔法攻击,0,魔法攻击,,403,360=410|410=450|450=540,,,5|3|1,40,1,2,装备副属性
907,2507,110级_饰品_攻击向_蓝量,0,蓝量,,395,87=98|98=109|109=131,,,5|3|1,25,1,1,装备副属性
908,2507,110级_饰品_攻击向_生命值,0,生命值,,401,540=610|610=680|680=810,,,5|3|1,25,1,2,装备副属性
909,2507,110级_饰品_攻击向_物理防御,0,物理防御,,396,87=98|98=109|109=131,,,5|3|1,25,1,1,装备副属性
910,2507,110级_饰品_攻击向_魔法防御,0,魔法防御,,397,87=98|98=109|109=131,,,5|3|1,25,1,1,装备副属性
911,2508,110级_饰品_防御向_攻击速度%,0,攻击速度%,,71,360=410|410=450|450=540,,,5|3|1,10,1,2,装备副属性
912,2508,110级_饰品_防御向_CD冷却加速%,0,CD冷却加速%,,433,360=410|410=450|450=540,,,5|3|1,10,1,2,装备副属性
913,2508,110级_饰品_防御向_物理攻击,0,物理攻击,,402,360=410|410=450|450=540,,,5|3|1,40,1,2,装备副属性
914,2508,110级_饰品_防御向_魔法攻击,0,魔法攻击,,403,360=410|410=450|450=540,,,5|3|1,40,1,2,装备副属性
915,2508,110级_饰品_防御向_蓝量,0,蓝量,,395,87=98|98=109|109=131,,,5|3|1,25,1,1,装备副属性
916,2508,110级_饰品_防御向_生命值,0,生命值,,401,540=610|610=680|680=810,,,5|3|1,25,1,2,装备副属性
917,2508,110级_饰品_防御向_物理防御,0,物理防御,,396,87=98|98=109|109=131,,,5|3|1,25,1,1,装备副属性
918,2508,110级_饰品_防御向_魔法防御,0,魔法防御,,397,87=98|98=109|109=131,,,5|3|1,25,1,1,装备副属性
919,2600,120级_武器_物理攻击_暴击,0,暴击,,55,5=5|5=6|6=7,,,5|3|1,50,1,2,装备副属性
920,2600,120级_武器_物理攻击_暴伤%,0,暴伤%,,59,400=450|450=500|500=600,,,5|3|1,50,1,2,装备副属性
921,2600,120级_武器_物理攻击_物伤加成%,0,物伤加成%,,65,400=450|450=500|500=600,,,5|3|1,25,1,2,装备副属性
922,2600,120级_武器_物理攻击_物理防御,0,物理防御,,396,96=108|108=120|120=144,,,5|3|1,25,1,1,装备副属性
923,2600,120级_武器_物理攻击_魔法防御,0,魔法防御,,397,96=108|108=120|120=144,,,5|3|1,25,1,1,装备副属性
924,2600,120级_武器_物理攻击_蓝量,0,蓝量,,395,96=108|108=120|120=144,,,5|3|1,25,1,1,装备副属性
925,2600,120级_武器_物理攻击_暴击防护,0,暴击防护,,57,5=5|5=6|6=7,,,5|3|1,25,1,2,装备副属性
926,2600,120级_武器_物理攻击_生命值,0,生命值,,392,96=108|108=120|120=144,,,5|3|1,25,1,1,装备副属性
927,2601,120级_武器_魔法攻击_暴击,0,暴击,,55,5=5|5=6|6=7,,,5|3|1,50,1,2,装备副属性
928,2601,120级_武器_魔法攻击_暴伤%,0,暴伤%,,59,400=450|450=500|500=600,,,5|3|1,50,1,2,装备副属性
929,2601,120级_武器_魔法攻击_魔伤加成%,0,魔伤加成%,,66,400=450|450=500|500=600,,,5|3|1,25,1,2,装备副属性
930,2601,120级_武器_魔法攻击_物理防御,0,物理防御,,396,96=108|108=120|120=144,,,5|3|1,25,1,1,装备副属性
931,2601,120级_武器_魔法攻击_魔法防御,0,魔法防御,,397,96=108|108=120|120=144,,,5|3|1,25,1,1,装备副属性
932,2601,120级_武器_魔法攻击_蓝量,0,蓝量,,395,96=108|108=120|120=144,,,5|3|1,25,1,1,装备副属性
933,2601,120级_武器_魔法攻击_暴击防护,0,暴击防护,,57,5=5|5=6|6=7,,,5|3|1,25,1,2,装备副属性
934,2601,120级_武器_魔法攻击_生命值,0,生命值,,392,96=108|108=120|120=144,,,5|3|1,25,1,1,装备副属性
935,2602,120级_身_生命_物理攻击,0,物理攻击,,402,400=450|450=500|500=600,,,5|3|1,25,1,2,装备副属性
936,2602,120级_身_生命_魔法攻击,0,魔法攻击,,403,400=450|450=500|500=600,,,5|3|1,25,1,2,装备副属性
937,2602,120级_身_生命_物理攻击,0,物理攻击,,393,96=108|108=120|120=144,,,5|3|1,25,1,1,装备副属性
938,2602,120级_身_生命_魔法攻击,0,魔法攻击,,394,96=108|108=120|120=144,,,5|3|1,25,1,1,装备副属性
939,2602,120级_身_生命_生命值,0,生命值,,392,96=108|108=120|120=144,,,5|3|1,50,1,1,装备副属性
940,2602,120级_身_生命_生命值,0,生命值,,401,600=680|680=750|750=900,,,5|3|1,50,1,2,装备副属性
941,2602,120级_身_生命_物理防御,0,物理防御,,396,96=108|108=120|120=144,,,5|3|1,50,1,1,装备副属性
942,2602,120级_身_生命_魔法防御,0,魔法防御,,397,96=108|108=120|120=144,,,5|3|1,50,1,1,装备副属性
943,2603,120级_头_攻击向_暴击,0,暴击,,55,5=5|5=6|6=7,,,5|3|1,50,1,2,装备副属性
944,2603,120级_头_攻击向_暴伤%,0,暴伤%,,59,400=450|450=500|500=600,,,5|3|1,50,1,2,装备副属性
945,2603,120级_头_攻击向_物伤加成%,0,物伤加成%,,65,400=450|450=500|500=600,,,5|3|1,25,1,2,装备副属性
946,2603,120级_头_攻击向_物理防御,0,物理防御,,396,96=108|108=120|120=144,,,5|3|1,25,1,1,装备副属性
947,2603,120级_头_攻击向_魔法防御,0,魔法防御,,397,96=108|108=120|120=144,,,5|3|1,25,1,1,装备副属性
948,2603,120级_头_攻击向_蓝量,0,蓝量,,395,96=108|108=120|120=144,,,5|3|1,25,1,1,装备副属性
949,2603,120级_头_攻击向_暴击防护,0,暴击防护,,57,5=5|5=6|6=7,,,5|3|1,25,1,2,装备副属性
950,2603,120级_头_攻击向_生命值,0,生命值,,392,96=108|108=120|120=144,,,5|3|1,25,1,1,装备副属性
951,2604,120级_头_攻击向_暴击,0,暴击,,55,5=5|5=6|6=7,,,5|3|1,50,1,2,装备副属性
952,2604,120级_头_攻击向_暴伤%,0,暴伤%,,59,400=450|450=500|500=600,,,5|3|1,50,1,2,装备副属性
953,2604,120级_头_攻击向_魔伤加成%,0,魔伤加成%,,66,400=450|450=500|500=600,,,5|3|1,25,1,2,装备副属性
954,2604,120级_头_攻击向_物理防御,0,物理防御,,396,96=108|108=120|120=144,,,5|3|1,25,1,1,装备副属性
955,2604,120级_头_攻击向_魔法防御,0,魔法防御,,397,96=108|108=120|120=144,,,5|3|1,25,1,1,装备副属性
956,2604,120级_头_攻击向_蓝量,0,蓝量,,395,96=108|108=120|120=144,,,5|3|1,25,1,1,装备副属性
957,2604,120级_头_攻击向_暴击防护,0,暴击防护,,57,5=5|5=6|6=7,,,5|3|1,25,1,2,装备副属性
958,2604,120级_头_攻击向_生命值,0,生命值,,392,96=108|108=120|120=144,,,5|3|1,25,1,1,装备副属性
959,2605,120级_足/尾_防御向_物理攻击,0,物理攻击,,402,400=450|450=500|500=600,,,5|3|1,25,1,2,装备副属性
960,2605,120级_足/尾_防御向_魔法攻击,0,魔法攻击,,403,400=450|450=500|500=600,,,5|3|1,25,1,2,装备副属性
961,2605,120级_足/尾_防御向_物理攻击,0,物理攻击,,393,96=108|108=120|120=144,,,5|3|1,25,1,1,装备副属性
962,2605,120级_足/尾_防御向_魔法攻击,0,魔法攻击,,394,96=108|108=120|120=144,,,5|3|1,25,1,1,装备副属性
963,2605,120级_足/尾_防御向_生命值,0,生命值,,392,96=108|108=120|120=144,,,5|3|1,50,1,1,装备副属性
964,2605,120级_足/尾_防御向_生命值,0,生命值,,401,600=680|680=750|750=900,,,5|3|1,50,1,2,装备副属性
965,2605,120级_足/尾_防御向_物理防御,0,物理防御,,396,96=108|108=120|120=144,,,5|3|1,50,1,1,装备副属性
966,2605,120级_足/尾_防御向_魔法防御,0,魔法防御,,397,96=108|108=120|120=144,,,5|3|1,50,1,1,装备副属性
967,2606,120级_饰品_攻击向_攻击速度%,0,攻击速度%,,71,400=450|450=500|500=600,,,5|3|1,10,1,2,装备副属性
968,2606,120级_饰品_攻击向_CD冷却加速%,0,CD冷却加速%,,433,400=450|450=500|500=600,,,5|3|1,10,1,2,装备副属性
969,2606,120级_饰品_攻击向_物理攻击,0,物理攻击,,402,400=450|450=500|500=600,,,5|3|1,40,1,2,装备副属性
970,2606,120级_饰品_攻击向_魔法攻击,0,魔法攻击,,403,400=450|450=500|500=600,,,5|3|1,40,1,2,装备副属性
971,2606,120级_饰品_攻击向_蓝量,0,蓝量,,395,96=108|108=120|120=144,,,5|3|1,25,1,1,装备副属性
972,2606,120级_饰品_攻击向_生命值,0,生命值,,401,600=680|680=750|750=900,,,5|3|1,25,1,2,装备副属性
973,2606,120级_饰品_攻击向_物理防御,0,物理防御,,396,96=108|108=120|120=144,,,5|3|1,25,1,1,装备副属性
974,2606,120级_饰品_攻击向_魔法防御,0,魔法防御,,397,96=108|108=120|120=144,,,5|3|1,25,1,1,装备副属性
975,2607,120级_饰品_攻击向_攻击速度%,0,攻击速度%,,71,400=450|450=500|500=600,,,5|3|1,10,1,2,装备副属性
976,2607,120级_饰品_攻击向_CD冷却加速%,0,CD冷却加速%,,433,400=450|450=500|500=600,,,5|3|1,10,1,2,装备副属性
977,2607,120级_饰品_攻击向_物理攻击,0,物理攻击,,402,400=450|450=500|500=600,,,5|3|1,40,1,2,装备副属性
978,2607,120级_饰品_攻击向_魔法攻击,0,魔法攻击,,403,400=450|450=500|500=600,,,5|3|1,40,1,2,装备副属性
979,2607,120级_饰品_攻击向_蓝量,0,蓝量,,395,96=108|108=120|120=144,,,5|3|1,25,1,1,装备副属性
980,2607,120级_饰品_攻击向_生命值,0,生命值,,401,600=680|680=750|750=900,,,5|3|1,25,1,2,装备副属性
981,2607,120级_饰品_攻击向_物理防御,0,物理防御,,396,96=108|108=120|120=144,,,5|3|1,25,1,1,装备副属性
982,2607,120级_饰品_攻击向_魔法防御,0,魔法防御,,397,96=108|108=120|120=144,,,5|3|1,25,1,1,装备副属性
983,2608,120级_饰品_防御向_攻击速度%,0,攻击速度%,,71,400=450|450=500|500=600,,,5|3|1,10,1,2,装备副属性
984,2608,120级_饰品_防御向_CD冷却加速%,0,CD冷却加速%,,433,400=450|450=500|500=600,,,5|3|1,10,1,2,装备副属性
985,2608,120级_饰品_防御向_物理攻击,0,物理攻击,,402,400=450|450=500|500=600,,,5|3|1,40,1,2,装备副属性
986,2608,120级_饰品_防御向_魔法攻击,0,魔法攻击,,403,400=450|450=500|500=600,,,5|3|1,40,1,2,装备副属性
987,2608,120级_饰品_防御向_蓝量,0,蓝量,,395,96=108|108=120|120=144,,,5|3|1,25,1,1,装备副属性
988,2608,120级_饰品_防御向_生命值,0,生命值,,401,600=680|680=750|750=900,,,5|3|1,25,1,2,装备副属性
989,2608,120级_饰品_防御向_物理防御,0,物理防御,,396,96=108|108=120|120=144,,,5|3|1,25,1,1,装备副属性
990,2608,120级_饰品_防御向_魔法防御,0,魔法防御,,397,96=108|108=120|120=144,,,5|3|1,25,1,1,装备副属性
991,5010,宠物随机词条库_1品质,0,减免X%受到的物理攻击,,67,250=450,,,1,600,1,1,宠物随机词条
992,5010,宠物随机词条库_1品质,0,减免X%受到的魔法攻击,,68,250=450,,,1,600,1,1,宠物随机词条
993,5010,宠物随机词条库_1品质,0,受到风属性伤害减免,,182,350=600,,,1,300,1,1,宠物随机词条
994,5010,宠物随机词条库_1品质,0,受到地属性伤害减免,,183,350=600,,,1,300,1,1,宠物随机词条
995,5010,宠物随机词条库_1品质,0,受到火属性伤害减免,,184,350=600,,,1,300,1,1,宠物随机词条
996,5010,宠物随机词条库_1品质,0,受到水属性伤害减免,,185,350=600,,,1,300,1,1,宠物随机词条
997,5010,宠物随机词条库_1品质,0,受到无属性伤害减免,,186,350=600,,,1,300,1,1,宠物随机词条
998,5020,宠物随机词条库_2品质,0,减免X%受到的物理攻击,,67,250=450,,,1,600,1,1,宠物随机词条
999,5020,宠物随机词条库_2品质,0,减免X%受到的魔法攻击,,68,250=450,,,1,600,1,1,宠物随机词条
1000,5020,宠物随机词条库_2品质,0,受到风属性伤害减免,,182,350=600,,,1,300,1,1,宠物随机词条
1001,5020,宠物随机词条库_2品质,0,受到地属性伤害减免,,183,350=600,,,1,300,1,1,宠物随机词条
1002,5020,宠物随机词条库_2品质,0,受到火属性伤害减免,,184,350=600,,,1,300,1,1,宠物随机词条
1003,5020,宠物随机词条库_2品质,0,受到水属性伤害减免,,185,350=600,,,1,300,1,1,宠物随机词条
1004,5020,宠物随机词条库_2品质,0,受到无属性伤害减免,,186,350=600,,,1,300,1,1,宠物随机词条
1005,5020,宠物随机词条库_2品质,0,无视敌方X%物理防御,,44,300=550,,,1,480,1,1,宠物随机词条
1006,5020,宠物随机词条库_2品质,0,无视敌方X%魔法防御,,46,300=550,,,1,480,1,1,宠物随机词条
1007,5020,宠物随机词条库_2品质,0,暴击,,55,4=7,,,1,480,1,1,宠物随机词条
1008,5020,宠物随机词条库_2品质,0,暴击伤害,,59,300=550,,,1,240,1,1,宠物随机词条
1009,5020,宠物随机词条库_2品质,0,生命上限,,401,300=550,,,1,960,1,1,宠物随机词条
1010,5020,宠物随机词条库_2品质,0,风属性技能伤害,,172,300=550,,,1,80,1,1,宠物随机词条
1011,5020,宠物随机词条库_2品质,0,地属性技能伤害,,173,300=550,,,1,80,1,1,宠物随机词条
1012,5020,宠物随机词条库_2品质,0,火属性技能伤害,,174,300=550,,,1,80,1,1,宠物随机词条
1013,5020,宠物随机词条库_2品质,0,水属性技能伤害,,175,300=550,,,1,80,1,1,宠物随机词条
1014,5020,宠物随机词条库_2品质,0,无属性技能伤害,,176,300=550,,,1,80,1,1,宠物随机词条
1015,5020,宠物随机词条库_2品质,0,攻击速度,,71,300=550,,,1,80,1,1,宠物随机词条
1016,5020,宠物随机词条库_2品质,0,百_CD冷却加速%,,433,400=700,,,1,80,1,1,宠物随机词条
1017,5030,宠物随机词条库_3品质,0,减免X%受到的物理攻击,,67,250=450,,,1,600,1,1,宠物随机词条
1018,5030,宠物随机词条库_3品质,0,减免X%受到的魔法攻击,,68,250=450,,,1,600,1,1,宠物随机词条
1019,5030,宠物随机词条库_3品质,0,受到风属性伤害减免,,182,350=600,,,1,300,1,1,宠物随机词条
1020,5030,宠物随机词条库_3品质,0,受到地属性伤害减免,,183,350=600,,,1,300,1,1,宠物随机词条
1021,5030,宠物随机词条库_3品质,0,受到火属性伤害减免,,184,350=600,,,1,300,1,1,宠物随机词条
1022,5030,宠物随机词条库_3品质,0,受到水属性伤害减免,,185,350=600,,,1,300,1,1,宠物随机词条
1023,5030,宠物随机词条库_3品质,0,受到无属性伤害减免,,186,350=600,,,1,300,1,1,宠物随机词条
1024,5030,宠物随机词条库_3品质,0,无视敌方X%物理防御,,44,300=550,,,1,480,1,1,宠物随机词条
1025,5030,宠物随机词条库_3品质,0,无视敌方X%魔法防御,,46,300=550,,,1,480,1,1,宠物随机词条
1026,5030,宠物随机词条库_3品质,0,暴击,,55,4=7,,,1,480,1,1,宠物随机词条
1027,5030,宠物随机词条库_3品质,0,暴击伤害,,59,300=550,,,1,240,1,1,宠物随机词条
1028,5030,宠物随机词条库_3品质,0,生命上限,,401,300=550,,,1,960,1,1,宠物随机词条
1029,5030,宠物随机词条库_3品质,0,风属性技能伤害,,172,300=550,,,1,80,1,1,宠物随机词条
1030,5030,宠物随机词条库_3品质,0,地属性技能伤害,,173,300=550,,,1,80,1,1,宠物随机词条
1031,5030,宠物随机词条库_3品质,0,火属性技能伤害,,174,300=550,,,1,80,1,1,宠物随机词条
1032,5030,宠物随机词条库_3品质,0,水属性技能伤害,,175,300=550,,,1,80,1,1,宠物随机词条
1033,5030,宠物随机词条库_3品质,0,无属性技能伤害,,176,300=550,,,1,80,1,1,宠物随机词条
1034,5030,宠物随机词条库_3品质,0,攻击速度,,71,300=550,,,1,80,1,1,宠物随机词条
1035,5030,宠物随机词条库_3品质,0,百_CD冷却加速%,,433,400=700,,,1,80,1,1,宠物随机词条
1036,5030,宠物随机词条库_3品质,0,减免X%受到的物理攻击,,67,350=600,,,1,360,1,1,宠物随机词条
1037,5030,宠物随机词条库_3品质,0,减免X%受到的魔法攻击,,68,350=600,,,1,360,1,1,宠物随机词条
1038,5030,宠物随机词条库_3品质,0,受到风属性伤害减免,,182,450=800,,,1,180,1,1,宠物随机词条
1039,5030,宠物随机词条库_3品质,0,受到地属性伤害减免,,183,450=800,,,1,180,1,1,宠物随机词条
1040,5030,宠物随机词条库_3品质,0,受到火属性伤害减免,,184,450=800,,,1,180,1,1,宠物随机词条
1041,5030,宠物随机词条库_3品质,0,受到水属性伤害减免,,185,450=800,,,1,180,1,1,宠物随机词条
1042,5030,宠物随机词条库_3品质,0,受到无属性伤害减免,,186,450=800,,,1,180,1,1,宠物随机词条
1043,5040,宠物随机词条库_4品质,0,减免X%受到的物理攻击,,67,250=450,,,1,600,1,1,宠物随机词条
1044,5040,宠物随机词条库_4品质,0,减免X%受到的魔法攻击,,68,250=450,,,1,600,1,1,宠物随机词条
1045,5040,宠物随机词条库_4品质,0,受到风属性伤害减免,,182,350=600,,,1,300,1,1,宠物随机词条
1046,5040,宠物随机词条库_4品质,0,受到地属性伤害减免,,183,350=600,,,1,300,1,1,宠物随机词条
1047,5040,宠物随机词条库_4品质,0,受到火属性伤害减免,,184,350=600,,,1,300,1,1,宠物随机词条
1048,5040,宠物随机词条库_4品质,0,受到水属性伤害减免,,185,350=600,,,1,300,1,1,宠物随机词条
1049,5040,宠物随机词条库_4品质,0,受到无属性伤害减免,,186,350=600,,,1,300,1,1,宠物随机词条
1050,5040,宠物随机词条库_4品质,0,无视敌方X%物理防御,,44,300=550,,,1,480,1,1,宠物随机词条
1051,5040,宠物随机词条库_4品质,0,无视敌方X%魔法防御,,46,300=550,,,1,480,1,1,宠物随机词条
1052,5040,宠物随机词条库_4品质,0,暴击,,55,4=7,,,1,480,1,1,宠物随机词条
1053,5040,宠物随机词条库_4品质,0,暴击伤害,,59,300=550,,,1,240,1,1,宠物随机词条
1054,5040,宠物随机词条库_4品质,0,生命上限,,401,300=550,,,1,960,1,1,宠物随机词条
1055,5040,宠物随机词条库_4品质,0,风属性技能伤害,,172,300=550,,,1,80,1,1,宠物随机词条
1056,5040,宠物随机词条库_4品质,0,地属性技能伤害,,173,300=550,,,1,80,1,1,宠物随机词条
1057,5040,宠物随机词条库_4品质,0,火属性技能伤害,,174,300=550,,,1,80,1,1,宠物随机词条
1058,5040,宠物随机词条库_4品质,0,水属性技能伤害,,175,300=550,,,1,80,1,1,宠物随机词条
1059,5040,宠物随机词条库_4品质,0,无属性技能伤害,,176,300=550,,,1,80,1,1,宠物随机词条
1060,5040,宠物随机词条库_4品质,0,攻击速度,,71,300=550,,,1,80,1,1,宠物随机词条
1061,5040,宠物随机词条库_4品质,0,百_CD冷却加速%,,433,400=700,,,1,80,1,1,宠物随机词条
1062,5040,宠物随机词条库_4品质,0,减免X%受到的物理攻击,,67,350=600,,,1,360,1,1,宠物随机词条
1063,5040,宠物随机词条库_4品质,0,减免X%受到的魔法攻击,,68,350=600,,,1,360,1,1,宠物随机词条
1064,5040,宠物随机词条库_4品质,0,受到风属性伤害减免,,182,450=800,,,1,180,1,1,宠物随机词条
1065,5040,宠物随机词条库_4品质,0,受到地属性伤害减免,,183,450=800,,,1,180,1,1,宠物随机词条
1066,5040,宠物随机词条库_4品质,0,受到火属性伤害减免,,184,450=800,,,1,180,1,1,宠物随机词条
1067,5040,宠物随机词条库_4品质,0,受到水属性伤害减免,,185,450=800,,,1,180,1,1,宠物随机词条
1068,5040,宠物随机词条库_4品质,0,受到无属性伤害减免,,186,450=800,,,1,180,1,1,宠物随机词条
1069,5040,宠物随机词条库_4品质,0,无视敌方X%物理防御,,44,400=700,,,1,240,1,1,宠物随机词条
1070,5040,宠物随机词条库_4品质,0,无视敌方X%魔法防御,,46,400=700,,,1,240,1,1,宠物随机词条
1071,5040,宠物随机词条库_4品质,0,暴击,,55,5=9,,,1,240,1,1,宠物随机词条
1072,5040,宠物随机词条库_4品质,0,暴击伤害,,59,400=700,,,1,120,1,1,宠物随机词条
1073,5040,宠物随机词条库_4品质,0,生命上限,,401,400=700,,,1,480,1,1,宠物随机词条
1074,5040,宠物随机词条库_4品质,0,风属性技能伤害,,172,400=700,,,1,40,1,1,宠物随机词条
1075,5040,宠物随机词条库_4品质,0,地属性技能伤害,,173,400=700,,,1,40,1,1,宠物随机词条
1076,5040,宠物随机词条库_4品质,0,火属性技能伤害,,174,400=700,,,1,40,1,1,宠物随机词条
1077,5040,宠物随机词条库_4品质,0,水属性技能伤害,,175,400=700,,,1,40,1,1,宠物随机词条
1078,5040,宠物随机词条库_4品质,0,无属性技能伤害,,176,400=700,,,1,40,1,1,宠物随机词条
1079,5040,宠物随机词条库_4品质,0,攻击速度,,71,400=700,,,1,40,1,1,宠物随机词条
1080,5040,宠物随机词条库_4品质,0,百_CD冷却加速%,,433,500=900,,,1,40,1,1,宠物随机词条
1081,5050,宠物随机词条库_5品质,0,减免X%受到的物理攻击,,67,250=450,,,1,600,1,1,宠物随机词条
1082,5050,宠物随机词条库_5品质,0,减免X%受到的魔法攻击,,68,250=450,,,1,600,1,1,宠物随机词条
1083,5050,宠物随机词条库_5品质,0,受到风属性伤害减免,,182,350=600,,,1,300,1,1,宠物随机词条
1084,5050,宠物随机词条库_5品质,0,受到地属性伤害减免,,183,350=600,,,1,300,1,1,宠物随机词条
1085,5050,宠物随机词条库_5品质,0,受到火属性伤害减免,,184,350=600,,,1,300,1,1,宠物随机词条
1086,5050,宠物随机词条库_5品质,0,受到水属性伤害减免,,185,350=600,,,1,300,1,1,宠物随机词条
1087,5050,宠物随机词条库_5品质,0,受到无属性伤害减免,,186,350=600,,,1,300,1,1,宠物随机词条
1088,5050,宠物随机词条库_5品质,0,无视敌方X%物理防御,,44,300=550,,,1,480,1,1,宠物随机词条
1089,5050,宠物随机词条库_5品质,0,无视敌方X%魔法防御,,46,300=550,,,1,480,1,1,宠物随机词条
1090,5050,宠物随机词条库_5品质,0,暴击,,55,4=7,,,1,480,1,1,宠物随机词条
1091,5050,宠物随机词条库_5品质,0,暴击伤害,,59,300=550,,,1,240,1,1,宠物随机词条
1092,5050,宠物随机词条库_5品质,0,生命上限,,401,300=550,,,1,960,1,1,宠物随机词条
1093,5050,宠物随机词条库_5品质,0,风属性技能伤害,,172,300=550,,,1,80,1,1,宠物随机词条
1094,5050,宠物随机词条库_5品质,0,地属性技能伤害,,173,300=550,,,1,80,1,1,宠物随机词条
1095,5050,宠物随机词条库_5品质,0,火属性技能伤害,,174,300=550,,,1,80,1,1,宠物随机词条
1096,5050,宠物随机词条库_5品质,0,水属性技能伤害,,175,300=550,,,1,80,1,1,宠物随机词条
1097,5050,宠物随机词条库_5品质,0,无属性技能伤害,,176,300=550,,,1,80,1,1,宠物随机词条
1098,5050,宠物随机词条库_5品质,0,攻击速度,,71,300=550,,,1,80,1,1,宠物随机词条
1099,5050,宠物随机词条库_5品质,0,百_CD冷却加速%,,433,400=700,,,1,80,1,1,宠物随机词条
1100,5050,宠物随机词条库_5品质,0,减免X%受到的物理攻击,,67,350=600,,,1,360,1,1,宠物随机词条
1101,5050,宠物随机词条库_5品质,0,减免X%受到的魔法攻击,,68,350=600,,,1,360,1,1,宠物随机词条
1102,5050,宠物随机词条库_5品质,0,受到风属性伤害减免,,182,450=800,,,1,180,1,1,宠物随机词条
1103,5050,宠物随机词条库_5品质,0,受到地属性伤害减免,,183,450=800,,,1,180,1,1,宠物随机词条
1104,5050,宠物随机词条库_5品质,0,受到火属性伤害减免,,184,450=800,,,1,180,1,1,宠物随机词条
1105,5050,宠物随机词条库_5品质,0,受到水属性伤害减免,,185,450=800,,,1,180,1,1,宠物随机词条
1106,5050,宠物随机词条库_5品质,0,受到无属性伤害减免,,186,450=800,,,1,180,1,1,宠物随机词条
1107,5050,宠物随机词条库_5品质,0,无视敌方X%物理防御,,44,400=700,,,1,240,1,1,宠物随机词条
1108,5050,宠物随机词条库_5品质,0,无视敌方X%魔法防御,,46,400=700,,,1,240,1,1,宠物随机词条
1109,5050,宠物随机词条库_5品质,0,暴击,,55,5=9,,,1,240,1,1,宠物随机词条
1110,5050,宠物随机词条库_5品质,0,暴击伤害,,59,400=700,,,1,120,1,1,宠物随机词条
1111,5050,宠物随机词条库_5品质,0,生命上限,,401,400=700,,,1,480,1,1,宠物随机词条
1112,5050,宠物随机词条库_5品质,0,风属性技能伤害,,172,400=700,,,1,40,1,1,宠物随机词条
1113,5050,宠物随机词条库_5品质,0,地属性技能伤害,,173,400=700,,,1,40,1,1,宠物随机词条
1114,5050,宠物随机词条库_5品质,0,火属性技能伤害,,174,400=700,,,1,40,1,1,宠物随机词条
1115,5050,宠物随机词条库_5品质,0,水属性技能伤害,,175,400=700,,,1,40,1,1,宠物随机词条
1116,5050,宠物随机词条库_5品质,0,无属性技能伤害,,176,400=700,,,1,40,1,1,宠物随机词条
1117,5050,宠物随机词条库_5品质,0,攻击速度,,71,400=700,,,1,40,1,1,宠物随机词条
1118,5050,宠物随机词条库_5品质,0,百_CD冷却加速%,,433,500=900,,,1,40,1,1,宠物随机词条
1119,5050,宠物随机词条库_5品质,0,无视敌方X%物理防御,,44,450=800,,,1,120,1,1,宠物随机词条
1120,5050,宠物随机词条库_5品质,0,无视敌方X%魔法防御,,46,450=800,,,1,120,1,1,宠物随机词条
1121,5050,宠物随机词条库_5品质,0,减免X%受到的物理攻击,,67,450=800,,,1,120,1,1,宠物随机词条
1122,5050,宠物随机词条库_5品质,0,减免X%受到的魔法攻击,,68,450=800,,,1,120,1,1,宠物随机词条
1123,5050,宠物随机词条库_5品质,0,暴击,,55,6=10,,,1,120,1,1,宠物随机词条
1124,5050,宠物随机词条库_5品质,0,暴击伤害,,59,450=800,,,1,60,1,1,宠物随机词条
1125,5050,宠物随机词条库_5品质,0,生命上限,,401,450=800,,,1,240,1,1,宠物随机词条
1126,5050,宠物随机词条库_5品质,0,风属性技能伤害,,172,450=800,,,1,20,1,1,宠物随机词条
1127,5050,宠物随机词条库_5品质,0,地属性技能伤害,,173,450=800,,,1,20,1,1,宠物随机词条
1128,5050,宠物随机词条库_5品质,0,火属性技能伤害,,174,450=800,,,1,20,1,1,宠物随机词条
1129,5050,宠物随机词条库_5品质,0,水属性技能伤害,,175,450=800,,,1,20,1,1,宠物随机词条
1130,5050,宠物随机词条库_5品质,0,无属性技能伤害,,176,450=800,,,1,20,1,1,宠物随机词条
1131,5050,宠物随机词条库_5品质,0,受到风属性伤害减免,,182,600=1000,,,1,60,1,1,宠物随机词条
1132,5050,宠物随机词条库_5品质,0,受到地属性伤害减免,,183,600=1000,,,1,60,1,1,宠物随机词条
1133,5050,宠物随机词条库_5品质,0,受到火属性伤害减免,,184,600=1000,,,1,60,1,1,宠物随机词条
1134,5050,宠物随机词条库_5品质,0,受到水属性伤害减免,,185,600=1000,,,1,60,1,1,宠物随机词条
1135,5050,宠物随机词条库_5品质,0,受到无属性伤害减免,,186,600=1000,,,1,60,1,1,宠物随机词条
1136,5050,宠物随机词条库_5品质,0,攻击速度,,71,450=800,,,1,20,1,1,宠物随机词条
1137,5050,宠物随机词条库_5品质,0,百_CD冷却加速%,,433,600=1000,,,1,20,1,1,宠物随机词条
1138,5060,宠物随机词条库_6品质,0,减免X%受到的物理攻击,,67,250=450,,,1,600,1,1,宠物随机词条
1139,5060,宠物随机词条库_6品质,0,减免X%受到的魔法攻击,,68,250=450,,,1,600,1,1,宠物随机词条
1140,5060,宠物随机词条库_6品质,0,受到风属性伤害减免,,182,350=600,,,1,300,1,1,宠物随机词条
1141,5060,宠物随机词条库_6品质,0,受到地属性伤害减免,,183,350=600,,,1,300,1,1,宠物随机词条
1142,5060,宠物随机词条库_6品质,0,受到火属性伤害减免,,184,350=600,,,1,300,1,1,宠物随机词条
1143,5060,宠物随机词条库_6品质,0,受到水属性伤害减免,,185,350=600,,,1,300,1,1,宠物随机词条
1144,5060,宠物随机词条库_6品质,0,受到无属性伤害减免,,186,350=600,,,1,300,1,1,宠物随机词条
1145,5060,宠物随机词条库_6品质,0,无视敌方X%物理防御,,44,300=550,,,1,480,1,1,宠物随机词条
1146,5060,宠物随机词条库_6品质,0,无视敌方X%魔法防御,,46,300=550,,,1,480,1,1,宠物随机词条
1147,5060,宠物随机词条库_6品质,0,暴击,,55,4=7,,,1,480,1,1,宠物随机词条
1148,5060,宠物随机词条库_6品质,0,暴击伤害,,59,300=550,,,1,240,1,1,宠物随机词条
1149,5060,宠物随机词条库_6品质,0,生命上限,,401,300=550,,,1,960,1,1,宠物随机词条
1150,5060,宠物随机词条库_6品质,0,风属性技能伤害,,172,300=550,,,1,80,1,1,宠物随机词条
1151,5060,宠物随机词条库_6品质,0,地属性技能伤害,,173,300=550,,,1,80,1,1,宠物随机词条
1152,5060,宠物随机词条库_6品质,0,火属性技能伤害,,174,300=550,,,1,80,1,1,宠物随机词条
1153,5060,宠物随机词条库_6品质,0,水属性技能伤害,,175,300=550,,,1,80,1,1,宠物随机词条
1154,5060,宠物随机词条库_6品质,0,无属性技能伤害,,176,300=550,,,1,80,1,1,宠物随机词条
1155,5060,宠物随机词条库_6品质,0,攻击速度,,71,300=550,,,1,80,1,1,宠物随机词条
1156,5060,宠物随机词条库_6品质,0,百_CD冷却加速%,,433,400=700,,,1,80,1,1,宠物随机词条
1157,5060,宠物随机词条库_6品质,0,减免X%受到的物理攻击,,67,350=600,,,1,360,1,1,宠物随机词条
1158,5060,宠物随机词条库_6品质,0,减免X%受到的魔法攻击,,68,350=600,,,1,360,1,1,宠物随机词条
1159,5060,宠物随机词条库_6品质,0,受到风属性伤害减免,,182,450=800,,,1,180,1,1,宠物随机词条
1160,5060,宠物随机词条库_6品质,0,受到地属性伤害减免,,183,450=800,,,1,180,1,1,宠物随机词条
1161,5060,宠物随机词条库_6品质,0,受到火属性伤害减免,,184,450=800,,,1,180,1,1,宠物随机词条
1162,5060,宠物随机词条库_6品质,0,受到水属性伤害减免,,185,450=800,,,1,180,1,1,宠物随机词条
1163,5060,宠物随机词条库_6品质,0,受到无属性伤害减免,,186,450=800,,,1,180,1,1,宠物随机词条
1164,5060,宠物随机词条库_6品质,0,无视敌方X%物理防御,,44,400=700,,,1,240,1,1,宠物随机词条
1165,5060,宠物随机词条库_6品质,0,无视敌方X%魔法防御,,46,400=700,,,1,240,1,1,宠物随机词条
1166,5060,宠物随机词条库_6品质,0,暴击,,55,5=9,,,1,240,1,1,宠物随机词条
1167,5060,宠物随机词条库_6品质,0,暴击伤害,,59,400=700,,,1,120,1,1,宠物随机词条
1168,5060,宠物随机词条库_6品质,0,生命上限,,401,400=700,,,1,480,1,1,宠物随机词条
1169,5060,宠物随机词条库_6品质,0,风属性技能伤害,,172,400=700,,,1,40,1,1,宠物随机词条
1170,5060,宠物随机词条库_6品质,0,地属性技能伤害,,173,400=700,,,1,40,1,1,宠物随机词条
1171,5060,宠物随机词条库_6品质,0,火属性技能伤害,,174,400=700,,,1,40,1,1,宠物随机词条
1172,5060,宠物随机词条库_6品质,0,水属性技能伤害,,175,400=700,,,1,40,1,1,宠物随机词条
1173,5060,宠物随机词条库_6品质,0,无属性技能伤害,,176,400=700,,,1,40,1,1,宠物随机词条
1174,5060,宠物随机词条库_6品质,0,攻击速度,,71,400=700,,,1,40,1,1,宠物随机词条
1175,5060,宠物随机词条库_6品质,0,百_CD冷却加速%,,433,500=900,,,1,40,1,1,宠物随机词条
1176,5060,宠物随机词条库_6品质,0,无视敌方X%物理防御,,44,450=800,,,1,120,1,1,宠物随机词条
1177,5060,宠物随机词条库_6品质,0,无视敌方X%魔法防御,,46,450=800,,,1,120,1,1,宠物随机词条
1178,5060,宠物随机词条库_6品质,0,减免X%受到的物理攻击,,67,450=800,,,1,120,1,1,宠物随机词条
1179,5060,宠物随机词条库_6品质,0,减免X%受到的魔法攻击,,68,450=800,,,1,120,1,1,宠物随机词条
1180,5060,宠物随机词条库_6品质,0,暴击,,55,6=10,,,1,120,1,1,宠物随机词条
1181,5060,宠物随机词条库_6品质,0,暴击伤害,,59,450=800,,,1,60,1,1,宠物随机词条
1182,5060,宠物随机词条库_6品质,0,生命上限,,401,450=800,,,1,240,1,1,宠物随机词条
1183,5060,宠物随机词条库_6品质,0,风属性技能伤害,,172,450=800,,,1,20,1,1,宠物随机词条
1184,5060,宠物随机词条库_6品质,0,地属性技能伤害,,173,450=800,,,1,20,1,1,宠物随机词条
1185,5060,宠物随机词条库_6品质,0,火属性技能伤害,,174,450=800,,,1,20,1,1,宠物随机词条
1186,5060,宠物随机词条库_6品质,0,水属性技能伤害,,175,450=800,,,1,20,1,1,宠物随机词条
1187,5060,宠物随机词条库_6品质,0,无属性技能伤害,,176,450=800,,,1,20,1,1,宠物随机词条
1188,5060,宠物随机词条库_6品质,0,受到风属性伤害减免,,182,600=1000,,,1,60,1,1,宠物随机词条
1189,5060,宠物随机词条库_6品质,0,受到地属性伤害减免,,183,600=1000,,,1,60,1,1,宠物随机词条
1190,5060,宠物随机词条库_6品质,0,受到火属性伤害减免,,184,600=1000,,,1,60,1,1,宠物随机词条
1191,5060,宠物随机词条库_6品质,0,受到水属性伤害减免,,185,600=1000,,,1,60,1,1,宠物随机词条
1192,5060,宠物随机词条库_6品质,0,受到无属性伤害减免,,186,600=1000,,,1,60,1,1,宠物随机词条
1193,5060,宠物随机词条库_6品质,0,攻击速度,,71,450=800,,,1,20,1,1,宠物随机词条
1194,5060,宠物随机词条库_6品质,0,百_CD冷却加速%,,433,600=1000,,,1,20,1,1,宠物随机词条
